datetime,odometry_mode,stage,episode,outcome,steps_to_goal,path_directness,min_obstacle_dist,near_collisions,success_rate,collision_rate,rolling_success_rate_100,rolling_collision_rate_100,rolling_success_rate_500,rolling_collision_rate_500
2026-05-29 08:20:27,twist,1,1,collision,-1,0.7474,0.1942,14,0.0,100.0,0.0,100.0,0.0,100.0
2026-05-29 08:20:38,twist,1,2,collision,-1,0.4441,0.1935,10,0.0,100.0,0.0,100.0,0.0,100.0
2026-05-29 08:20:40,twist,1,3,success,1,939.7122,2.3017,0,33.33,66.67,33.33,66.67,33.33,66.67
2026-05-29 08:46:06,twist,1,4,success,6,0.5729,1.4627,0,50.0,50.0,50.0,50.0,50.0,50.0
2026-05-29 08:46:51,twist,1,5,success,54,0.1252,0.9797,0,60.0,40.0,60.0,40.0,60.0,40.0
2026-05-29 08:47:19,twist,1,6,collision,-1,0.3369,0.1769,2,50.0,50.0,50.0,50.0,50.0,50.0
2026-05-29 08:48:24,twist,1,7,success,80,0.1614,0.6704,0,57.14,42.86,57.14,42.86,57.14,42.86
2026-05-29 08:50:35,twist,1,8,collision,-1,0.0526,0.12,1,50.0,50.0,50.0,50.0,50.0,50.0
2026-05-29 08:51:56,twist,1,9,collision,-1,0.1176,0.12,2,44.44,55.56,44.44,55.56,44.44,55.56
2026-05-29 08:53:13,twist,1,10,collision,-1,0.0484,0.12,1,40.0,60.0,40.0,60.0,40.0,60.0
2026-05-29 08:53:39,twist,1,11,collision,-1,0.2103,0.1205,1,36.36,63.64,36.36,63.64,36.36,63.64
2026-05-29 08:54:03,twist,1,12,collision,-1,0.4366,0.156,1,33.33,66.67,33.33,66.67,33.33,66.67
2026-05-29 08:54:23,twist,1,13,collision,-1,0.2798,0.12,5,30.77,69.23,30.77,69.23,30.77,69.23
2026-05-29 08:55:15,twist,1,14,success,62,0.1612,1.0053,0,35.71,64.29,35.71,64.29,35.71,64.29
2026-05-29 08:55:24,twist,1,15,collision,-1,0.6391,0.1971,2,33.33,66.67,33.33,66.67,33.33,66.67
2026-05-29 08:55:39,twist,1,16,collision,-1,0.6592,0.12,3,31.25,68.75,31.25,68.75,31.25,68.75
2026-05-29 08:57:02,twist,1,17,collision,-1,0.115,0.1605,1,29.41,70.59,29.41,70.59,29.41,70.59
2026-05-29 08:57:24,twist,1,18,collision,-1,0.3662,0.187,3,27.78,72.22,27.78,72.22,27.78,72.22
2026-05-29 08:57:34,twist,1,19,success,10,0.4995,1.6807,0,31.58,68.42,31.58,68.42,31.58,68.42
2026-05-29 08:58:13,twist,1,20,success,46,0.2001,0.5324,0,35.0,65.0,35.0,65.0,35.0,65.0
2026-05-29 08:58:44,twist,1,21,collision,-1,0.1816,0.1542,1,33.33,66.67,33.33,66.67,33.33,66.67
2026-05-29 08:58:49,twist,1,22,success,4,0.8582,1.6576,0,36.36,63.64,36.36,63.64,36.36,63.64
2026-05-29 09:00:05,twist,1,23,collision,-1,0.0933,0.1216,3,34.78,65.22,34.78,65.22,34.78,65.22
2026-05-29 09:01:08,twist,1,24,collision,-1,0.1654,0.1895,1,33.33,66.67,33.33,66.67,33.33,66.67
2026-05-29 09:01:11,twist,1,25,success,2,1.1968,1.7662,0,36.0,64.0,36.0,64.0,36.0,64.0
2026-05-29 09:03:26,twist,1,26,collision,-1,0.075,0.12,1,34.62,65.38,34.62,65.38,34.62,65.38
2026-05-29 09:03:40,twist,1,27,collision,-1,0.7466,0.12,3,33.33,66.67,33.33,66.67,33.33,66.67
2026-05-29 09:04:27,twist,1,28,collision,-1,0.1,0.1836,5,32.14,67.86,32.14,67.86,32.14,67.86
2026-05-29 09:05:49,twist,1,29,collision,-1,0.0571,0.12,1,31.03,68.97,31.03,68.97,31.03,68.97
2026-05-29 09:07:10,twist,1,30,success,96,0.0764,0.7067,0,33.33,66.67,33.33,66.67,33.33,66.67
2026-05-29 09:08:02,twist,1,31,collision,-1,0.0377,0.12,1,32.26,67.74,32.26,67.74,32.26,67.74
2026-05-29 09:08:12,twist,1,32,collision,-1,0.4279,0.1914,2,31.25,68.75,31.25,68.75,31.25,68.75
2026-05-29 09:08:45,twist,1,33,collision,-1,0.3602,0.12,7,30.3,69.7,30.3,69.7,30.3,69.7
2026-05-29 09:08:55,twist,1,34,collision,-1,0.4958,0.1673,1,29.41,70.59,29.41,70.59,29.41,70.59
2026-05-29 09:09:31,twist,1,35,success,42,0.1193,1.3357,0,31.43,68.57,31.43,68.57,31.43,68.57
2026-05-29 09:10:20,twist,1,36,success,58,0.205,0.5208,0,33.33,66.67,33.33,66.67,33.33,66.67
2026-05-29 09:11:50,twist,1,37,collision,-1,0.108,0.12,1,32.43,67.57,32.43,67.57,32.43,67.57
2026-05-29 09:11:59,twist,1,38,success,10,0.5529,1.5812,0,34.21,65.79,34.21,65.79,34.21,65.79
2026-05-29 09:12:05,twist,1,39,success,4,0.9806,1.6791,0,35.9,64.1,35.9,64.1,35.9,64.1
2026-05-29 09:12:25,twist,1,40,collision,-1,0.2088,0.162,7,35.0,65.0,35.0,65.0,35.0,65.0
2026-05-29 09:12:44,twist,1,41,collision,-1,0.6257,0.1245,1,34.15,65.85,34.15,65.85,34.15,65.85
2026-05-29 09:13:54,twist,1,42,collision,-1,0.0973,0.12,1,33.33,66.67,33.33,66.67,33.33,66.67
2026-05-29 09:14:09,twist,1,43,collision,-1,0.2202,0.12,3,32.56,67.44,32.56,67.44,32.56,67.44
2026-05-29 09:16:15,twist,1,44,collision,-1,0.0571,0.12,1,31.82,68.18,31.82,68.18,31.82,68.18
2026-05-29 09:18:20,twist,1,45,success,150,0.0556,0.8575,0,33.33,66.67,33.33,66.67,33.33,66.67
2026-05-29 09:21:49,twist,1,46,timeout,-1,0.0419,1.0012,0,32.61,65.22,32.61,65.22,32.61,65.22
2026-05-29 09:22:02,twist,1,47,success,13,0.2472,1.5185,0,34.04,63.83,34.04,63.83,34.04,63.83
2026-05-29 09:22:05,twist,1,48,success,2,1.6488,1.8989,0,35.42,62.5,35.42,62.5,35.42,62.5
2026-05-29 09:23:00,twist,1,49,collision,-1,0.087,0.1476,1,34.69,63.27,34.69,63.27,34.69,63.27
2026-05-29 09:25:41,twist,1,50,collision,-1,0.0537,0.1409,7,34.0,64.0,34.0,64.0,34.0,64.0
2026-05-29 09:26:06,twist,1,51,success,26,0.1285,0.3856,0,35.29,62.75,35.29,62.75,35.29,62.75
2026-05-29 09:27:11,twist,1,52,collision,-1,0.1108,0.1536,1,34.62,63.46,34.62,63.46,34.62,63.46
2026-05-29 09:28:01,twist,1,53,success,58,0.1952,0.3641,0,35.85,62.26,35.85,62.26,35.85,62.26
2026-05-29 09:30:04,twist,1,54,success,150,0.0642,0.8205,0,37.04,61.11,37.04,61.11,37.04,61.11
2026-05-29 09:31:10,twist,1,55,success,78,0.1291,0.6562,0,38.18,60.0,38.18,60.0,38.18,60.0
2026-05-29 09:31:12,twist,1,56,success,1,14.9827,2.3335,0,39.29,58.93,39.29,58.93,39.29,58.93
2026-05-29 09:31:15,twist,1,57,success,1,81.3216,2.3226,0,40.35,57.89,40.35,57.89,40.35,57.89
2026-05-29 09:31:18,twist,1,58,success,2,1.2943,1.854,0,41.38,56.9,41.38,56.9,41.38,56.9
2026-05-29 09:31:48,twist,1,59,success,36,0.2917,0.5629,0,42.37,55.93,42.37,55.93,42.37,55.93
2026-05-29 09:32:32,twist,1,60,collision,-1,0.1259,0.12,1,41.67,56.67,41.67,56.67,41.67,56.67
2026-05-29 09:32:36,twist,1,61,success,4,1.2133,1.8859,0,42.62,55.74,42.62,55.74,42.62,55.74
2026-05-29 09:34:07,twist,1,62,success,106,0.1019,0.4969,0,43.55,54.84,43.55,54.84,43.55,54.84
2026-05-29 09:34:44,twist,1,63,collision,-1,0.1746,0.1411,1,42.86,55.56,42.86,55.56,42.86,55.56
2026-05-29 09:35:23,twist,1,64,collision,-1,0.0625,0.12,1,42.19,56.25,42.19,56.25,42.19,56.25
2026-05-29 09:36:01,twist,1,65,collision,-1,0.1441,0.1885,2,41.54,56.92,41.54,56.92,41.54,56.92
2026-05-29 09:38:38,twist,1,66,collision,-1,0.0507,0.1302,3,40.91,57.58,40.91,57.58,40.91,57.58
2026-05-29 09:42:06,twist,1,67,timeout,-1,0.0406,0.3572,0,40.3,56.72,40.3,56.72,40.3,56.72
2026-05-29 09:45:35,twist,1,68,timeout,-1,0.0368,0.642,0,39.71,55.88,39.71,55.88,39.71,55.88
2026-05-29 09:45:48,twist,1,69,success,12,0.1919,1.444,0,40.58,55.07,40.58,55.07,40.58,55.07
2026-05-29 09:49:13,twist,1,70,timeout,-1,0.0498,0.3378,0,40.0,54.29,40.0,54.29,40.0,54.29
2026-05-29 09:52:43,twist,1,71,timeout,-1,0.0504,0.4679,0,39.44,53.52,39.44,53.52,39.44,53.52
2026-05-29 09:53:27,twist,1,72,success,50,0.0968,1.0703,0,40.28,52.78,40.28,52.78,40.28,52.78
2026-05-29 09:55:27,twist,1,73,success,140,0.0732,0.9786,0,41.1,52.05,41.1,52.05,41.1,52.05
2026-05-29 09:56:51,twist,1,74,success,1,7.9704,2.3098,0,41.89,51.35,41.89,51.35,41.89,51.35
2026-05-29 09:58:51,twist,1,75,collision,-1,0.0794,0.189,2,41.33,52.0,41.33,52.0,41.33,52.0
2026-05-29 10:01:01,twist,1,76,collision,-1,0.0419,0.1316,1,40.79,52.63,40.79,52.63,40.79,52.63
2026-05-29 10:01:49,twist,1,77,success,56,0.1314,0.466,0,41.56,51.95,41.56,51.95,41.56,51.95
2026-05-29 10:03:10,twist,1,78,collision,-1,0.0851,0.1765,1,41.03,52.56,41.03,52.56,41.03,52.56
2026-05-29 10:06:36,twist,1,79,timeout,-1,0.0391,0.9361,0,40.51,51.9,40.51,51.9,40.51,51.9
2026-05-29 10:08:34,twist,1,80,success,139,0.0471,0.723,0,41.25,51.25,41.25,51.25,41.25,51.25
2026-05-29 10:09:51,twist,1,81,success,90,0.0672,0.6438,0,41.98,50.62,41.98,50.62,41.98,50.62
2026-05-29 10:11:41,twist,1,82,success,130,0.0537,0.2558,2,42.68,50.0,42.68,50.0,42.68,50.0
2026-05-29 10:15:11,twist,1,83,timeout,-1,0.0506,0.8724,0,42.17,49.4,42.17,49.4,42.17,49.4
2026-05-29 10:16:53,twist,1,84,success,121,0.1139,0.6419,0,42.86,48.81,42.86,48.81,42.86,48.81
2026-05-29 10:20:19,twist,1,85,timeout,-1,0.0561,1.1557,0,42.35,48.24,42.35,48.24,42.35,48.24
2026-05-29 10:23:37,twist,1,86,collision,-1,0.0685,0.12,1,41.86,48.84,41.86,48.84,41.86,48.84
2026-05-29 10:27:02,twist,1,87,timeout,-1,0.0388,0.311,0,41.38,48.28,41.38,48.28,41.38,48.28
2026-05-29 10:29:03,twist,1,88,success,145,0.0542,0.3601,0,42.05,47.73,42.05,47.73,42.05,47.73
2026-05-29 10:32:29,twist,1,89,success,246,0.037,0.2826,3,42.7,47.19,42.7,47.19,42.7,47.19
2026-05-29 10:32:36,twist,1,90,success,6,0.9632,0.83,0,43.33,46.67,43.33,46.67,43.33,46.67
2026-05-29 10:33:50,twist,1,91,success,88,0.0439,0.3084,0,43.96,46.15,43.96,46.15,43.96,46.15
2026-05-29 10:35:02,twist,1,92,success,84,0.079,0.8482,0,44.57,45.65,44.57,45.65,44.57,45.65
2026-05-29 10:36:21,twist,1,93,success,94,0.1053,0.304,0,45.16,45.16,45.16,45.16,45.16,45.16
2026-05-29 10:37:26,twist,1,94,success,78,0.1197,0.6482,0,45.74,44.68,45.74,44.68,45.74,44.68
2026-05-29 10:37:28,twist,1,95,success,1,343.5303,2.3038,0,46.32,44.21,46.32,44.21,46.32,44.21
2026-05-29 10:38:07,twist,1,96,success,43,0.1231,0.5013,0,46.88,43.75,46.88,43.75,46.88,43.75
2026-05-29 10:39:54,twist,1,97,success,130,0.0428,0.3112,0,47.42,43.3,47.42,43.3,47.42,43.3
2026-05-29 10:40:37,twist,1,98,success,52,0.1283,0.5668,0,47.96,42.86,47.96,42.86,47.96,42.86
2026-05-29 10:41:54,twist,1,99,success,90,0.0673,0.2765,2,48.48,42.42,48.48,42.42,48.48,42.42
2026-05-29 10:42:58,twist,1,100,success,74,0.1358,0.3363,0,49.0,42.0,49.0,42.0,49.0,42.0
2026-05-29 10:43:04,twist,1,101,success,6,0.6923,1.3771,0,49.5,41.58,50.0,41.0,49.5,41.58
2026-05-29 10:43:20,twist,1,102,success,18,0.5905,0.8556,0,50.0,41.18,51.0,40.0,50.0,41.18
2026-05-29 10:44:33,twist,1,103,success,86,0.0887,0.539,0,50.49,40.78,51.0,40.0,50.49,40.78
2026-05-29 10:44:51,twist,1,104,success,20,0.3062,0.8973,0,50.96,40.38,51.0,40.0,50.96,40.38
2026-05-29 10:45:59,twist,1,105,success,80,0.1062,0.3979,0,51.43,40.0,51.0,40.0,51.43,40.0
2026-05-29 10:47:47,twist,1,106,success,128,0.0581,0.5509,0,51.89,39.62,52.0,39.0,51.89,39.62
2026-05-29 10:48:38,twist,1,107,success,60,0.1473,0.2898,1,52.34,39.25,52.0,39.0,52.34,39.25
2026-05-29 10:48:50,twist,1,108,success,13,0.6488,0.9619,0,52.78,38.89,53.0,38.0,52.78,38.89
2026-05-29 10:50:43,twist,1,109,success,133,0.0455,0.3422,0,53.21,38.53,54.0,37.0,53.21,38.53
2026-05-29 10:50:49,twist,1,110,success,6,0.9834,1.4775,0,53.64,38.18,55.0,36.0,53.64,38.18
2026-05-29 10:51:19,twist,1,111,success,36,0.3292,0.5993,0,54.05,37.84,56.0,35.0,54.05,37.84
2026-05-29 10:51:27,twist,1,112,success,8,0.3117,1.479,0,54.46,37.5,57.0,34.0,54.46,37.5
2026-05-29 10:51:37,twist,1,113,success,10,0.8937,0.7051,0,54.87,37.17,58.0,33.0,54.87,37.17
2026-05-29 10:51:45,twist,1,114,success,8,0.9666,1.212,0,55.26,36.84,58.0,33.0,55.26,36.84
2026-05-29 10:52:02,twist,1,115,success,18,0.4541,0.7783,0,55.65,36.52,59.0,32.0,55.65,36.52
2026-05-29 10:52:16,twist,1,116,success,14,0.5147,0.358,0,56.03,36.21,60.0,31.0,56.03,36.21
2026-05-29 10:52:20,twist,1,117,success,4,0.9001,1.8067,0,56.41,35.9,61.0,30.0,56.41,35.9
2026-05-29 10:52:28,twist,1,118,success,8,0.9029,1.4703,0,56.78,35.59,62.0,29.0,56.78,35.59
2026-05-29 10:52:53,twist,1,119,success,28,0.2276,0.4571,0,57.14,35.29,62.0,29.0,57.14,35.29
2026-05-29 10:52:56,twist,1,120,success,2,1.0185,2.0127,0,57.5,35.0,62.0,29.0,57.5,35.0
2026-05-29 10:52:59,twist,1,121,success,2,1.5985,1.9238,0,57.85,34.71,63.0,28.0,57.85,34.71
2026-05-29 10:53:15,twist,1,122,collision,-1,0.4457,0.1826,1,57.38,35.25,62.0,29.0,57.38,35.25
2026-05-29 10:53:23,twist,1,123,success,8,1.0267,1.5262,0,57.72,34.96,63.0,28.0,57.72,34.96
2026-05-29 10:53:35,twist,1,124,success,12,1.0627,0.8419,0,58.06,34.68,64.0,27.0,58.06,34.68
2026-05-29 10:53:44,twist,1,125,success,8,1.1239,1.12,0,58.4,34.4,64.0,27.0,58.4,34.4
2026-05-29 10:54:04,twist,1,126,success,22,0.3306,0.2867,2,58.73,34.13,65.0,26.0,58.73,34.13
2026-05-29 10:54:12,twist,1,127,success,8,0.7841,1.0073,0,59.06,33.86,66.0,25.0,59.06,33.86
2026-05-29 10:54:22,twist,1,128,success,10,0.7153,0.9747,0,59.38,33.59,67.0,24.0,59.38,33.59
2026-05-29 10:54:26,twist,1,129,success,4,1.3242,1.6128,0,59.69,33.33,68.0,23.0,59.69,33.33
2026-05-29 10:54:33,twist,1,130,success,6,0.9957,1.4397,0,60.0,33.08,68.0,23.0,60.0,33.08
2026-05-29 10:54:41,twist,1,131,success,8,0.9748,0.9647,0,60.31,32.82,69.0,22.0,60.31,32.82
2026-05-29 10:54:57,twist,1,132,success,19,0.6071,0.3472,0,60.61,32.58,70.0,21.0,60.61,32.58
2026-05-29 10:55:05,twist,1,133,success,7,0.989,1.1218,0,60.9,32.33,71.0,20.0,60.9,32.33
2026-05-29 10:55:15,twist,1,134,success,10,0.7811,0.5766,0,61.19,32.09,72.0,19.0,61.19,32.09
2026-05-29 10:55:20,twist,1,135,success,4,1.296,1.6589,0,61.48,31.85,72.0,19.0,61.48,31.85
2026-05-29 10:55:41,twist,1,136,collision,-1,0.4397,0.1957,2,61.03,32.35,71.0,20.0,61.03,32.35
2026-05-29 10:55:52,twist,1,137,success,11,0.8219,0.8986,0,61.31,32.12,72.0,19.0,61.31,32.12
2026-05-29 10:55:59,twist,1,138,success,6,0.8849,1.5248,0,61.59,31.88,72.0,19.0,61.59,31.88
2026-05-29 10:56:10,twist,1,139,success,12,0.6698,0.8578,0,61.87,31.65,72.0,19.0,61.87,31.65
2026-05-29 10:56:12,twist,1,140,success,1,223.2881,2.3045,0,62.14,31.43,73.0,18.0,62.14,31.43
2026-05-29 10:56:24,twist,1,141,success,13,1.0007,0.7538,0,62.41,31.21,74.0,17.0,62.41,31.21
2026-05-29 10:56:34,twist,1,142,success,10,0.6997,0.6668,0,62.68,30.99,75.0,16.0,62.68,30.99
2026-05-29 10:56:44,twist,1,143,success,10,0.7494,1.0653,0,62.94,30.77,76.0,15.0,62.94,30.77
2026-05-29 10:56:55,twist,1,144,success,12,0.6901,0.5057,0,63.19,30.56,77.0,14.0,63.19,30.56
2026-05-29 10:57:06,twist,1,145,success,12,0.7361,0.4552,0,63.45,30.34,77.0,14.0,63.45,30.34
2026-05-29 10:57:20,twist,1,146,success,16,0.9023,0.5743,0,63.7,30.14,78.0,14.0,63.7,30.14
2026-05-29 10:57:28,twist,1,147,success,8,1.0641,0.9382,0,63.95,29.93,78.0,14.0,63.95,29.93
2026-05-29 10:57:40,twist,1,148,success,12,0.7135,0.6804,0,64.19,29.73,78.0,14.0,64.19,29.73
2026-05-29 10:57:55,twist,1,149,success,16,0.4944,0.865,0,64.43,29.53,79.0,13.0,64.43,29.53
2026-05-29 10:58:11,twist,1,150,success,18,0.6897,0.2336,4,64.67,29.33,80.0,12.0,64.67,29.33
2026-05-29 10:58:20,twist,1,151,success,10,1.047,0.833,0,64.9,29.14,80.0,12.0,64.9,29.14
2026-05-29 10:58:30,twist,1,152,success,10,0.8598,0.9975,0,65.13,28.95,81.0,11.0,65.13,28.95
2026-05-29 10:58:47,twist,1,153,success,18,0.4095,0.8154,0,65.36,28.76,81.0,11.0,65.36,28.76
2026-05-29 10:58:58,twist,1,154,success,12,0.807,0.599,0,65.58,28.57,81.0,11.0,65.58,28.57
2026-05-29 10:59:14,twist,1,155,success,16,0.4723,0.5986,0,65.81,28.39,81.0,11.0,65.81,28.39
2026-05-29 10:59:30,twist,1,156,collision,-1,0.4259,0.12,1,65.38,28.85,80.0,12.0,65.38,28.85
2026-05-29 10:59:51,twist,1,157,success,24,0.3295,0.3198,0,65.61,28.66,80.0,12.0,65.61,28.66
2026-05-29 11:00:03,twist,1,158,success,12,0.6654,0.9355,0,65.82,28.48,80.0,12.0,65.82,28.48
2026-05-29 11:00:14,twist,1,159,success,12,0.9266,0.7875,0,66.04,28.3,80.0,12.0,66.04,28.3
2026-05-29 11:00:22,twist,1,160,success,8,1.1841,0.9545,0,66.25,28.12,81.0,11.0,66.25,28.12
2026-05-29 11:00:28,twist,1,161,success,6,0.7088,1.445,0,66.46,27.95,81.0,11.0,66.46,27.95
2026-05-29 11:00:41,twist,1,162,collision,-1,0.7989,0.12,3,66.05,28.4,80.0,12.0,66.05,28.4
2026-05-29 11:00:48,twist,1,163,success,6,0.9856,1.2554,0,66.26,28.22,81.0,11.0,66.26,28.22
2026-05-29 11:00:58,twist,1,164,success,10,1.0265,0.7696,0,66.46,28.05,82.0,10.0,66.46,28.05
2026-05-29 11:01:04,twist,1,165,success,6,1.1189,1.3273,0,66.67,27.88,83.0,9.0,66.67,27.88
2026-05-29 11:01:17,twist,1,166,success,14,0.7456,0.3122,0,66.87,27.71,84.0,8.0,66.87,27.71
2026-05-29 11:01:26,twist,1,167,success,8,0.8566,1.0298,0,67.07,27.54,85.0,8.0,67.07,27.54
2026-05-29 11:01:35,twist,1,168,success,10,0.8584,1.3052,0,67.26,27.38,86.0,8.0,67.26,27.38
2026-05-29 11:01:45,twist,1,169,success,10,0.3908,1.3783,0,67.46,27.22,86.0,8.0,67.46,27.22
2026-05-29 11:01:56,twist,1,170,success,13,0.9495,0.8927,0,67.65,27.06,87.0,8.0,67.65,27.06
2026-05-29 11:02:13,twist,1,171,collision,-1,0.5755,0.12,2,67.25,27.49,87.0,9.0,67.25,27.49
2026-05-29 11:02:24,twist,1,172,success,12,0.6202,0.9025,0,67.44,27.33,87.0,9.0,67.44,27.33
2026-05-29 11:02:39,twist,1,173,success,16,0.2625,0.5079,0,67.63,27.17,87.0,9.0,67.63,27.17
2026-05-29 11:02:49,twist,1,174,success,10,0.6577,0.9966,0,67.82,27.01,87.0,9.0,67.82,27.01
2026-05-29 11:03:00,twist,1,175,success,10,0.6598,0.8856,0,68.0,26.86,88.0,8.0,68.0,26.86
2026-05-29 11:03:06,twist,1,176,success,6,0.3721,1.4527,0,68.18,26.7,89.0,7.0,68.18,26.7
2026-05-29 11:03:19,twist,1,177,collision,-1,0.8227,0.1622,1,67.8,27.12,88.0,8.0,67.8,27.12
2026-05-29 11:03:30,twist,1,178,success,12,0.193,1.3971,0,67.98,26.97,89.0,7.0,67.98,26.97
2026-05-29 11:03:53,twist,1,179,success,26,0.1692,0.9258,0,68.16,26.82,90.0,7.0,68.16,26.82
2026-05-29 11:04:01,twist,1,180,success,8,0.7265,1.4002,0,68.33,26.67,90.0,7.0,68.33,26.67
2026-05-29 11:04:13,twist,1,181,success,12,0.7298,0.6246,0,68.51,26.52,90.0,7.0,68.51,26.52
2026-05-29 11:04:21,twist,1,182,success,8,0.9652,1.1837,0,68.68,26.37,90.0,7.0,68.68,26.37
2026-05-29 11:04:26,twist,1,183,success,4,0.8407,1.7578,0,68.85,26.23,91.0,7.0,68.85,26.23
2026-05-29 11:04:34,twist,1,184,success,8,0.8844,1.1724,0,69.02,26.09,91.0,7.0,69.02,26.09
2026-05-29 11:04:42,twist,1,185,success,8,1.0435,1.3567,0,69.19,25.95,92.0,7.0,69.19,25.95
2026-05-29 11:04:48,twist,1,186,success,6,0.9721,1.4875,0,69.35,25.81,93.0,6.0,69.35,25.81
2026-05-29 11:04:56,twist,1,187,success,8,1.0987,0.9096,0,69.52,25.67,94.0,6.0,69.52,25.67
2026-05-29 11:05:07,twist,1,188,success,10,0.5354,0.8652,0,69.68,25.53,94.0,6.0,69.68,25.53
2026-05-29 11:05:10,twist,1,189,success,2,0.8813,1.7847,0,69.84,25.4,94.0,6.0,69.84,25.4
2026-05-29 11:05:23,twist,1,190,success,14,0.6832,0.6186,0,70.0,25.26,94.0,6.0,70.0,25.26
2026-05-29 11:07:05,twist,1,191,success,120,0.0292,0.9724,0,70.16,25.13,94.0,6.0,70.16,25.13
2026-05-29 11:07:20,twist,1,192,collision,-1,0.5301,0.1749,1,69.79,25.52,93.0,7.0,69.79,25.52
2026-05-29 11:07:26,twist,1,193,success,6,0.8462,1.3832,0,69.95,25.39,93.0,7.0,69.95,25.39
2026-05-29 11:07:33,twist,1,194,success,6,1.0936,1.2718,0,70.1,25.26,93.0,7.0,70.1,25.26
2026-05-29 11:07:51,twist,1,195,success,20,0.1617,0.9186,0,70.26,25.13,93.0,7.0,70.26,25.13
2026-05-29 11:07:59,twist,1,196,success,8,0.6839,0.9945,0,70.41,25.0,93.0,7.0,70.41,25.0
2026-05-29 11:08:09,twist,1,197,success,10,0.758,1.1921,0,70.56,24.87,93.0,7.0,70.56,24.87
2026-05-29 11:08:21,twist,1,198,success,14,0.8413,0.331,0,70.71,24.75,93.0,7.0,70.71,24.75
2026-05-29 11:08:39,twist,1,199,success,18,0.5163,0.2794,2,70.85,24.62,93.0,7.0,70.85,24.62
2026-05-29 11:08:51,twist,1,200,success,14,0.6561,0.5779,0,71.0,24.5,93.0,7.0,71.0,24.5
2026-05-29 11:08:53,twist,1,201,success,1,59.4591,2.3099,0,71.14,24.38,93.0,7.0,71.14,24.38
2026-05-29 11:09:04,twist,1,202,success,11,0.5679,0.4448,0,71.29,24.26,93.0,7.0,71.29,24.26
2026-05-29 11:09:18,twist,1,203,success,8,1.0784,0.9654,0,71.43,24.14,93.0,7.0,71.43,24.14
2026-05-29 11:09:27,twist,1,204,success,8,1.0495,0.8686,0,71.57,24.02,93.0,7.0,71.57,24.02
2026-05-29 11:09:40,twist,1,205,success,14,0.3855,0.5432,0,71.71,23.9,93.0,7.0,71.71,23.9
2026-05-29 11:09:50,twist,1,206,success,10,0.4116,1.8681,0,71.84,23.79,93.0,7.0,71.84,23.79
2026-05-29 11:10:01,twist,1,207,success,12,0.8305,1.0311,0,71.98,23.67,93.0,7.0,71.98,23.67
2026-05-29 11:10:14,twist,1,208,success,12,0.4061,1.103,0,72.12,23.56,93.0,7.0,72.12,23.56
2026-05-29 11:10:24,twist,1,209,success,10,0.6683,1.8907,0,72.25,23.44,93.0,7.0,72.25,23.44
2026-05-29 11:10:27,twist,1,210,success,2,1.4295,2.0068,0,72.38,23.33,93.0,7.0,72.38,23.33
2026-05-29 11:10:29,twist,1,211,success,1,35.5486,2.3114,0,72.51,23.22,93.0,7.0,72.51,23.22
2026-05-29 11:10:34,twist,1,212,success,3,1.2362,1.9182,0,72.64,23.11,93.0,7.0,72.64,23.11
2026-05-29 11:10:40,twist,1,213,success,6,1.0265,1.1737,0,72.77,23.0,93.0,7.0,72.77,23.0
2026-05-29 11:10:50,twist,1,214,success,10,0.5004,1.3532,0,72.9,22.9,93.0,7.0,72.9,22.9
2026-05-29 11:10:56,twist,1,215,success,6,1.1181,1.3534,0,73.02,22.79,93.0,7.0,73.02,22.79
2026-05-29 11:11:01,twist,1,216,success,4,1.1054,1.6704,0,73.15,22.69,93.0,7.0,73.15,22.69
2026-05-29 11:11:10,twist,1,217,success,8,0.7193,0.8463,0,73.27,22.58,93.0,7.0,73.27,22.58
2026-05-29 11:11:15,twist,1,218,success,4,1.1846,1.7067,0,73.39,22.48,93.0,7.0,73.39,22.48
2026-05-29 11:11:16,twist,1,219,success,1,636.3816,2.3206,0,73.52,22.37,93.0,7.0,73.52,22.37
2026-05-29 11:11:25,twist,1,220,success,7,0.5323,1.5304,0,73.64,22.27,93.0,7.0,73.64,22.27
2026-05-29 11:11:35,twist,1,221,success,10,0.4253,1.6021,0,73.76,22.17,93.0,7.0,73.76,22.17
2026-05-29 11:11:50,twist,1,222,collision,-1,0.5107,0.12,3,73.42,22.52,93.0,7.0,73.42,22.52
2026-05-29 11:12:01,twist,1,223,collision,-1,0.7891,0.12,1,73.09,22.87,92.0,8.0,73.09,22.87
2026-05-29 11:12:08,twist,1,224,success,8,1.1295,0.8689,0,73.21,22.77,92.0,8.0,73.21,22.77
2026-05-29 11:12:18,twist,1,225,success,10,0.8496,0.95,0,73.33,22.67,92.0,8.0,73.33,22.67
2026-05-29 11:12:38,twist,1,226,success,22,0.4079,0.6938,0,73.45,22.57,92.0,8.0,73.45,22.57
2026-05-29 11:12:54,twist,1,227,collision,-1,0.7652,0.12,1,73.13,22.91,91.0,9.0,73.13,22.91
2026-05-29 11:13:09,twist,1,228,success,16,0.3834,1.0318,0,73.25,22.81,91.0,9.0,73.25,22.81
2026-05-29 11:13:18,twist,1,229,success,10,0.7564,0.6014,0,73.36,22.71,91.0,9.0,73.36,22.71
2026-05-29 11:13:32,twist,1,230,success,14,0.7689,0.9389,0,73.48,22.61,91.0,9.0,73.48,22.61
2026-05-29 11:13:42,twist,1,231,success,10,0.9487,0.3729,0,73.59,22.51,91.0,9.0,73.59,22.51
2026-05-29 11:13:48,twist,1,232,success,6,0.9559,1.4663,0,73.71,22.41,91.0,9.0,73.71,22.41
2026-05-29 11:13:58,twist,1,233,success,10,0.7461,1.2332,0,73.82,22.32,91.0,9.0,73.82,22.32
2026-05-29 11:14:06,twist,1,234,success,8,1.0179,0.9635,0,73.93,22.22,91.0,9.0,73.93,22.22
2026-05-29 11:14:11,twist,1,235,success,4,0.8614,1.7184,0,74.04,22.13,91.0,9.0,74.04,22.13
2026-05-29 11:14:23,twist,1,236,success,12,0.4309,1.12,0,74.15,22.03,92.0,8.0,74.15,22.03
2026-05-29 11:14:33,twist,1,237,collision,-1,0.6002,0.12,1,73.84,22.36,91.0,9.0,73.84,22.36
2026-05-29 11:14:40,twist,1,238,success,6,0.9539,1.6388,0,73.95,22.27,91.0,9.0,73.95,22.27
2026-05-29 11:14:50,twist,1,239,success,10,0.6129,0.8053,0,74.06,22.18,91.0,9.0,74.06,22.18
2026-05-29 11:14:57,twist,1,240,success,6,1.0259,0.8509,0,74.17,22.08,91.0,9.0,74.17,22.08
2026-05-29 11:15:04,twist,1,241,success,6,1.132,1.4518,0,74.27,21.99,91.0,9.0,74.27,21.99
2026-05-29 11:15:11,twist,1,242,success,6,0.8756,0.9602,0,74.38,21.9,91.0,9.0,74.38,21.9
2026-05-29 11:15:20,twist,1,243,success,10,0.7551,1.207,0,74.49,21.81,91.0,9.0,74.49,21.81
2026-05-29 11:15:29,twist,1,244,success,8,0.843,0.5868,0,74.59,21.72,91.0,9.0,74.59,21.72
2026-05-29 11:15:40,twist,1,245,success,12,0.6022,0.7908,0,74.69,21.63,91.0,9.0,74.69,21.63
2026-05-29 11:15:52,twist,1,246,success,12,0.6817,0.3851,0,74.8,21.54,91.0,9.0,74.8,21.54
2026-05-29 11:16:05,twist,1,247,collision,-1,0.63,0.12,1,74.49,21.86,90.0,10.0,74.49,21.86
2026-05-29 11:16:13,twist,1,248,success,8,0.7608,1.1739,0,74.6,21.77,90.0,10.0,74.6,21.77
2026-05-29 11:16:18,twist,1,249,success,4,1.0094,1.8954,0,74.7,21.69,90.0,10.0,74.7,21.69
2026-05-29 11:16:23,twist,1,250,success,4,0.915,1.5793,0,74.8,21.6,90.0,10.0,74.8,21.6
2026-05-29 11:16:33,twist,1,251,success,10,0.8138,1.023,0,74.9,21.51,90.0,10.0,74.9,21.51
2026-05-29 11:16:44,twist,1,252,success,12,0.2132,1.3037,0,75.0,21.43,90.0,10.0,75.0,21.43
2026-05-29 11:16:47,twist,1,253,success,2,1.2182,1.9746,0,75.1,21.34,90.0,10.0,75.1,21.34
2026-05-29 11:16:59,twist,1,254,collision,-1,0.8276,0.1557,1,74.8,21.65,89.0,11.0,74.8,21.65
2026-05-29 11:17:10,twist,1,255,success,12,0.8599,0.7315,0,74.9,21.57,89.0,11.0,74.9,21.57
2026-05-29 11:17:12,twist,1,256,success,1,488.752,2.3156,0,75.0,21.48,90.0,10.0,75.0,21.48
2026-05-29 11:17:20,twist,1,257,success,7,1.0292,1.412,0,75.1,21.4,90.0,10.0,75.1,21.4
2026-05-29 11:17:33,twist,1,258,success,14,0.6522,0.4754,0,75.19,21.32,90.0,10.0,75.19,21.32
2026-05-29 11:17:48,twist,1,259,collision,-1,0.5699,0.196,1,74.9,21.62,89.0,11.0,74.9,21.62
2026-05-29 11:17:55,twist,1,260,success,6,0.906,0.9428,0,75.0,21.54,89.0,11.0,75.0,21.54
2026-05-29 11:18:01,twist,1,261,success,6,0.9967,1.3662,0,75.1,21.46,89.0,11.0,75.1,21.46
2026-05-29 11:18:10,twist,1,262,success,8,1.1508,0.8207,0,75.19,21.37,90.0,10.0,75.19,21.37
2026-05-29 11:18:18,twist,1,263,success,8,0.7768,0.6982,0,75.29,21.29,90.0,10.0,75.29,21.29
2026-05-29 11:18:26,twist,1,264,success,8,0.9647,0.8528,0,75.38,21.21,90.0,10.0,75.38,21.21
2026-05-29 11:18:35,twist,1,265,success,9,1.2449,1.2356,0,75.47,21.13,90.0,10.0,75.47,21.13
2026-05-29 11:18:47,twist,1,266,success,11,0.2585,1.2758,0,75.56,21.05,90.0,10.0,75.56,21.05
2026-05-29 11:18:58,twist,1,267,success,12,0.9604,0.4985,0,75.66,20.97,90.0,10.0,75.66,20.97
2026-05-29 11:19:11,twist,1,268,success,14,0.6184,0.7356,0,75.75,20.9,90.0,10.0,75.75,20.9
2026-05-29 11:19:21,twist,1,269,success,11,0.522,1.4088,0,75.84,20.82,90.0,10.0,75.84,20.82
2026-05-29 11:19:36,twist,1,270,collision,-1,0.4838,0.12,2,75.56,21.11,89.0,11.0,75.56,21.11
2026-05-29 11:20:00,twist,1,271,success,26,0.1737,0.7926,0,75.65,21.03,90.0,10.0,75.65,21.03
2026-05-29 11:20:10,twist,1,272,success,10,0.8528,1.1444,0,75.74,20.96,90.0,10.0,75.74,20.96
2026-05-29 11:20:18,twist,1,273,success,8,0.7197,1.4837,0,75.82,20.88,90.0,10.0,75.82,20.88
2026-05-29 11:20:27,twist,1,274,success,8,0.867,0.5417,0,75.91,20.8,90.0,10.0,75.91,20.8
2026-05-29 11:20:40,twist,1,275,success,14,0.7661,0.2809,2,76.0,20.73,90.0,10.0,76.0,20.73
2026-05-29 11:20:47,twist,1,276,success,6,0.8695,1.6228,0,76.09,20.65,90.0,10.0,76.09,20.65
2026-05-29 11:21:02,twist,1,277,collision,-1,0.5453,0.12,1,75.81,20.94,90.0,10.0,75.81,20.94
2026-05-29 11:21:15,twist,1,278,collision,-1,0.6018,0.12,1,75.54,21.22,89.0,11.0,75.54,21.22
2026-05-29 11:21:27,twist,1,279,collision,-1,0.8342,0.12,3,75.27,21.51,88.0,12.0,75.27,21.51
2026-05-29 11:21:40,twist,1,280,success,14,0.6071,0.9021,0,75.36,21.43,88.0,12.0,75.36,21.43
2026-05-29 11:22:03,twist,1,281,success,26,0.2966,0.2969,1,75.44,21.35,88.0,12.0,75.44,21.35
2026-05-29 11:22:24,twist,1,282,collision,-1,0.3014,0.12,3,75.18,21.63,87.0,13.0,75.18,21.63
2026-05-29 11:22:32,twist,1,283,success,8,0.9265,1.4389,0,75.27,21.55,87.0,13.0,75.27,21.55
2026-05-29 11:22:42,twist,1,284,success,10,1.001,0.6307,0,75.35,21.48,87.0,13.0,75.35,21.48
2026-05-29 11:22:52,twist,1,285,success,10,0.4947,1.3678,0,75.44,21.4,87.0,13.0,75.44,21.4
2026-05-29 11:23:07,twist,1,286,collision,-1,0.6835,0.12,1,75.17,21.68,86.0,14.0,75.17,21.68
2026-05-29 11:23:21,twist,1,287,success,14,0.5212,0.289,1,75.26,21.6,86.0,14.0,75.26,21.6
2026-05-29 11:23:22,twist,1,288,success,1,530.6501,2.3014,0,75.35,21.53,86.0,14.0,75.35,21.53
2026-05-29 11:23:34,twist,1,289,success,11,0.2865,1.2755,0,75.43,21.45,86.0,14.0,75.43,21.45
2026-05-29 11:23:42,twist,1,290,success,8,0.9433,1.3847,0,75.52,21.38,86.0,14.0,75.52,21.38
2026-05-29 11:23:52,twist,1,291,success,10,0.2244,1.4467,0,75.6,21.31,86.0,14.0,75.6,21.31
2026-05-29 11:23:57,twist,1,292,success,4,1.5083,1.7588,0,75.68,21.23,87.0,13.0,75.68,21.23
2026-05-29 11:24:07,twist,1,293,success,10,0.7402,1.2903,0,75.77,21.16,87.0,13.0,75.77,21.16
2026-05-29 11:24:15,twist,1,294,success,8,0.9949,0.8522,0,75.85,21.09,87.0,13.0,75.85,21.09
2026-05-29 11:24:22,twist,1,295,success,6,1.1732,1.5408,0,75.93,21.02,87.0,13.0,75.93,21.02
2026-05-29 11:24:32,twist,1,296,success,10,0.5248,1.4172,0,76.01,20.95,87.0,13.0,76.01,20.95
2026-05-29 11:24:39,twist,1,297,success,6,0.9178,1.5356,0,76.09,20.88,87.0,13.0,76.09,20.88
2026-05-29 11:24:55,twist,1,298,success,18,0.3344,0.3053,0,76.17,20.81,87.0,13.0,76.17,20.81
2026-05-29 11:25:22,twist,1,299,success,30,0.2385,0.3031,0,76.25,20.74,87.0,13.0,76.25,20.74
2026-05-29 11:25:34,twist,1,300,success,12,0.6774,1.0334,0,76.33,20.67,87.0,13.0,76.33,20.67
2026-05-29 11:25:41,twist,1,301,success,6,1.2003,1.8721,0,76.41,20.6,87.0,13.0,76.41,20.6
2026-05-29 11:25:48,twist,1,302,success,6,0.7074,1.4401,0,76.49,20.53,87.0,13.0,76.49,20.53
2026-05-29 11:25:58,twist,1,303,success,10,0.7088,1.3365,0,76.57,20.46,87.0,13.0,76.57,20.46
2026-05-29 11:26:06,twist,1,304,success,8,0.8155,1.5737,0,76.64,20.39,87.0,13.0,76.64,20.39
2026-05-29 11:26:11,twist,1,305,success,4,1.3088,1.6655,0,76.72,20.33,87.0,13.0,76.72,20.33
2026-05-29 11:26:22,twist,1,306,success,13,0.3825,0.8684,0,76.8,20.26,87.0,13.0,76.8,20.26
2026-05-29 11:26:38,twist,1,307,success,15,0.4675,0.852,0,76.87,20.2,87.0,13.0,76.87,20.2
2026-05-29 11:26:43,twist,1,308,success,4,0.9105,1.706,0,76.95,20.13,87.0,13.0,76.95,20.13
2026-05-29 11:26:53,twist,1,309,success,10,0.9211,0.5447,0,77.02,20.06,87.0,13.0,77.02,20.06
2026-05-29 11:27:02,twist,1,310,success,10,0.571,1.2695,0,77.1,20.0,87.0,13.0,77.1,20.0
2026-05-29 11:27:18,twist,1,311,success,16,0.5107,0.3732,0,77.17,19.94,87.0,13.0,77.17,19.94
2026-05-29 11:27:29,twist,1,312,success,12,0.6824,0.9278,0,77.24,19.87,87.0,13.0,77.24,19.87
2026-05-29 11:27:36,twist,1,313,success,6,0.9684,1.2779,0,77.32,19.81,87.0,13.0,77.32,19.81
2026-05-29 11:27:41,twist,1,314,success,4,1.0102,1.8048,0,77.39,19.75,87.0,13.0,77.39,19.75
2026-05-29 11:27:51,twist,1,315,success,10,0.876,1.3118,0,77.46,19.68,87.0,13.0,77.46,19.68
2026-05-29 11:27:59,twist,1,316,success,8,0.9104,1.0368,0,77.53,19.62,87.0,13.0,77.53,19.62
2026-05-29 11:28:10,twist,1,317,success,12,0.2346,1.0953,0,77.6,19.56,87.0,13.0,77.6,19.56
2026-05-29 11:28:24,twist,1,318,collision,-1,0.6318,0.12,1,77.36,19.81,86.0,14.0,77.36,19.81
2026-05-29 11:28:35,twist,1,319,success,10,0.9197,0.9376,0,77.43,19.75,86.0,14.0,77.43,19.75
2026-05-29 11:28:40,twist,1,320,success,4,0.9857,1.8643,0,77.5,19.69,86.0,14.0,77.5,19.69
2026-05-29 11:28:49,twist,1,321,success,10,0.8191,0.6751,0,77.57,19.63,86.0,14.0,77.57,19.63
2026-05-29 11:28:57,twist,1,322,success,8,0.9896,1.5791,0,77.64,19.57,87.0,13.0,77.64,19.57
2026-05-29 11:29:02,twist,1,323,success,4,1.2346,1.9385,0,77.71,19.5,88.0,12.0,77.71,19.5
2026-05-29 11:29:16,twist,1,324,success,14,0.4951,0.4323,0,77.78,19.44,88.0,12.0,77.78,19.44
2026-05-29 11:29:24,twist,1,325,success,9,0.9049,1.1987,0,77.85,19.38,88.0,12.0,77.85,19.38
2026-05-29 11:29:34,twist,1,326,success,9,0.6236,1.4365,0,77.91,19.33,88.0,12.0,77.91,19.33
2026-05-29 11:29:41,twist,1,327,success,6,1.1322,1.2629,0,77.98,19.27,89.0,11.0,77.98,19.27
2026-05-29 11:29:45,twist,1,328,success,4,1.4756,1.61,0,78.05,19.21,89.0,11.0,78.05,19.21
2026-05-29 11:30:04,twist,1,329,success,20,0.6262,0.3545,0,78.12,19.15,89.0,11.0,78.12,19.15
2026-05-29 11:30:17,twist,1,330,success,14,0.6739,0.7549,0,78.18,19.09,89.0,11.0,78.18,19.09
2026-05-29 11:30:26,twist,1,331,success,10,0.2693,1.3907,0,78.25,19.03,89.0,11.0,78.25,19.03
2026-05-29 11:30:34,twist,1,332,success,8,0.5213,1.1481,0,78.31,18.98,89.0,11.0,78.31,18.98
2026-05-29 11:30:41,twist,1,333,success,6,1.0027,1.6441,0,78.38,18.92,89.0,11.0,78.38,18.92
2026-05-29 11:30:49,twist,1,334,success,8,0.5359,1.4968,0,78.44,18.86,89.0,11.0,78.44,18.86
2026-05-29 11:30:55,twist,1,335,success,6,0.6841,1.3794,0,78.51,18.81,89.0,11.0,78.51,18.81
2026-05-29 11:31:09,twist,1,336,success,14,0.6475,0.64,0,78.57,18.75,89.0,11.0,78.57,18.75
2026-05-29 11:31:17,twist,1,337,success,8,1.0656,0.7774,0,78.64,18.69,90.0,10.0,78.64,18.69
2026-05-29 11:31:32,twist,1,338,success,16,0.4794,0.3607,0,78.7,18.64,90.0,10.0,78.7,18.64
2026-05-29 11:31:40,twist,1,339,success,8,1.1206,0.9933,0,78.76,18.58,90.0,10.0,78.76,18.58
2026-05-29 11:31:53,twist,1,340,success,14,0.8623,0.7597,0,78.82,18.53,90.0,10.0,78.82,18.53
2026-05-29 11:32:03,twist,1,341,success,10,0.7079,0.8984,0,78.89,18.48,90.0,10.0,78.89,18.48
2026-05-29 11:32:11,twist,1,342,success,8,0.6905,1.4421,0,78.95,18.42,90.0,10.0,78.95,18.42
2026-05-29 11:32:27,twist,1,343,success,16,0.3305,0.5139,0,79.01,18.37,90.0,10.0,79.01,18.37
2026-05-29 11:32:48,twist,1,344,success,22,0.336,0.3026,0,79.07,18.31,90.0,10.0,79.07,18.31
2026-05-29 11:32:59,twist,1,345,success,12,0.415,0.9474,0,79.13,18.26,90.0,10.0,79.13,18.26
2026-05-29 11:33:06,twist,1,346,success,6,0.7866,1.4763,0,79.19,18.21,90.0,10.0,79.19,18.21
2026-05-29 11:33:13,twist,1,347,success,6,1.1648,1.6184,0,79.25,18.16,91.0,9.0,79.25,18.16
2026-05-29 11:33:16,twist,1,348,success,3,2.1983,2.0428,0,79.31,18.1,91.0,9.0,79.31,18.1
2026-05-29 11:33:29,twist,1,349,success,13,0.7256,0.8251,0,79.37,18.05,91.0,9.0,79.37,18.05
2026-05-29 11:33:34,twist,1,350,success,4,1.0451,1.847,0,79.43,18.0,91.0,9.0,79.43,18.0
2026-05-29 11:33:45,twist,1,351,success,12,0.8122,0.713,0,79.49,17.95,91.0,9.0,79.49,17.95
2026-05-29 11:33:54,twist,1,352,success,8,0.8619,0.9276,0,79.55,17.9,91.0,9.0,79.55,17.9
2026-05-29 11:34:02,twist,1,353,success,8,0.9584,1.2132,0,79.6,17.85,91.0,9.0,79.6,17.85
2026-05-29 11:34:09,twist,1,354,success,6,1.1752,1.3405,0,79.66,17.8,92.0,8.0,79.66,17.8
2026-05-29 11:34:16,twist,1,355,success,6,1.0912,1.0742,0,79.72,17.75,92.0,8.0,79.72,17.75
2026-05-29 11:34:30,twist,1,356,success,14,0.7328,0.7142,0,79.78,17.7,92.0,8.0,79.78,17.7
2026-05-29 11:34:43,twist,1,357,success,14,0.5418,0.6126,0,79.83,17.65,92.0,8.0,79.83,17.65
2026-05-29 11:34:50,twist,1,358,success,6,1.3272,1.4449,0,79.89,17.6,92.0,8.0,79.89,17.6
2026-05-29 11:35:01,twist,1,359,success,12,0.8477,0.7953,0,79.94,17.55,93.0,7.0,79.94,17.55
2026-05-29 11:35:06,twist,1,360,success,4,0.8447,1.7826,0,80.0,17.5,93.0,7.0,80.0,17.5
2026-05-29 11:35:13,twist,1,361,success,6,0.9356,1.1628,0,80.06,17.45,93.0,7.0,80.06,17.45
2026-05-29 11:35:18,twist,1,362,success,4,1.2139,1.6782,0,80.11,17.4,93.0,7.0,80.11,17.4
2026-05-29 11:35:26,twist,1,363,success,8,1.1123,1.4364,0,80.17,17.36,93.0,7.0,80.17,17.36
2026-05-29 11:35:41,twist,1,364,collision,-1,0.6545,0.12,1,79.95,17.58,92.0,8.0,79.95,17.58
2026-05-29 11:35:53,twist,1,365,success,12,0.707,0.6796,0,80.0,17.53,92.0,8.0,80.0,17.53
2026-05-29 11:36:00,twist,1,366,success,6,1.1915,1.3429,0,80.05,17.49,92.0,8.0,80.05,17.49
2026-05-29 11:36:19,twist,1,367,success,20,0.231,0.6244,0,80.11,17.44,92.0,8.0,80.11,17.44
2026-05-29 11:36:25,twist,1,368,success,6,0.9154,1.4594,0,80.16,17.39,92.0,8.0,80.16,17.39
2026-05-29 11:36:37,twist,1,369,success,12,0.3032,1.3351,0,80.22,17.34,92.0,8.0,80.22,17.34
2026-05-29 11:36:43,twist,1,370,success,6,0.6103,1.432,0,80.27,17.3,93.0,7.0,80.27,17.3
2026-05-29 11:36:50,twist,1,371,success,6,1.0146,1.0578,0,80.32,17.25,93.0,7.0,80.32,17.25
2026-05-29 11:37:00,twist,1,372,success,10,0.8779,0.6512,0,80.38,17.2,93.0,7.0,80.38,17.2
2026-05-29 11:37:05,twist,1,373,success,5,1.1559,1.774,0,80.43,17.16,93.0,7.0,80.43,17.16
2026-05-29 11:37:10,twist,1,374,success,3,1.2076,1.8151,0,80.48,17.11,93.0,7.0,80.48,17.11
2026-05-29 11:37:18,twist,1,375,success,8,0.5305,1.249,0,80.53,17.07,93.0,7.0,80.53,17.07
2026-05-29 11:37:26,twist,1,376,success,8,1.1485,0.8491,0,80.59,17.02,93.0,7.0,80.59,17.02
2026-05-29 11:37:37,twist,1,377,success,10,0.8116,0.3999,0,80.64,16.98,94.0,6.0,80.64,16.98
2026-05-29 11:37:42,twist,1,378,success,4,1.1681,1.7239,0,80.69,16.93,95.0,5.0,80.69,16.93
2026-05-29 11:37:50,twist,1,379,success,8,0.7777,1.1907,0,80.74,16.89,96.0,4.0,80.74,16.89
2026-05-29 11:37:57,twist,1,380,success,6,1.1047,1.4727,0,80.79,16.84,96.0,4.0,80.79,16.84
2026-05-29 11:38:01,twist,1,381,success,4,1.0479,1.8878,0,80.84,16.8,96.0,4.0,80.84,16.8
2026-05-29 11:38:11,twist,1,382,success,10,1.1298,0.7614,0,80.89,16.75,97.0,3.0,80.89,16.75
2026-05-29 11:38:22,twist,1,383,success,12,0.3911,1.1854,0,80.94,16.71,97.0,3.0,80.94,16.71
2026-05-29 11:38:35,twist,1,384,success,14,0.6461,0.5061,0,80.99,16.67,97.0,3.0,80.99,16.67
2026-05-29 11:38:45,twist,1,385,success,10,0.9444,0.756,0,81.04,16.62,97.0,3.0,81.04,16.62
2026-05-29 11:38:53,twist,1,386,success,8,0.753,1.4739,0,81.09,16.58,98.0,2.0,81.09,16.58
2026-05-29 11:39:02,twist,1,387,success,8,1.2189,1.0747,0,81.14,16.54,98.0,2.0,81.14,16.54
2026-05-29 11:39:09,twist,1,388,success,6,1.0912,1.0446,0,81.19,16.49,98.0,2.0,81.19,16.49
2026-05-29 11:39:19,twist,1,389,success,10,0.828,0.7966,0,81.23,16.45,98.0,2.0,81.23,16.45
2026-05-29 11:39:24,twist,1,390,success,4,1.2271,1.3802,0,81.28,16.41,98.0,2.0,81.28,16.41
2026-05-29 11:39:32,twist,1,391,success,8,0.9693,0.7195,0,81.33,16.37,98.0,2.0,81.33,16.37
2026-05-29 11:39:37,twist,1,392,success,4,1.1475,1.7591,0,81.38,16.33,98.0,2.0,81.38,16.33
2026-05-29 11:39:43,twist,1,393,success,6,0.9066,1.2113,0,81.42,16.28,98.0,2.0,81.42,16.28
2026-05-29 11:39:57,twist,1,394,collision,-1,0.8679,0.1572,1,81.22,16.5,97.0,3.0,81.22,16.5
2026-05-29 11:40:07,twist,1,395,success,10,1.1397,0.787,0,81.27,16.46,97.0,3.0,81.27,16.46
2026-05-29 11:40:20,twist,1,396,success,14,0.6046,0.9262,0,81.31,16.41,97.0,3.0,81.31,16.41
2026-05-29 11:40:28,twist,1,397,success,8,0.9604,0.7348,0,81.36,16.37,97.0,3.0,81.36,16.37
2026-05-29 11:40:36,twist,1,398,success,9,1.1999,0.9886,0,81.41,16.33,97.0,3.0,81.41,16.33
2026-05-29 11:40:45,twist,1,399,success,7,0.9403,1.0734,0,81.45,16.29,97.0,3.0,81.45,16.29
2026-05-29 11:40:56,twist,1,400,success,12,0.4333,1.015,0,81.5,16.25,97.0,3.0,81.5,16.25
2026-05-29 11:41:06,twist,1,401,success,10,0.8846,0.72,0,81.55,16.21,97.0,3.0,81.55,16.21
2026-05-29 11:41:22,twist,1,402,success,16,0.4476,0.4678,0,81.59,16.17,97.0,3.0,81.59,16.17
2026-05-29 11:41:28,twist,1,403,success,6,0.9943,1.2064,0,81.64,16.13,97.0,3.0,81.64,16.13
2026-05-29 11:41:41,twist,1,404,success,14,0.4172,1.0186,0,81.68,16.09,97.0,3.0,81.68,16.09
2026-05-29 11:41:48,twist,1,405,success,6,0.9218,1.2929,0,81.73,16.05,97.0,3.0,81.73,16.05
2026-05-29 11:41:55,twist,1,406,success,6,1.1361,1.5322,0,81.77,16.01,97.0,3.0,81.77,16.01
2026-05-29 11:42:03,twist,1,407,success,8,0.5946,1.4348,0,81.82,15.97,97.0,3.0,81.82,15.97
2026-05-29 11:42:13,twist,1,408,success,10,1.0178,0.6918,0,81.86,15.93,97.0,3.0,81.86,15.93
2026-05-29 11:42:21,twist,1,409,success,8,0.9604,0.6902,0,81.91,15.89,97.0,3.0,81.91,15.89
2026-05-29 11:42:30,twist,1,410,success,8,0.8683,0.7934,0,81.95,15.85,97.0,3.0,81.95,15.85
2026-05-29 11:42:40,twist,1,411,success,10,0.7765,1.0355,0,82.0,15.82,97.0,3.0,82.0,15.82
2026-05-29 11:42:50,twist,1,412,success,10,0.7672,0.7823,0,82.04,15.78,97.0,3.0,82.04,15.78
2026-05-29 11:42:58,twist,1,413,success,8,0.8925,0.8018,0,82.08,15.74,97.0,3.0,82.08,15.74
2026-05-29 11:43:07,twist,1,414,success,8,0.8652,0.7124,0,82.13,15.7,97.0,3.0,82.13,15.7
2026-05-29 11:43:12,twist,1,415,success,4,0.8262,1.8323,0,82.17,15.66,97.0,3.0,82.17,15.66
2026-05-29 11:43:20,twist,1,416,success,8,1.0135,0.7523,0,82.21,15.62,97.0,3.0,82.21,15.62
2026-05-29 11:43:28,twist,1,417,success,8,0.2559,1.3315,0,82.25,15.59,97.0,3.0,82.25,15.59
2026-05-29 11:43:48,twist,1,418,success,22,0.3029,0.6047,0,82.3,15.55,98.0,2.0,82.3,15.55
2026-05-29 11:44:01,twist,1,419,success,12,0.5952,0.741,0,82.34,15.51,98.0,2.0,82.34,15.51
2026-05-29 11:44:09,twist,1,420,success,8,0.9666,0.5614,0,82.38,15.48,98.0,2.0,82.38,15.48
2026-05-29 11:44:14,twist,1,421,success,4,0.8539,1.7759,0,82.42,15.44,98.0,2.0,82.42,15.44
2026-05-29 11:44:19,twist,1,422,success,4,0.8963,1.5898,0,82.46,15.4,98.0,2.0,82.46,15.4
2026-05-29 11:44:31,twist,1,423,success,14,0.6079,0.6335,0,82.51,15.37,98.0,2.0,82.51,15.37
2026-05-29 11:44:43,twist,1,424,success,12,0.9381,0.6556,0,82.55,15.33,98.0,2.0,82.55,15.33
2026-05-29 11:44:55,twist,1,425,success,12,0.7708,0.8157,0,82.59,15.29,98.0,2.0,82.59,15.29
2026-05-29 11:45:10,twist,1,426,success,17,0.2456,0.5053,0,82.63,15.26,98.0,2.0,82.63,15.26
2026-05-29 11:45:13,twist,1,427,success,1,65.3693,2.3141,0,82.67,15.22,98.0,2.0,82.67,15.22
2026-05-29 11:45:20,twist,1,428,success,6,1.072,1.2316,0,82.71,15.19,98.0,2.0,82.71,15.19
2026-05-29 11:45:28,twist,1,429,success,8,1.1587,0.9172,0,82.75,15.15,98.0,2.0,82.75,15.15
2026-05-29 11:45:36,twist,1,430,success,8,1.0452,0.803,0,82.79,15.12,98.0,2.0,82.79,15.12
2026-05-29 11:45:46,twist,1,431,success,10,0.6539,0.3156,0,82.83,15.08,98.0,2.0,82.83,15.08
2026-05-29 11:45:56,twist,1,432,success,10,0.8129,0.7384,0,82.87,15.05,98.0,2.0,82.87,15.05
2026-05-29 11:46:03,twist,1,433,success,6,0.8613,1.2796,0,82.91,15.01,98.0,2.0,82.91,15.01
2026-05-29 11:46:15,twist,1,434,success,12,0.8483,0.6432,0,82.95,14.98,98.0,2.0,82.95,14.98
2026-05-29 11:46:26,twist,1,435,success,12,0.6781,0.7494,0,82.99,14.94,98.0,2.0,82.99,14.94
2026-05-29 11:46:32,twist,1,436,success,4,1.4406,1.6382,0,83.03,14.91,98.0,2.0,83.03,14.91
2026-05-29 11:46:37,twist,1,437,success,4,1.4097,1.667,0,83.07,14.87,98.0,2.0,83.07,14.87
2026-05-29 11:46:49,twist,1,438,success,12,0.6097,0.6159,0,83.11,14.84,98.0,2.0,83.11,14.84
2026-05-29 11:47:01,twist,1,439,success,14,0.6062,0.7382,0,83.14,14.81,98.0,2.0,83.14,14.81
2026-05-29 11:47:10,twist,1,440,success,8,0.8582,0.7808,0,83.18,14.77,98.0,2.0,83.18,14.77
2026-05-29 11:47:14,twist,1,441,success,4,0.9572,1.6082,0,83.22,14.74,98.0,2.0,83.22,14.74
2026-05-29 11:47:27,twist,1,442,success,14,0.5384,0.6447,0,83.26,14.71,98.0,2.0,83.26,14.71
2026-05-29 11:47:35,twist,1,443,success,8,1.0345,0.783,0,83.3,14.67,98.0,2.0,83.3,14.67
2026-05-29 11:47:40,twist,1,444,success,4,0.6713,1.7057,0,83.33,14.64,98.0,2.0,83.33,14.64
2026-05-29 11:47:51,twist,1,445,success,12,0.7746,0.7993,0,83.37,14.61,98.0,2.0,83.37,14.61
2026-05-29 11:48:02,twist,1,446,success,10,0.7478,1.1755,0,83.41,14.57,98.0,2.0,83.41,14.57
2026-05-29 11:48:14,twist,1,447,success,14,0.9318,0.7219,0,83.45,14.54,98.0,2.0,83.45,14.54
2026-05-29 11:48:31,twist,1,448,success,18,0.4955,0.5654,0,83.48,14.51,98.0,2.0,83.48,14.51
2026-05-29 11:48:41,twist,1,449,success,10,1.0444,1.095,0,83.52,14.48,98.0,2.0,83.52,14.48
2026-05-29 11:48:52,twist,1,450,success,10,1.0322,0.5968,0,83.56,14.44,98.0,2.0,83.56,14.44
2026-05-29 11:49:00,twist,1,451,success,8,0.912,1.6041,0,83.59,14.41,98.0,2.0,83.59,14.41
2026-05-29 11:49:03,twist,1,452,success,2,3.9634,2.2456,0,83.63,14.38,98.0,2.0,83.63,14.38
2026-05-29 11:49:14,twist,1,453,success,10,0.7391,0.6817,0,83.66,14.35,98.0,2.0,83.66,14.35
2026-05-29 11:49:25,twist,1,454,success,12,0.825,0.9277,0,83.7,14.32,98.0,2.0,83.7,14.32
2026-05-29 11:49:30,twist,1,455,success,4,0.7346,1.7159,0,83.74,14.29,98.0,2.0,83.74,14.29
2026-05-29 11:49:42,twist,1,456,collision,-1,0.7408,0.12,3,83.55,14.47,97.0,3.0,83.55,14.47
2026-05-29 11:49:50,twist,1,457,success,8,1.1484,0.9097,0,83.59,14.44,97.0,3.0,83.59,14.44
2026-05-29 11:49:55,twist,1,458,success,4,1.1763,1.7076,0,83.62,14.41,97.0,3.0,83.62,14.41
2026-05-29 11:50:03,twist,1,459,success,8,0.9652,0.7987,0,83.66,14.38,97.0,3.0,83.66,14.38
2026-05-29 11:50:13,twist,1,460,success,11,0.3195,1.3951,0,83.7,14.35,97.0,3.0,83.7,14.35
2026-05-29 11:50:27,twist,1,461,success,13,0.4847,0.726,0,83.73,14.32,97.0,3.0,83.73,14.32
2026-05-29 11:50:35,twist,1,462,success,8,0.8866,1.1371,0,83.77,14.29,97.0,3.0,83.77,14.29
2026-05-29 11:50:43,twist,1,463,success,8,0.726,1.4614,0,83.8,14.25,97.0,3.0,83.8,14.25
2026-05-29 11:51:02,twist,1,464,success,20,0.3083,0.6064,0,83.84,14.22,98.0,2.0,83.84,14.22
2026-05-29 11:51:14,twist,1,465,collision,-1,0.9346,0.12,1,83.66,14.41,97.0,3.0,83.66,14.41
2026-05-29 11:51:25,twist,1,466,success,12,0.7761,1.0038,0,83.69,14.38,97.0,3.0,83.69,14.38
2026-05-29 11:51:34,twist,1,467,success,8,0.877,0.6612,0,83.73,14.35,97.0,3.0,83.73,14.35
2026-05-29 11:51:41,twist,1,468,success,6,0.9167,1.7354,0,83.76,14.32,97.0,3.0,83.76,14.32
2026-05-29 11:51:55,twist,1,469,success,14,0.8037,0.7636,0,83.8,14.29,97.0,3.0,83.8,14.29
2026-05-29 11:52:03,twist,1,470,success,8,1.2009,0.9872,0,83.83,14.26,97.0,3.0,83.83,14.26
2026-05-29 11:52:06,twist,1,471,success,2,2.0309,2.0921,0,83.86,14.23,97.0,3.0,83.86,14.23
2026-05-29 11:52:16,twist,1,472,success,10,0.4289,1.4419,0,83.9,14.19,97.0,3.0,83.9,14.19
2026-05-29 11:52:26,twist,1,473,success,10,0.5901,1.3549,0,83.93,14.16,97.0,3.0,83.93,14.16
2026-05-29 11:52:29,twist,1,474,success,3,2.8693,2.1566,0,83.97,14.14,97.0,3.0,83.97,14.14
2026-05-29 11:52:33,twist,1,475,success,1,405.7837,2.3146,0,84.0,14.11,97.0,3.0,84.0,14.11
2026-05-29 11:52:41,twist,1,476,success,8,0.8038,1.0257,0,84.03,14.08,97.0,3.0,84.03,14.08
2026-05-29 11:52:52,twist,1,477,success,10,0.8815,0.6845,0,84.07,14.05,97.0,3.0,84.07,14.05
2026-05-29 11:52:57,twist,1,478,success,4,0.9646,1.7392,0,84.1,14.02,97.0,3.0,84.1,14.02
2026-05-29 11:53:05,twist,1,479,success,8,0.735,1.079,0,84.13,13.99,97.0,3.0,84.13,13.99
2026-05-29 11:53:16,twist,1,480,success,10,0.8589,0.5707,0,84.17,13.96,97.0,3.0,84.17,13.96
2026-05-29 11:53:22,twist,1,481,success,7,1.2096,1.1205,0,84.2,13.93,97.0,3.0,84.2,13.93
2026-05-29 11:53:35,twist,1,482,success,13,0.7113,0.7378,0,84.23,13.9,97.0,3.0,84.23,13.9
2026-05-29 11:53:47,twist,1,483,success,12,0.9045,0.2544,1,84.27,13.87,97.0,3.0,84.27,13.87
2026-05-29 11:53:53,twist,1,484,success,6,1.1763,1.1524,0,84.3,13.84,97.0,3.0,84.3,13.84
2026-05-29 11:54:04,twist,1,485,success,10,0.7691,0.5272,0,84.33,13.81,97.0,3.0,84.33,13.81
2026-05-29 11:54:11,twist,1,486,success,6,0.8288,1.6625,0,84.36,13.79,97.0,3.0,84.36,13.79
2026-05-29 11:54:22,twist,1,487,success,12,0.6829,0.8589,0,84.39,13.76,97.0,3.0,84.39,13.76
2026-05-29 11:54:27,twist,1,488,success,4,1.0505,1.5352,0,84.43,13.73,97.0,3.0,84.43,13.73
2026-05-29 11:54:36,twist,1,489,success,9,0.9938,0.6444,0,84.46,13.7,97.0,3.0,84.46,13.7
2026-05-29 11:54:48,twist,1,490,success,11,0.7053,0.9266,0,84.49,13.67,97.0,3.0,84.49,13.67
2026-05-29 11:54:57,twist,1,491,success,10,0.9804,0.9654,0,84.52,13.65,97.0,3.0,84.52,13.65
2026-05-29 11:55:02,twist,1,492,success,4,1.1621,1.8796,0,84.55,13.62,97.0,3.0,84.55,13.62
2026-05-29 11:55:09,twist,1,493,success,6,1.178,1.3899,0,84.58,13.59,97.0,3.0,84.58,13.59
2026-05-29 11:55:21,twist,1,494,success,12,0.941,0.7273,0,84.62,13.56,98.0,2.0,84.62,13.56
2026-05-29 11:55:31,twist,1,495,success,10,0.6251,1.318,0,84.65,13.54,98.0,2.0,84.65,13.54
2026-05-29 11:55:41,twist,1,496,success,10,0.6811,0.5697,0,84.68,13.51,98.0,2.0,84.68,13.51
2026-05-29 11:55:48,twist,1,497,success,6,0.9762,1.1354,0,84.71,13.48,98.0,2.0,84.71,13.48
2026-05-29 11:55:53,twist,1,498,success,4,1.0487,1.8781,0,84.74,13.45,98.0,2.0,84.74,13.45
2026-05-29 11:56:04,twist,1,499,success,12,0.6311,0.7411,0,84.77,13.43,98.0,2.0,84.77,13.43
2026-05-29 11:56:19,twist,1,500,success,16,0.4951,0.4934,0,84.8,13.4,98.0,2.0,84.8,13.4
2026-05-29 11:56:26,twist,1,501,success,6,1.1081,1.0772,0,84.83,13.37,98.0,2.0,85.0,13.2
2026-05-29 11:56:39,twist,1,502,success,14,0.8248,0.8395,0,84.86,13.35,98.0,2.0,85.2,13.0
2026-05-29 11:56:51,twist,1,503,success,12,0.8472,0.8779,0,84.89,13.32,98.0,2.0,85.2,13.0
2026-05-29 11:56:59,twist,1,504,success,8,0.5932,1.5183,0,84.92,13.29,98.0,2.0,85.2,13.0
2026-05-29 11:57:13,twist,1,505,success,14,0.6814,0.712,0,84.95,13.27,98.0,2.0,85.2,13.0
2026-05-29 11:57:25,twist,1,506,success,12,0.838,0.4676,0,84.98,13.24,98.0,2.0,85.4,12.8
2026-05-29 11:57:35,twist,1,507,success,10,0.9096,0.6117,0,85.01,13.21,98.0,2.0,85.4,12.8
2026-05-29 11:57:43,twist,1,508,success,8,0.989,0.9139,0,85.04,13.19,98.0,2.0,85.6,12.6
2026-05-29 11:57:53,twist,1,509,success,10,1.0173,0.7451,0,85.07,13.16,98.0,2.0,85.8,12.4
2026-05-29 11:58:01,twist,1,510,success,8,0.8883,1.0467,0,85.1,13.14,98.0,2.0,86.0,12.2
2026-05-29 11:58:13,twist,1,511,collision,-1,0.4543,0.1624,1,84.93,13.31,97.0,3.0,86.0,12.2
2026-05-29 11:58:26,twist,1,512,success,14,0.773,0.864,0,84.96,13.28,97.0,3.0,86.2,12.0
2026-05-29 11:58:33,twist,1,513,success,6,0.8665,1.4136,0,84.99,13.26,97.0,3.0,86.4,11.8
2026-05-29 11:58:39,twist,1,514,success,6,1.263,1.1869,0,85.02,13.23,97.0,3.0,86.4,11.8
2026-05-29 11:58:46,twist,1,515,success,6,1.1696,0.9901,0,85.05,13.2,97.0,3.0,86.6,11.6
2026-05-29 11:58:54,twist,1,516,success,8,1.0808,1.0956,0,85.08,13.18,97.0,3.0,86.8,11.4
2026-05-29 11:59:06,twist,1,517,success,12,0.722,0.4706,0,85.11,13.15,97.0,3.0,87.0,11.2
2026-05-29 11:59:25,twist,1,518,success,20,0.2898,0.7608,0,85.14,13.13,97.0,3.0,87.2,11.0
2026-05-29 11:59:34,twist,1,519,success,10,0.594,1.0247,0,85.16,13.1,97.0,3.0,87.2,11.0
2026-05-29 11:59:48,twist,1,520,success,14,0.4433,0.3354,0,85.19,13.08,97.0,3.0,87.2,11.0
2026-05-29 11:59:56,twist,1,521,success,8,1.0732,0.9997,0,85.22,13.05,97.0,3.0,87.4,10.8
2026-05-29 12:00:05,twist,1,522,success,8,0.9395,0.5123,0,85.25,13.03,97.0,3.0,87.4,10.8
2026-05-29 12:00:17,twist,1,523,success,12,0.9012,0.4095,0,85.28,13.0,97.0,3.0,87.6,10.6
2026-05-29 12:00:27,twist,1,524,success,10,0.5503,1.0349,0,85.31,12.98,97.0,3.0,87.8,10.4
2026-05-29 12:00:39,twist,1,525,success,12,0.988,0.487,0,85.33,12.95,97.0,3.0,87.8,10.4
2026-05-29 12:00:46,twist,1,526,success,6,0.9817,1.195,0,85.36,12.93,97.0,3.0,88.0,10.2
2026-05-29 12:01:01,twist,1,527,collision,-1,0.5451,0.1279,1,85.2,13.09,96.0,4.0,88.0,10.2
2026-05-29 12:01:19,twist,1,528,success,14,0.4274,0.7522,0,85.23,13.07,96.0,4.0,88.2,10.0
2026-05-29 12:01:25,twist,1,529,success,6,0.7838,1.0207,0,85.26,13.04,96.0,4.0,88.4,9.8
2026-05-29 12:01:33,twist,1,530,success,9,1.1526,0.931,0,85.28,13.02,96.0,4.0,88.4,9.8
2026-05-29 12:01:43,twist,1,531,success,9,0.893,1.1537,0,85.31,12.99,96.0,4.0,88.6,9.6
2026-05-29 12:01:50,twist,1,532,success,6,0.9189,1.5302,0,85.34,12.97,96.0,4.0,88.8,9.4
2026-05-29 12:02:02,twist,1,533,success,12,0.5256,0.8922,0,85.37,12.95,96.0,4.0,89.0,9.2
2026-05-29 12:02:12,twist,1,534,success,10,0.6388,0.4961,0,85.39,12.92,96.0,4.0,89.2,9.0
2026-05-29 12:02:29,twist,1,535,success,18,0.1685,1.1991,0,85.42,12.9,96.0,4.0,89.2,9.0
2026-05-29 12:02:37,twist,1,536,success,8,0.9053,0.529,0,85.45,12.87,96.0,4.0,89.2,9.0
2026-05-29 12:02:38,twist,1,537,success,1,55.1317,2.3154,0,85.47,12.85,96.0,4.0,89.4,8.8
2026-05-29 12:02:50,twist,1,538,success,11,0.4453,1.06,0,85.5,12.83,96.0,4.0,89.4,8.8
2026-05-29 12:02:55,twist,1,539,success,4,1.3191,1.8659,0,85.53,12.8,96.0,4.0,89.4,8.8
2026-05-29 12:03:01,twist,1,540,success,6,0.9667,1.2426,0,85.56,12.78,96.0,4.0,89.6,8.6
2026-05-29 12:03:13,twist,1,541,success,12,0.9625,0.3301,0,85.58,12.75,96.0,4.0,89.8,8.4
2026-05-29 12:03:23,twist,1,542,success,10,0.79,0.5513,0,85.61,12.73,96.0,4.0,90.0,8.2
2026-05-29 12:03:26,twist,1,543,success,2,2.6153,2.2031,0,85.64,12.71,96.0,4.0,90.2,8.0
2026-05-29 12:03:36,twist,1,544,success,10,0.823,0.6925,0,85.66,12.68,96.0,4.0,90.4,7.8
2026-05-29 12:03:48,twist,1,545,success,12,0.4355,0.6869,0,85.69,12.66,96.0,4.0,90.4,7.8
2026-05-29 12:03:59,twist,1,546,success,10,1.0175,0.7517,0,85.71,12.64,96.0,4.0,90.6,7.8
2026-05-29 12:04:12,twist,1,547,success,14,0.8005,0.3704,0,85.74,12.61,96.0,4.0,90.6,7.8
2026-05-29 12:04:21,twist,1,548,success,10,0.9528,0.6977,0,85.77,12.59,96.0,4.0,90.6,7.8
2026-05-29 12:04:48,twist,1,549,success,28,0.2124,0.3538,0,85.79,12.57,96.0,4.0,90.8,7.6
2026-05-29 12:04:57,twist,1,550,success,10,1.0403,1.0024,0,85.82,12.55,96.0,4.0,91.0,7.4
2026-05-29 12:05:01,twist,1,551,success,2,1.5795,1.8092,0,85.84,12.52,96.0,4.0,91.0,7.4
2026-05-29 12:05:09,twist,1,552,success,8,0.8725,1.4175,0,85.87,12.5,96.0,4.0,91.2,7.2
2026-05-29 12:05:25,twist,1,553,success,16,0.1292,1.2774,0,85.9,12.48,96.0,4.0,91.2,7.2
2026-05-29 12:05:35,twist,1,554,collision,-1,0.8835,0.1893,1,85.74,12.64,95.0,5.0,91.0,7.4
2026-05-29 12:05:43,twist,1,555,success,8,0.9071,0.9239,0,85.77,12.61,95.0,5.0,91.0,7.4
2026-05-29 12:05:52,twist,1,556,success,9,0.3927,1.3646,0,85.79,12.59,96.0,4.0,91.0,7.4
2026-05-29 12:06:00,twist,1,557,success,7,1.1123,1.3953,0,85.82,12.57,96.0,4.0,91.0,7.4
2026-05-29 12:06:07,twist,1,558,success,6,1.1818,1.2692,0,85.84,12.54,96.0,4.0,91.0,7.4
2026-05-29 12:06:19,twist,1,559,success,12,0.7607,0.4313,0,85.87,12.52,96.0,4.0,91.0,7.4
2026-05-29 12:06:24,twist,1,560,success,4,1.0148,1.6557,0,85.89,12.5,96.0,4.0,91.2,7.2
2026-05-29 12:06:59,twist,1,561,success,40,0.1,0.9511,0,85.92,12.48,96.0,4.0,91.2,7.2
2026-05-29 12:07:06,twist,1,562,success,6,0.5686,1.7703,0,85.94,12.46,96.0,4.0,91.2,7.2
2026-05-29 12:07:17,twist,1,563,success,10,0.5399,1.2362,0,85.97,12.43,96.0,4.0,91.4,7.0
2026-05-29 12:07:25,twist,1,564,success,8,0.866,1.0131,0,85.99,12.41,96.0,4.0,91.6,6.8
2026-05-29 12:07:33,twist,1,565,success,8,0.9624,1.0602,0,86.02,12.39,97.0,3.0,91.8,6.6
2026-05-29 12:08:04,twist,1,566,success,34,0.0595,1.3547,0,86.04,12.37,97.0,3.0,92.0,6.4
2026-05-29 12:08:18,twist,1,567,success,12,0.8585,0.7774,0,86.07,12.35,97.0,3.0,92.2,6.4
2026-05-29 12:08:24,twist,1,568,success,6,1.3172,1.6,0,86.09,12.32,97.0,3.0,92.4,6.4
2026-05-29 12:08:26,twist,1,569,success,1,60.8182,2.3191,0,86.12,12.3,97.0,3.0,92.4,6.4
2026-05-29 12:08:40,twist,1,570,success,13,0.5895,1.037,0,86.14,12.28,97.0,3.0,92.6,6.4
2026-05-29 12:08:50,twist,1,571,success,10,0.6012,1.3322,0,86.16,12.26,97.0,3.0,92.8,6.4
2026-05-29 12:08:57,twist,1,572,success,6,1.0559,1.3446,0,86.19,12.24,97.0,3.0,92.8,6.4
2026-05-29 12:09:05,twist,1,573,success,9,1.1591,1.3057,0,86.21,12.22,97.0,3.0,92.8,6.4
2026-05-29 12:09:11,twist,1,574,success,5,0.8694,1.2933,0,86.24,12.2,97.0,3.0,92.8,6.4
2026-05-29 12:09:29,twist,1,575,success,18,0.5569,0.5577,0,86.26,12.17,97.0,3.0,93.0,6.2
2026-05-29 12:09:35,twist,1,576,success,6,1.1425,1.258,0,86.28,12.15,97.0,3.0,93.2,6.0
2026-05-29 12:09:46,twist,1,577,success,10,0.925,0.7605,0,86.31,12.13,97.0,3.0,93.2,6.0
2026-05-29 12:09:54,twist,1,578,success,8,0.2826,1.4638,0,86.33,12.11,97.0,3.0,93.4,5.8
2026-05-29 12:10:01,twist,1,579,success,6,0.8114,1.7199,0,86.36,12.09,97.0,3.0,93.6,5.8
2026-05-29 12:10:15,twist,1,580,success,14,0.9749,0.4671,0,86.38,12.07,97.0,3.0,93.6,5.8
2026-05-29 12:10:20,twist,1,581,success,4,1.3339,1.6852,0,86.4,12.05,97.0,3.0,93.6,5.8
2026-05-29 12:10:34,twist,1,582,success,16,0.9314,0.667,0,86.43,12.03,97.0,3.0,93.6,5.8
2026-05-29 12:10:46,twist,1,583,success,12,0.9961,0.7032,0,86.45,12.01,97.0,3.0,93.8,5.8
2026-05-29 12:10:57,twist,1,584,success,10,0.9474,0.7239,0,86.47,11.99,97.0,3.0,93.8,5.8
2026-05-29 12:11:08,twist,1,585,success,12,0.9173,0.3553,0,86.5,11.97,97.0,3.0,94.0,5.8
2026-05-29 12:11:19,twist,1,586,success,10,0.7347,0.7987,0,86.52,11.95,97.0,3.0,94.2,5.6
2026-05-29 12:11:32,twist,1,587,collision,-1,0.687,0.194,1,86.37,12.1,96.0,4.0,94.2,5.8
2026-05-29 12:11:41,twist,1,588,success,8,0.9714,0.7795,0,86.39,12.07,96.0,4.0,94.2,5.8
2026-05-29 12:11:45,twist,1,589,success,4,0.9153,1.7368,0,86.42,12.05,96.0,4.0,94.2,5.8
2026-05-29 12:11:52,twist,1,590,success,6,1.1692,1.4021,0,86.44,12.03,96.0,4.0,94.2,5.8
2026-05-29 12:12:09,twist,1,591,success,18,0.6329,0.5367,0,86.46,12.01,96.0,4.0,94.2,5.8
2026-05-29 12:12:21,twist,1,592,success,12,0.7258,0.6934,0,86.49,11.99,96.0,4.0,94.2,5.8
2026-05-29 12:12:31,twist,1,593,success,10,0.2385,1.1532,0,86.51,11.97,96.0,4.0,94.2,5.8
2026-05-29 12:12:41,twist,1,594,success,10,0.9033,0.4863,0,86.53,11.95,96.0,4.0,94.2,5.8
2026-05-29 12:12:52,twist,1,595,success,10,0.9663,0.7997,0,86.55,11.93,96.0,4.0,94.2,5.8
2026-05-29 12:12:58,twist,1,596,success,7,1.3094,1.2729,0,86.58,11.91,96.0,4.0,94.2,5.8
2026-05-29 12:13:02,twist,1,597,success,1,158.7836,2.3154,0,86.6,11.89,96.0,4.0,94.2,5.8
2026-05-29 12:13:11,twist,1,598,success,10,0.4358,1.2135,0,86.62,11.87,96.0,4.0,94.2,5.8
2026-05-29 12:13:22,twist,1,599,success,10,1.1029,1.074,0,86.64,11.85,96.0,4.0,94.2,5.8
2026-05-29 12:13:31,twist,1,600,success,8,0.9176,1.1369,0,86.67,11.83,96.0,4.0,94.2,5.8
2026-05-29 12:13:44,twist,1,601,success,14,0.7988,0.4694,0,86.69,11.81,96.0,4.0,94.2,5.8
2026-05-29 12:13:55,twist,1,602,success,10,0.8762,0.8623,0,86.71,11.79,96.0,4.0,94.2,5.8
2026-05-29 12:14:05,twist,1,603,success,10,0.8844,1.0677,0,86.73,11.77,96.0,4.0,94.2,5.8
2026-05-29 12:14:11,twist,1,604,success,6,1.1155,1.0972,0,86.75,11.75,96.0,4.0,94.2,5.8
2026-05-29 12:14:18,twist,1,605,success,6,1.0494,1.4672,0,86.78,11.74,96.0,4.0,94.2,5.8
2026-05-29 12:14:23,twist,1,606,success,4,1.2863,1.7292,0,86.8,11.72,96.0,4.0,94.2,5.8
2026-05-29 12:14:35,twist,1,607,success,12,0.7515,0.5557,0,86.82,11.7,96.0,4.0,94.2,5.8
2026-05-29 12:14:44,twist,1,608,success,8,0.9675,1.177,0,86.84,11.68,96.0,4.0,94.2,5.8
2026-05-29 12:14:56,twist,1,609,collision,-1,0.6349,0.1711,1,86.7,11.82,95.0,5.0,94.0,6.0
2026-05-29 12:15:06,twist,1,610,success,10,1.0752,0.8533,0,86.72,11.8,95.0,5.0,94.0,6.0
2026-05-29 12:15:11,twist,1,611,success,4,0.8136,1.7295,0,86.74,11.78,96.0,4.0,94.0,6.0
2026-05-29 12:15:13,twist,1,612,success,1,45.6709,2.3245,0,86.76,11.76,96.0,4.0,94.0,6.0
2026-05-29 12:15:22,twist,1,613,success,7,0.9028,0.954,0,86.79,11.75,96.0,4.0,94.0,6.0
2026-05-29 12:15:28,twist,1,614,success,7,1.4274,1.4919,0,86.81,11.73,96.0,4.0,94.0,6.0
2026-05-29 12:15:33,twist,1,615,success,3,1.1202,1.8679,0,86.83,11.71,96.0,4.0,94.0,6.0
2026-05-29 12:15:43,twist,1,616,success,10,0.7118,1.3451,0,86.85,11.69,96.0,4.0,94.0,6.0
2026-05-29 12:15:55,twist,1,617,success,12,0.7605,1.0945,0,86.87,11.67,96.0,4.0,94.0,6.0
2026-05-29 12:16:04,twist,1,618,success,8,1.0828,1.0789,0,86.89,11.65,96.0,4.0,94.0,6.0
2026-05-29 12:16:16,twist,1,619,success,12,0.9287,0.7097,0,86.91,11.63,96.0,4.0,94.0,6.0
2026-05-29 12:16:26,twist,1,620,success,10,0.9825,0.9264,0,86.94,11.61,96.0,4.0,94.0,6.0
2026-05-29 12:16:31,twist,1,621,success,4,1.0294,1.7122,0,86.96,11.59,96.0,4.0,94.0,6.0
2026-05-29 12:16:41,twist,1,622,success,10,0.7224,0.8132,0,86.98,11.58,96.0,4.0,94.2,5.8
2026-05-29 12:16:56,twist,1,623,success,14,0.6236,0.9638,0,87.0,11.56,96.0,4.0,94.2,5.8
2026-05-29 12:17:08,twist,1,624,success,12,0.7525,0.9278,0,87.02,11.54,96.0,4.0,94.2,5.8
2026-05-29 12:17:16,twist,1,625,success,8,1.0837,1.1023,0,87.04,11.52,96.0,4.0,94.2,5.8
2026-05-29 12:17:25,twist,1,626,success,8,1.0547,0.7457,0,87.06,11.5,96.0,4.0,94.2,5.8
2026-05-29 12:17:32,twist,1,627,success,6,1.1153,1.1802,0,87.08,11.48,97.0,3.0,94.2,5.8
2026-05-29 12:17:37,twist,1,628,success,4,1.2814,1.6387,0,87.1,11.46,97.0,3.0,94.2,5.8
2026-05-29 12:17:47,twist,1,629,success,10,0.8713,0.6798,0,87.12,11.45,97.0,3.0,94.2,5.8
2026-05-29 12:17:54,twist,1,630,success,6,0.9574,1.0961,0,87.14,11.43,97.0,3.0,94.2,5.8
2026-05-29 12:18:03,twist,1,631,success,8,0.8612,0.8999,0,87.16,11.41,97.0,3.0,94.2,5.8
2026-05-29 12:18:18,twist,1,632,success,16,0.5741,0.4456,0,87.18,11.39,97.0,3.0,94.2,5.8
2026-05-29 12:18:25,twist,1,633,success,6,1.2088,1.2406,0,87.2,11.37,97.0,3.0,94.2,5.8
2026-05-29 12:18:50,twist,1,634,success,28,0.1495,0.7509,0,87.22,11.36,97.0,3.0,94.2,5.8
2026-05-29 12:18:59,twist,1,635,collision,-1,0.7386,0.12,1,87.09,11.5,96.0,4.0,94.0,6.0
2026-05-29 12:19:09,twist,1,636,success,10,0.7078,0.4055,0,87.11,11.48,96.0,4.0,94.2,5.8
2026-05-29 12:19:16,twist,1,637,success,6,0.9963,1.377,0,87.13,11.46,96.0,4.0,94.2,5.8
2026-05-29 12:19:24,twist,1,638,success,8,0.3974,1.4455,0,87.15,11.44,96.0,4.0,94.2,5.8
2026-05-29 12:19:30,twist,1,639,success,6,1.0946,1.3681,0,87.17,11.42,96.0,4.0,94.2,5.8
2026-05-29 12:19:41,twist,1,640,success,10,1.0051,0.8369,0,87.19,11.41,96.0,4.0,94.2,5.8
2026-05-29 12:19:49,twist,1,641,success,8,0.9433,0.9277,0,87.21,11.39,96.0,4.0,94.2,5.8
2026-05-29 12:19:56,twist,1,642,success,6,0.6373,1.6116,0,87.23,11.37,96.0,4.0,94.2,5.8
2026-05-29 12:20:08,twist,1,643,success,12,0.7568,0.9511,0,87.25,11.35,96.0,4.0,94.2,5.8
2026-05-29 12:20:10,twist,1,644,success,1,43.8172,2.3151,0,87.27,11.34,96.0,4.0,94.2,5.8
2026-05-29 12:20:26,twist,1,645,success,17,0.1753,0.7613,0,87.29,11.32,96.0,4.0,94.2,5.8
2026-05-29 12:20:35,twist,1,646,success,8,0.9152,1.0993,0,87.31,11.3,96.0,4.0,94.2,5.8
2026-05-29 12:20:46,twist,1,647,success,12,0.2359,1.2251,0,87.33,11.28,96.0,4.0,94.2,5.8
2026-05-29 12:20:55,twist,1,648,success,8,0.6059,1.1494,0,87.35,11.27,96.0,4.0,94.2,5.8
2026-05-29 12:21:05,twist,1,649,success,10,0.9412,0.4512,0,87.37,11.25,96.0,4.0,94.2,5.8
2026-05-29 12:21:12,twist,1,650,success,6,0.4746,1.1887,0,87.38,11.23,96.0,4.0,94.2,5.8
2026-05-29 12:21:19,twist,1,651,success,6,0.5247,1.4625,0,87.4,11.21,96.0,4.0,94.2,5.8
2026-05-29 12:21:28,twist,1,652,success,8,0.7419,1.0687,0,87.42,11.2,96.0,4.0,94.2,5.8
2026-05-29 12:21:36,twist,1,653,success,8,1.027,0.7372,0,87.44,11.18,96.0,4.0,94.2,5.8
2026-05-29 12:21:52,twist,1,654,success,16,0.3861,0.3265,0,87.46,11.16,97.0,3.0,94.2,5.8
2026-05-29 12:22:01,twist,1,655,success,8,0.1904,1.5773,0,87.48,11.15,97.0,3.0,94.2,5.8
2026-05-29 12:22:15,twist,1,656,success,14,0.9238,0.4931,0,87.5,11.13,97.0,3.0,94.4,5.6
2026-05-29 12:22:18,twist,1,657,success,2,1.47,2.0481,0,87.52,11.11,97.0,3.0,94.4,5.6
2026-05-29 12:22:21,twist,1,658,success,2,1.4084,1.9093,0,87.54,11.09,97.0,3.0,94.4,5.6
2026-05-29 12:22:30,twist,1,659,success,8,0.3417,1.3269,0,87.56,11.08,97.0,3.0,94.4,5.6
2026-05-29 12:22:42,twist,1,660,collision,-1,0.6653,0.12,1,87.42,11.21,96.0,4.0,94.2,5.8
2026-05-29 12:22:51,twist,1,661,success,8,0.8712,1.1251,0,87.44,11.2,96.0,4.0,94.2,5.8
2026-05-29 12:23:01,twist,1,662,success,10,0.8566,0.9157,0,87.46,11.18,96.0,4.0,94.4,5.6
2026-05-29 12:23:14,twist,1,663,success,12,0.6099,0.5542,0,87.48,11.16,96.0,4.0,94.4,5.6
2026-05-29 12:23:25,twist,1,664,success,12,0.9004,0.6763,0,87.5,11.14,96.0,4.0,94.4,5.6
2026-05-29 12:23:35,twist,1,665,success,10,0.5503,1.2378,0,87.52,11.13,96.0,4.0,94.4,5.6
2026-05-29 12:23:50,twist,1,666,success,16,0.5915,0.458,0,87.54,11.11,96.0,4.0,94.4,5.6
2026-05-29 12:23:57,twist,1,667,success,6,0.8663,1.3124,0,87.56,11.09,96.0,4.0,94.4,5.6
2026-05-29 12:24:08,twist,1,668,success,10,0.9215,0.9236,0,87.57,11.08,96.0,4.0,94.4,5.6
2026-05-29 12:24:20,twist,1,669,success,12,0.7955,0.6895,0,87.59,11.06,96.0,4.0,94.4,5.6
2026-05-29 12:24:29,twist,1,670,success,8,0.8152,0.6574,0,87.61,11.04,96.0,4.0,94.4,5.6
2026-05-29 12:24:41,twist,1,671,success,12,0.6211,1.32,0,87.63,11.03,96.0,4.0,94.6,5.4
2026-05-29 12:24:53,twist,1,672,success,12,0.8477,0.4745,0,87.65,11.01,96.0,4.0,94.6,5.4
2026-05-29 12:25:03,twist,1,673,success,10,0.9291,0.7408,0,87.67,11.0,96.0,4.0,94.6,5.4
2026-05-29 12:25:14,twist,1,674,success,10,0.9777,1.0853,0,87.69,10.98,96.0,4.0,94.6,5.4
2026-05-29 12:25:28,twist,1,675,success,14,0.7045,0.5028,0,87.7,10.96,96.0,4.0,94.6,5.4
2026-05-29 12:25:38,twist,1,676,success,10,0.64,1.0981,0,87.72,10.95,96.0,4.0,94.6,5.4
2026-05-29 12:25:44,twist,1,677,success,4,0.5817,1.6086,0,87.74,10.93,96.0,4.0,94.8,5.2
2026-05-29 12:25:51,twist,1,678,success,6,0.9776,1.3968,0,87.76,10.91,96.0,4.0,94.8,5.2
2026-05-29 12:26:09,twist,1,679,success,18,0.2336,0.9175,0,87.78,10.9,96.0,4.0,94.8,5.2
2026-05-29 12:26:17,twist,1,680,success,8,0.8419,0.9482,0,87.79,10.88,96.0,4.0,94.8,5.2
2026-05-29 12:26:22,twist,1,681,success,4,0.7952,1.4422,0,87.81,10.87,96.0,4.0,94.8,5.2
2026-05-29 12:26:30,twist,1,682,success,8,1.1126,1.0407,0,87.83,10.85,96.0,4.0,94.8,5.2
2026-05-29 12:26:39,twist,1,683,success,8,1.1093,0.8924,0,87.85,10.83,96.0,4.0,94.8,5.2
2026-05-29 12:26:49,twist,1,684,success,10,0.7098,1.6693,0,87.87,10.82,96.0,4.0,94.8,5.2
2026-05-29 12:26:54,twist,1,685,success,4,0.7501,1.5881,0,87.88,10.8,96.0,4.0,94.8,5.2
2026-05-29 12:27:02,twist,1,686,success,8,0.3313,1.6304,0,87.9,10.79,96.0,4.0,94.8,5.2
2026-05-29 12:27:11,twist,1,687,success,8,0.7629,1.1021,0,87.92,10.77,97.0,3.0,94.8,5.2
2026-05-29 12:27:21,twist,1,688,success,10,0.6639,0.6847,0,87.94,10.76,97.0,3.0,94.8,5.2
2026-05-29 12:27:33,twist,1,689,success,12,0.8472,0.7804,0,87.95,10.74,97.0,3.0,94.8,5.2
2026-05-29 12:27:47,twist,1,690,success,14,0.6939,0.7783,0,87.97,10.72,97.0,3.0,94.8,5.2
2026-05-29 12:27:49,twist,1,691,success,1,53.1399,2.3202,0,87.99,10.71,97.0,3.0,94.8,5.2
2026-05-29 12:28:00,twist,1,692,success,11,0.299,1.354,0,88.01,10.69,97.0,3.0,95.0,5.0
2026-05-29 12:28:08,twist,1,693,success,8,0.31,1.526,0,88.02,10.68,97.0,3.0,95.0,5.0
2026-05-29 12:28:19,twist,1,694,success,10,0.5535,1.0949,0,88.04,10.66,97.0,3.0,95.0,5.0
2026-05-29 12:28:27,twist,1,695,success,8,0.6718,1.1762,0,88.06,10.65,97.0,3.0,95.0,5.0
2026-05-29 12:28:41,twist,1,696,success,14,0.4989,0.309,0,88.07,10.63,97.0,3.0,95.0,5.0
2026-05-29 12:28:51,twist,1,697,success,10,0.6735,0.8585,0,88.09,10.62,97.0,3.0,95.0,5.0
2026-05-29 12:29:02,twist,1,698,success,10,0.8161,0.7387,0,88.11,10.6,97.0,3.0,95.0,5.0
2026-05-29 12:29:10,twist,1,699,success,8,0.6646,1.241,0,88.13,10.59,97.0,3.0,95.0,5.0
2026-05-29 12:29:17,twist,1,700,success,6,1.0037,1.5035,0,88.14,10.57,97.0,3.0,95.0,5.0
2026-05-29 12:29:22,twist,1,701,success,4,1.3834,1.659,0,88.16,10.56,97.0,3.0,95.0,5.0
2026-05-29 12:29:29,twist,1,702,success,6,1.158,1.8304,0,88.18,10.54,97.0,3.0,95.0,5.0
2026-05-29 12:29:39,twist,1,703,success,10,0.8748,0.8146,0,88.19,10.53,97.0,3.0,95.0,5.0
2026-05-29 12:29:48,twist,1,704,success,8,1.02,0.8756,0,88.21,10.51,97.0,3.0,95.0,5.0
2026-05-29 12:29:58,twist,1,705,success,10,0.8137,0.7435,0,88.23,10.5,97.0,3.0,95.0,5.0
2026-05-29 12:30:03,twist,1,706,success,4,1.1801,1.9331,0,88.24,10.48,97.0,3.0,95.0,5.0
2026-05-29 12:30:13,twist,1,707,success,10,0.9791,0.7825,0,88.26,10.47,97.0,3.0,95.0,5.0
2026-05-29 12:30:26,twist,1,708,success,14,0.7793,0.7915,0,88.28,10.45,97.0,3.0,95.0,5.0
2026-05-29 12:30:37,twist,1,709,success,10,0.7983,1.2082,0,88.29,10.44,98.0,2.0,95.0,5.0
2026-05-29 12:30:44,twist,1,710,success,6,0.5191,1.5162,0,88.31,10.42,98.0,2.0,95.0,5.0
2026-05-29 12:30:51,twist,1,711,success,6,0.8761,1.3441,0,88.33,10.41,98.0,2.0,95.0,5.0
2026-05-29 12:30:59,twist,1,712,success,8,1.2022,1.6609,0,88.34,10.39,98.0,2.0,95.0,5.0
2026-05-29 12:31:10,twist,1,713,success,10,1.0237,0.6804,0,88.36,10.38,98.0,2.0,95.0,5.0
2026-05-29 12:31:20,twist,1,714,success,10,0.7104,0.7901,0,88.38,10.36,98.0,2.0,95.0,5.0
2026-05-29 12:31:25,twist,1,715,success,4,0.872,1.6185,0,88.39,10.35,98.0,2.0,95.0,5.0
2026-05-29 12:31:36,twist,1,716,success,12,0.6775,0.6527,0,88.41,10.34,98.0,2.0,95.0,5.0
2026-05-29 12:31:41,twist,1,717,success,4,1.0359,1.6389,0,88.42,10.32,98.0,2.0,95.0,5.0
2026-05-29 12:31:50,twist,1,718,success,8,0.3025,1.4101,0,88.44,10.31,98.0,2.0,95.0,5.0
2026-05-29 12:31:57,twist,1,719,success,6,0.9429,0.9046,0,88.46,10.29,98.0,2.0,95.0,5.0
2026-05-29 12:32:03,twist,1,720,success,6,0.768,1.3133,0,88.47,10.28,98.0,2.0,95.0,5.0
2026-05-29 12:32:08,twist,1,721,success,5,1.2813,1.6692,0,88.49,10.26,98.0,2.0,95.0,5.0
2026-05-29 12:32:25,twist,1,722,success,17,0.5713,0.4415,0,88.5,10.25,98.0,2.0,95.2,4.8
2026-05-29 12:32:32,twist,1,723,success,6,1.0176,1.3815,0,88.52,10.24,98.0,2.0,95.4,4.6
2026-05-29 12:32:47,twist,1,724,success,14,0.6825,0.5651,0,88.54,10.22,98.0,2.0,95.4,4.6
2026-05-29 12:33:01,twist,1,725,success,14,0.2752,0.9024,0,88.55,10.21,98.0,2.0,95.4,4.6
2026-05-29 12:33:12,twist,1,726,success,10,0.6666,1.5174,0,88.57,10.19,98.0,2.0,95.4,4.6
2026-05-29 12:33:20,twist,1,727,success,8,1.0749,1.2548,0,88.58,10.18,98.0,2.0,95.6,4.4
2026-05-29 12:33:25,twist,1,728,success,4,1.153,1.824,0,88.6,10.16,98.0,2.0,95.6,4.4
2026-05-29 12:33:35,twist,1,729,success,10,0.9302,0.6004,0,88.61,10.15,98.0,2.0,95.6,4.4
2026-05-29 12:33:45,twist,1,730,success,10,0.5107,1.6036,0,88.63,10.14,98.0,2.0,95.6,4.4
2026-05-29 12:33:57,twist,1,731,success,12,0.4638,0.9905,0,88.65,10.12,98.0,2.0,95.6,4.4
2026-05-29 12:34:06,twist,1,732,success,8,0.3671,1.5472,0,88.66,10.11,98.0,2.0,95.6,4.4
2026-05-29 12:34:11,twist,1,733,success,4,0.7741,1.7087,0,88.68,10.1,98.0,2.0,95.6,4.4
2026-05-29 12:34:20,twist,1,734,success,8,0.8473,0.8604,0,88.69,10.08,98.0,2.0,95.6,4.4
2026-05-29 12:34:32,twist,1,735,success,12,0.66,0.8619,0,88.71,10.07,99.0,1.0,95.6,4.4
2026-05-29 12:34:42,twist,1,736,success,10,0.8957,0.4988,0,88.72,10.05,99.0,1.0,95.6,4.4
2026-05-29 12:34:54,twist,1,737,success,12,0.1757,1.3927,0,88.74,10.04,99.0,1.0,95.8,4.2
2026-05-29 12:35:03,twist,1,738,success,8,0.9686,0.9639,0,88.75,10.03,99.0,1.0,95.8,4.2
2026-05-29 12:35:12,twist,1,739,success,9,1.1819,0.8033,0,88.77,10.01,99.0,1.0,95.8,4.2
2026-05-29 12:35:23,twist,1,740,success,11,0.6879,1.1775,0,88.78,10.0,99.0,1.0,95.8,4.2
2026-05-29 12:35:32,twist,1,741,success,8,0.8495,1.0547,0,88.8,9.99,99.0,1.0,95.8,4.2
2026-05-29 12:35:39,twist,1,742,success,6,0.861,1.3098,0,88.81,9.97,99.0,1.0,95.8,4.2
2026-05-29 12:35:54,twist,1,743,success,16,0.8566,0.4835,0,88.83,9.96,99.0,1.0,95.8,4.2
2026-05-29 12:36:04,twist,1,744,success,10,0.6814,1.2904,0,88.84,9.95,99.0,1.0,95.8,4.2
2026-05-29 12:36:19,twist,1,745,success,17,0.1109,1.4325,0,88.86,9.93,99.0,1.0,95.8,4.2
2026-05-29 12:36:28,twist,1,746,success,7,1.0254,1.0183,0,88.87,9.92,99.0,1.0,95.8,4.2
2026-05-29 12:36:34,twist,1,747,success,6,1.0715,0.7484,0,88.89,9.91,99.0,1.0,96.0,4.0
2026-05-29 12:36:47,twist,1,748,success,12,0.6375,0.6834,0,88.9,9.89,99.0,1.0,96.0,4.0
2026-05-29 12:36:58,twist,1,749,success,10,0.4653,0.6569,0,88.92,9.88,99.0,1.0,96.0,4.0
2026-05-29 12:37:04,twist,1,750,success,6,1.1247,1.3816,0,88.93,9.87,99.0,1.0,96.0,4.0
2026-05-29 12:37:14,twist,1,751,success,10,0.8941,0.5574,0,88.95,9.85,99.0,1.0,96.0,4.0
2026-05-29 12:37:28,twist,1,752,success,14,0.7203,0.6128,0,88.96,9.84,99.0,1.0,96.0,4.0
2026-05-29 12:37:35,twist,1,753,success,6,1.0709,1.3158,0,88.98,9.83,99.0,1.0,96.0,4.0
2026-05-29 12:37:45,twist,1,754,success,10,0.5745,1.6754,0,88.99,9.81,99.0,1.0,96.2,3.8
2026-05-29 12:37:55,twist,1,755,success,10,0.77,1.0355,0,89.01,9.8,99.0,1.0,96.2,3.8
2026-05-29 12:38:03,twist,1,756,success,8,0.64,1.1932,0,89.02,9.79,99.0,1.0,96.2,3.8
2026-05-29 12:38:08,twist,1,757,success,4,1.1106,1.8389,0,89.04,9.78,99.0,1.0,96.2,3.8
2026-05-29 12:38:16,twist,1,758,success,6,0.9325,1.0065,0,89.05,9.76,99.0,1.0,96.2,3.8
2026-05-29 12:38:26,twist,1,759,success,10,0.9866,0.8572,0,89.06,9.75,99.0,1.0,96.4,3.6
2026-05-29 12:38:29,twist,1,760,success,2,1.1177,1.8973,0,89.08,9.74,100.0,0.0,96.4,3.6
2026-05-29 12:38:43,twist,1,761,success,14,0.774,0.4497,0,89.09,9.72,100.0,0.0,96.4,3.6
2026-05-29 12:38:50,twist,1,762,success,6,0.519,1.4458,0,89.11,9.71,100.0,0.0,96.4,3.6
2026-05-29 12:38:58,twist,1,763,success,8,1.1591,0.7762,0,89.12,9.7,100.0,0.0,96.4,3.6
2026-05-29 12:39:05,twist,1,764,success,6,0.5709,1.5525,0,89.14,9.69,100.0,0.0,96.4,3.6
2026-05-29 12:39:15,twist,1,765,success,10,0.8934,0.5589,0,89.15,9.67,100.0,0.0,96.4,3.6
2026-05-29 12:39:25,twist,1,766,success,10,0.8603,0.7907,0,89.16,9.66,100.0,0.0,96.4,3.6
2026-05-29 12:39:34,twist,1,767,success,8,1.0713,0.7551,0,89.18,9.65,100.0,0.0,96.4,3.6
2026-05-29 12:39:50,twist,1,768,success,16,0.2768,0.9095,0,89.19,9.64,100.0,0.0,96.4,3.6
2026-05-29 12:39:58,twist,1,769,success,8,0.4763,1.5105,0,89.21,9.62,100.0,0.0,96.4,3.6
2026-05-29 12:40:06,twist,1,770,success,8,1.1028,1.2333,0,89.22,9.61,100.0,0.0,96.6,3.4
2026-05-29 12:40:13,twist,1,771,success,6,0.9199,1.1252,0,89.23,9.6,100.0,0.0,96.6,3.4
2026-05-29 12:40:23,twist,1,772,success,10,0.3154,1.506,0,89.25,9.59,100.0,0.0,96.6,3.4
2026-05-29 12:40:34,twist,1,773,success,10,0.5499,1.263,0,89.26,9.57,100.0,0.0,96.6,3.4
2026-05-29 12:40:46,twist,1,774,success,12,0.712,0.6891,0,89.28,9.56,100.0,0.0,96.6,3.4
2026-05-29 12:40:54,twist,1,775,success,8,0.4799,1.4347,0,89.29,9.55,100.0,0.0,96.6,3.4
2026-05-29 12:41:03,twist,1,776,success,8,0.9024,0.3837,0,89.3,9.54,100.0,0.0,96.6,3.4
2026-05-29 12:41:10,twist,1,777,success,6,0.8422,1.5299,0,89.32,9.52,100.0,0.0,96.8,3.2
2026-05-29 12:41:22,twist,1,778,success,12,0.4585,0.4961,0,89.33,9.51,100.0,0.0,97.0,3.0
2026-05-29 12:41:31,twist,1,779,success,8,0.7952,1.1419,0,89.35,9.5,100.0,0.0,97.2,2.8
2026-05-29 12:41:32,twist,1,780,success,1,282.4889,2.3233,0,89.36,9.49,100.0,0.0,97.2,2.8
2026-05-29 12:41:40,twist,1,781,success,7,0.7938,1.2065,0,89.37,9.48,100.0,0.0,97.2,2.8
2026-05-29 12:41:49,twist,1,782,success,8,0.2858,1.5344,0,89.39,9.46,100.0,0.0,97.4,2.6
2026-05-29 12:41:57,twist,1,783,success,8,1.144,0.746,0,89.4,9.45,100.0,0.0,97.4,2.6
2026-05-29 12:42:11,twist,1,784,success,14,0.8369,0.5097,0,89.41,9.44,100.0,0.0,97.4,2.6
2026-05-29 12:42:17,twist,1,785,success,6,0.427,1.6443,0,89.43,9.43,100.0,0.0,97.4,2.6
2026-05-29 12:42:22,twist,1,786,success,4,1.3567,1.6176,0,89.44,9.41,100.0,0.0,97.6,2.4
2026-05-29 12:42:33,twist,1,787,success,10,0.8813,0.5729,0,89.45,9.4,100.0,0.0,97.6,2.4
2026-05-29 12:42:43,twist,1,788,success,10,0.9803,0.5923,0,89.47,9.39,100.0,0.0,97.6,2.4
2026-05-29 12:42:51,twist,1,789,success,8,0.9315,0.9647,0,89.48,9.38,100.0,0.0,97.6,2.4
2026-05-29 12:43:00,twist,1,790,success,8,1.0421,0.8285,0,89.49,9.37,100.0,0.0,97.6,2.4
2026-05-29 12:43:09,twist,1,791,success,8,0.6599,1.6322,0,89.51,9.36,100.0,0.0,97.6,2.4
2026-05-29 12:43:18,twist,1,792,success,8,0.9175,0.6293,0,89.52,9.34,100.0,0.0,97.6,2.4
2026-05-29 12:43:25,twist,1,793,success,6,1.1239,1.4587,0,89.53,9.33,100.0,0.0,97.6,2.4
2026-05-29 12:43:36,twist,1,794,success,10,0.7928,0.6898,0,89.55,9.32,100.0,0.0,97.6,2.4
2026-05-29 12:43:48,twist,1,795,success,12,0.7857,0.6401,0,89.56,9.31,100.0,0.0,97.6,2.4
2026-05-29 12:43:57,twist,1,796,success,8,0.9483,0.9838,0,89.57,9.3,100.0,0.0,97.6,2.4
2026-05-29 12:44:05,twist,1,797,success,9,1.0777,0.9025,0,89.59,9.28,100.0,0.0,97.6,2.4
2026-05-29 12:44:45,twist,1,798,success,41,0.0543,1.209,0,89.6,9.27,100.0,0.0,97.6,2.4
2026-05-29 12:44:46,twist,1,799,success,1,329.1365,2.3206,0,89.61,9.26,100.0,0.0,97.6,2.4
2026-05-29 12:44:49,twist,1,800,success,1,57.3803,2.3155,0,89.62,9.25,100.0,0.0,97.6,2.4
2026-05-29 12:45:02,twist,1,801,success,12,0.7783,0.7867,0,89.64,9.24,100.0,0.0,97.6,2.4
2026-05-29 12:45:17,twist,1,802,collision,-1,0.7012,0.12,3,89.53,9.35,99.0,1.0,97.4,2.6
2026-05-29 12:45:25,twist,1,803,success,8,0.5845,1.4941,0,89.54,9.34,99.0,1.0,97.4,2.6
2026-05-29 12:45:36,twist,1,804,success,10,0.8688,0.4141,0,89.55,9.33,99.0,1.0,97.4,2.6
2026-05-29 12:45:47,twist,1,805,success,10,0.4917,0.8439,0,89.57,9.32,99.0,1.0,97.4,2.6
2026-05-29 12:45:56,twist,1,806,success,8,0.7217,0.9976,0,89.58,9.31,99.0,1.0,97.4,2.6
2026-05-29 12:45:59,twist,1,807,success,2,1.537,1.8324,0,89.59,9.29,99.0,1.0,97.4,2.6
2026-05-29 12:46:08,twist,1,808,success,8,0.8941,0.5743,0,89.6,9.28,99.0,1.0,97.4,2.6
2026-05-29 12:46:18,twist,1,809,success,10,0.8587,0.8666,0,89.62,9.27,99.0,1.0,97.4,2.6
2026-05-29 12:46:30,twist,1,810,success,12,0.5246,0.765,0,89.63,9.26,99.0,1.0,97.4,2.6
2026-05-29 12:46:41,twist,1,811,success,10,0.5722,1.1241,0,89.64,9.25,99.0,1.0,97.4,2.6
2026-05-29 12:46:47,twist,1,812,success,6,1.0024,1.2646,0,89.66,9.24,99.0,1.0,97.4,2.6
2026-05-29 12:46:52,twist,1,813,success,4,0.8206,1.3878,0,89.67,9.23,99.0,1.0,97.4,2.6
2026-05-29 12:47:01,twist,1,814,success,8,0.629,1.1343,0,89.68,9.21,99.0,1.0,97.4,2.6
2026-05-29 12:47:02,twist,1,815,success,1,305.1789,2.3113,0,89.69,9.2,99.0,1.0,97.4,2.6
2026-05-29 12:47:16,twist,1,816,success,13,0.5431,0.9745,0,89.71,9.19,99.0,1.0,97.4,2.6
2026-05-29 12:47:24,twist,1,817,success,8,0.5867,1.1339,0,89.72,9.18,99.0,1.0,97.4,2.6
2026-05-29 12:47:33,twist,1,818,success,8,0.6038,1.0706,0,89.73,9.17,99.0,1.0,97.6,2.4
2026-05-29 12:47:42,twist,1,819,success,8,0.5662,1.3234,0,89.74,9.16,99.0,1.0,97.6,2.4
2026-05-29 12:47:52,twist,1,820,success,10,0.7617,0.7072,0,89.76,9.15,99.0,1.0,97.6,2.4
2026-05-29 12:48:05,twist,1,821,success,12,1.0488,0.646,0,89.77,9.14,99.0,1.0,97.6,2.4
2026-05-29 12:48:14,twist,1,822,success,8,0.5066,1.0501,0,89.78,9.12,99.0,1.0,97.6,2.4
2026-05-29 12:48:22,twist,1,823,success,8,0.9822,1.2752,0,89.79,9.11,99.0,1.0,97.6,2.4
2026-05-29 12:48:31,twist,1,824,success,8,0.3759,1.4886,0,89.81,9.1,99.0,1.0,97.6,2.4
2026-05-29 12:48:42,twist,1,825,success,10,0.6849,0.7742,0,89.82,9.09,99.0,1.0,97.6,2.4
2026-05-29 12:48:55,twist,1,826,success,12,0.676,0.9215,0,89.83,9.08,99.0,1.0,97.6,2.4
2026-05-29 12:49:04,twist,1,827,success,8,0.7619,0.9754,0,89.84,9.07,99.0,1.0,97.6,2.4
2026-05-29 12:49:12,twist,1,828,success,8,0.7116,1.203,0,89.86,9.06,99.0,1.0,97.6,2.4
2026-05-29 12:49:22,twist,1,829,success,10,0.6073,0.9686,0,89.87,9.05,99.0,1.0,97.6,2.4
2026-05-29 12:49:29,twist,1,830,success,6,0.7151,1.3829,0,89.88,9.04,99.0,1.0,97.6,2.4
2026-05-29 12:49:41,twist,1,831,success,12,0.7727,0.8712,0,89.89,9.03,99.0,1.0,97.6,2.4
2026-05-29 12:49:46,twist,1,832,success,4,1.3163,1.4628,0,89.9,9.01,99.0,1.0,97.6,2.4
2026-05-29 12:49:56,twist,1,833,success,10,1.1088,0.8338,0,89.92,9.0,99.0,1.0,97.6,2.4
2026-05-29 12:50:07,twist,1,834,success,10,0.4696,1.5142,0,89.93,8.99,99.0,1.0,97.6,2.4
2026-05-29 12:50:14,twist,1,835,success,6,1.1191,1.1786,0,89.94,8.98,99.0,1.0,97.6,2.4
2026-05-29 12:50:23,twist,1,836,success,8,0.7481,1.1465,0,89.95,8.97,99.0,1.0,97.6,2.4
2026-05-29 12:50:33,twist,1,837,success,10,0.9163,0.4644,0,89.96,8.96,99.0,1.0,97.6,2.4
2026-05-29 12:50:45,twist,1,838,success,10,0.6707,0.715,0,89.98,8.95,99.0,1.0,97.6,2.4
2026-05-29 12:50:53,twist,1,839,success,8,0.621,1.1646,0,89.99,8.94,99.0,1.0,97.6,2.4
2026-05-29 12:51:04,twist,1,840,success,10,0.7246,0.7948,0,90.0,8.93,99.0,1.0,97.6,2.4
2026-05-29 12:51:14,twist,1,841,success,10,1.0537,1.0117,0,90.01,8.92,99.0,1.0,97.6,2.4
2026-05-29 12:51:20,twist,1,842,success,4,0.9091,1.4333,0,90.02,8.91,99.0,1.0,97.6,2.4
2026-05-29 12:51:21,twist,1,843,success,1,15.6333,2.3149,0,90.04,8.9,99.0,1.0,97.6,2.4
2026-05-29 12:51:37,twist,1,844,success,15,0.7467,0.6774,0,90.05,8.89,99.0,1.0,97.6,2.4
2026-05-29 12:51:49,twist,1,845,success,12,0.8654,0.4678,0,90.06,8.88,99.0,1.0,97.6,2.4
2026-05-29 12:52:01,twist,1,846,success,12,0.7863,0.7107,0,90.07,8.87,99.0,1.0,97.6,2.4
2026-05-29 12:52:09,twist,1,847,success,8,0.9648,0.7752,0,90.08,8.85,99.0,1.0,97.6,2.4
2026-05-29 12:52:16,twist,1,848,success,6,0.587,1.346,0,90.09,8.84,99.0,1.0,97.6,2.4
2026-05-29 12:52:23,twist,1,849,success,6,0.614,1.6273,0,90.11,8.83,99.0,1.0,97.6,2.4
2026-05-29 12:52:34,twist,1,850,success,10,0.3805,1.2391,0,90.12,8.82,99.0,1.0,97.6,2.4
2026-05-29 12:52:44,twist,1,851,success,10,0.9366,0.8362,0,90.13,8.81,99.0,1.0,97.6,2.4
2026-05-29 12:52:53,twist,1,852,success,8,0.8546,1.1003,0,90.14,8.8,99.0,1.0,97.6,2.4
2026-05-29 12:53:07,twist,1,853,success,14,0.7808,0.7247,0,90.15,8.79,99.0,1.0,97.6,2.4
2026-05-29 12:53:17,twist,1,854,success,10,0.8284,0.622,0,90.16,8.78,99.0,1.0,97.6,2.4
2026-05-29 12:53:19,twist,1,855,success,1,242.7848,2.3125,0,90.18,8.77,99.0,1.0,97.6,2.4
2026-05-29 12:53:29,twist,1,856,success,9,0.8257,1.2779,0,90.19,8.76,99.0,1.0,97.6,2.4
2026-05-29 12:53:39,twist,1,857,success,10,0.6415,1.3753,0,90.2,8.75,99.0,1.0,97.6,2.4
2026-05-29 12:53:52,twist,1,858,success,12,0.81,0.4453,0,90.21,8.74,99.0,1.0,97.6,2.4
2026-05-29 12:54:10,twist,1,859,success,19,0.3317,1.2008,0,90.22,8.73,99.0,1.0,97.6,2.4
2026-05-29 12:54:22,twist,1,860,success,11,0.876,0.8448,0,90.23,8.72,99.0,1.0,97.6,2.4
2026-05-29 12:54:28,twist,1,861,success,6,0.5989,1.679,0,90.24,8.71,99.0,1.0,97.6,2.4
2026-05-29 12:54:38,twist,1,862,success,10,0.6971,1.0858,0,90.26,8.7,99.0,1.0,97.6,2.4
2026-05-29 12:54:45,twist,1,863,success,6,0.998,1.2025,0,90.27,8.69,99.0,1.0,97.6,2.4
2026-05-29 12:54:56,twist,1,864,success,10,0.489,1.3746,0,90.28,8.68,99.0,1.0,97.8,2.2
2026-05-29 12:54:57,twist,1,865,success,1,115.857,2.3171,0,90.29,8.67,99.0,1.0,97.8,2.2
2026-05-29 12:55:06,twist,1,866,success,7,0.6435,1.5518,0,90.3,8.66,99.0,1.0,97.8,2.2
2026-05-29 12:55:16,twist,1,867,success,10,0.688,0.6577,0,90.31,8.65,99.0,1.0,97.8,2.2
2026-05-29 12:55:25,twist,1,868,success,8,0.4722,1.4752,0,90.32,8.64,99.0,1.0,97.8,2.2
2026-05-29 12:55:33,twist,1,869,success,8,0.3104,1.5336,0,90.33,8.63,99.0,1.0,97.8,2.2
2026-05-29 12:55:36,twist,1,870,success,2,1.3618,1.8319,0,90.34,8.62,99.0,1.0,97.8,2.2
2026-05-29 12:55:43,twist,1,871,success,6,0.8281,1.2391,0,90.36,8.61,99.0,1.0,97.8,2.2
2026-05-29 12:55:51,twist,1,872,success,8,0.9978,1.0805,0,90.37,8.6,99.0,1.0,97.8,2.2
2026-05-29 12:56:02,twist,1,873,success,10,0.6442,1.639,0,90.38,8.59,99.0,1.0,97.8,2.2
2026-05-29 12:56:08,twist,1,874,success,6,0.7646,1.1613,0,90.39,8.58,99.0,1.0,97.8,2.2
2026-05-29 12:56:15,twist,1,875,success,6,1.1024,1.1126,0,90.4,8.57,99.0,1.0,97.8,2.2
2026-05-29 12:56:22,twist,1,876,success,6,0.8591,1.2292,0,90.41,8.56,99.0,1.0,97.8,2.2
2026-05-29 12:56:29,twist,1,877,success,6,0.8381,1.0811,0,90.42,8.55,99.0,1.0,97.8,2.2
2026-05-29 12:56:37,twist,1,878,success,8,0.3772,1.5313,0,90.43,8.54,99.0,1.0,97.8,2.2
2026-05-29 12:56:44,twist,1,879,success,6,0.4048,1.3853,0,90.44,8.53,99.0,1.0,97.8,2.2
2026-05-29 12:56:59,twist,1,880,success,16,0.4977,0.5798,0,90.45,8.52,99.0,1.0,97.8,2.2
2026-05-29 12:57:07,twist,1,881,success,8,0.9818,0.6833,0,90.47,8.51,99.0,1.0,97.8,2.2
2026-05-29 12:57:20,twist,1,882,success,12,0.7501,0.8333,0,90.48,8.5,99.0,1.0,97.8,2.2
2026-05-29 12:57:34,twist,1,883,success,14,0.6008,0.8467,0,90.49,8.49,99.0,1.0,97.8,2.2
2026-05-29 12:57:44,twist,1,884,success,10,0.9833,0.6163,0,90.5,8.48,99.0,1.0,97.8,2.2
2026-05-29 12:58:11,twist,1,885,success,30,0.5276,0.4558,0,90.51,8.47,99.0,1.0,97.8,2.2
2026-05-29 12:58:23,twist,1,886,collision,-1,0.5756,0.1372,1,90.41,8.58,98.0,2.0,97.6,2.4
2026-05-29 12:58:39,twist,1,887,success,16,0.5621,0.8584,0,90.42,8.57,98.0,2.0,97.6,2.4
2026-05-29 12:58:51,twist,1,888,success,12,0.7762,0.5221,0,90.43,8.56,98.0,2.0,97.6,2.4
2026-05-29 12:59:15,twist,1,889,success,24,0.5562,0.4301,0,90.44,8.55,98.0,2.0,97.6,2.4
2026-05-29 12:59:24,twist,1,890,success,8,0.9535,0.8591,0,90.45,8.54,98.0,2.0,97.6,2.4
2026-05-29 12:59:30,twist,1,891,success,6,1.042,1.083,0,90.46,8.53,98.0,2.0,97.6,2.4
2026-05-29 12:59:39,twist,1,892,success,8,0.8303,1.2029,0,90.47,8.52,98.0,2.0,97.6,2.4
2026-05-29 12:59:44,twist,1,893,success,4,0.8837,1.9267,0,90.48,8.51,98.0,2.0,97.6,2.4
2026-05-29 12:59:52,twist,1,894,success,8,0.4718,1.8541,0,90.49,8.5,98.0,2.0,97.8,2.2
2026-05-29 13:00:00,twist,1,895,success,8,0.7151,1.2642,0,90.5,8.49,98.0,2.0,97.8,2.2
2026-05-29 13:00:11,twist,1,896,success,10,0.9076,0.4512,0,90.51,8.48,98.0,2.0,97.8,2.2
2026-05-29 13:00:16,twist,1,897,success,4,1.2684,1.9893,0,90.52,8.47,98.0,2.0,97.8,2.2
2026-05-29 13:00:28,twist,1,898,success,12,0.8057,0.7455,0,90.53,8.46,98.0,2.0,97.8,2.2
2026-05-29 13:00:36,twist,1,899,success,8,0.9709,1.1416,0,90.55,8.45,98.0,2.0,97.8,2.2
2026-05-29 13:00:46,twist,1,900,success,10,0.6731,1.3036,0,90.56,8.44,98.0,2.0,97.8,2.2
2026-05-29 13:00:50,twist,1,901,success,2,1.8641,2.1349,0,90.57,8.44,98.0,2.0,97.8,2.2
2026-05-29 13:00:57,twist,1,902,success,6,1.0561,0.9712,0,90.58,8.43,99.0,1.0,97.8,2.2
2026-05-29 13:01:07,twist,1,903,success,10,0.8918,0.6604,0,90.59,8.42,99.0,1.0,97.8,2.2
2026-05-29 13:01:22,twist,1,904,success,16,0.712,0.4446,0,90.6,8.41,99.0,1.0,97.8,2.2
2026-05-29 13:01:35,twist,1,905,success,14,0.4987,0.6401,0,90.61,8.4,99.0,1.0,97.8,2.2
2026-05-29 13:01:43,twist,1,906,success,8,0.9246,0.7024,0,90.62,8.39,99.0,1.0,97.8,2.2
2026-05-29 13:01:48,twist,1,907,success,4,1.303,1.8715,0,90.63,8.38,99.0,1.0,97.8,2.2
2026-05-29 13:01:58,twist,1,908,success,10,0.8911,0.6551,0,90.64,8.37,99.0,1.0,97.8,2.2
2026-05-29 13:02:05,twist,1,909,success,6,0.8795,1.5184,0,90.65,8.36,99.0,1.0,97.8,2.2
2026-05-29 13:02:13,twist,1,910,success,8,1.066,1.0997,0,90.66,8.35,99.0,1.0,97.8,2.2
2026-05-29 13:02:24,twist,1,911,success,10,0.9033,0.5846,0,90.67,8.34,99.0,1.0,97.8,2.2
2026-05-29 13:02:35,twist,1,912,success,12,0.8123,0.5249,0,90.68,8.33,99.0,1.0,97.8,2.2
2026-05-29 13:02:41,twist,1,913,success,4,0.6796,1.4843,0,90.69,8.32,99.0,1.0,97.8,2.2
2026-05-29 13:02:51,twist,1,914,success,10,0.9337,0.6526,0,90.7,8.32,99.0,1.0,97.8,2.2
2026-05-29 13:03:01,twist,1,915,success,10,0.8582,1.1138,0,90.71,8.31,99.0,1.0,97.8,2.2
2026-05-29 13:03:13,twist,1,916,success,12,0.6645,0.7142,0,90.72,8.3,99.0,1.0,97.8,2.2
2026-05-29 13:03:18,twist,1,917,success,4,0.8581,1.4413,0,90.73,8.29,99.0,1.0,97.8,2.2
2026-05-29 13:03:27,twist,1,918,success,8,0.6529,0.8603,0,90.74,8.28,99.0,1.0,97.8,2.2
2026-05-29 13:03:36,twist,1,919,success,8,1.1282,0.93,0,90.75,8.27,99.0,1.0,97.8,2.2
2026-05-29 13:03:44,twist,1,920,success,8,0.7784,0.9874,0,90.76,8.26,99.0,1.0,97.8,2.2
2026-05-29 13:03:56,twist,1,921,success,12,0.7565,0.7475,0,90.77,8.25,99.0,1.0,97.8,2.2
2026-05-29 13:04:06,twist,1,922,success,10,0.7302,0.8498,0,90.78,8.24,99.0,1.0,97.8,2.2
2026-05-29 13:04:12,twist,1,923,success,6,1.0437,1.4635,0,90.79,8.23,99.0,1.0,97.8,2.2
2026-05-29 13:04:23,twist,1,924,success,10,0.7904,0.921,0,90.8,8.23,99.0,1.0,97.8,2.2
2026-05-29 13:04:33,twist,1,925,success,10,0.5686,0.9261,0,90.81,8.22,99.0,1.0,97.8,2.2
2026-05-29 13:04:43,twist,1,926,success,10,0.5512,0.8306,0,90.82,8.21,99.0,1.0,97.8,2.2
2026-05-29 13:04:45,twist,1,927,success,1,105.4667,2.319,0,90.83,8.2,99.0,1.0,97.8,2.2
2026-05-29 13:05:01,twist,1,928,success,15,0.7295,0.607,0,90.84,8.19,99.0,1.0,97.8,2.2
2026-05-29 13:05:11,twist,1,929,success,10,0.9036,0.8997,0,90.85,8.18,99.0,1.0,97.8,2.2
2026-05-29 13:05:22,twist,1,930,success,10,0.9336,0.8819,0,90.86,8.17,99.0,1.0,97.8,2.2
2026-05-29 13:05:31,twist,1,931,success,10,0.8272,0.8097,0,90.87,8.16,99.0,1.0,97.8,2.2
2026-05-29 13:05:41,twist,1,932,success,10,0.7489,0.7071,0,90.88,8.15,99.0,1.0,97.8,2.2
2026-05-29 13:05:50,twist,1,933,success,8,0.9804,0.8886,0,90.89,8.15,99.0,1.0,97.8,2.2
2026-05-29 13:05:59,twist,1,934,success,8,0.3606,1.8149,0,90.9,8.14,99.0,1.0,97.8,2.2
2026-05-29 13:06:09,twist,1,935,success,10,0.9999,0.5372,0,90.91,8.13,99.0,1.0,97.8,2.2
2026-05-29 13:06:20,twist,1,936,success,10,0.8116,1.1391,0,90.92,8.12,99.0,1.0,97.8,2.2
2026-05-29 13:06:35,twist,1,937,success,16,0.6553,0.7432,0,90.93,8.11,99.0,1.0,97.8,2.2
2026-05-29 13:06:41,twist,1,938,success,6,0.7165,2.0411,0,90.94,8.1,99.0,1.0,97.8,2.2
2026-05-29 13:06:46,twist,1,939,success,4,1.3198,1.7934,0,90.95,8.09,99.0,1.0,97.8,2.2
2026-05-29 13:06:57,twist,1,940,success,10,1.0577,0.6722,0,90.96,8.09,99.0,1.0,97.8,2.2
2026-05-29 13:07:09,twist,1,941,success,12,0.9589,0.7263,0,90.97,8.08,99.0,1.0,97.8,2.2
2026-05-29 13:07:19,twist,1,942,success,10,0.8965,0.8929,0,90.98,8.07,99.0,1.0,97.8,2.2
2026-05-29 13:07:32,twist,1,943,success,12,0.7107,0.9212,0,90.99,8.06,99.0,1.0,97.8,2.2
2026-05-29 13:07:44,twist,1,944,success,12,0.6114,0.8246,0,91.0,8.05,99.0,1.0,97.8,2.2
2026-05-29 13:07:55,twist,1,945,success,12,0.7249,0.6066,0,91.01,8.04,99.0,1.0,97.8,2.2
2026-05-29 13:08:02,twist,1,946,success,6,1.073,1.7929,0,91.01,8.03,99.0,1.0,97.8,2.2
2026-05-29 13:08:10,twist,1,947,success,8,0.5451,1.4599,0,91.02,8.03,99.0,1.0,97.8,2.2
2026-05-29 13:08:24,twist,1,948,success,15,0.6987,0.6754,0,91.03,8.02,99.0,1.0,97.8,2.2
2026-05-29 13:08:39,twist,1,949,success,15,0.6925,0.764,0,91.04,8.01,99.0,1.0,97.8,2.2
2026-05-29 13:09:04,twist,1,950,success,26,0.5395,0.3879,0,91.05,8.0,99.0,1.0,97.8,2.2
2026-05-29 13:09:16,twist,1,951,success,12,0.6132,1.3343,0,91.06,7.99,99.0,1.0,97.8,2.2
2026-05-29 13:09:23,twist,1,952,success,6,1.1921,1.3211,0,91.07,7.98,99.0,1.0,97.8,2.2
2026-05-29 13:09:35,twist,1,953,success,12,0.939,0.8754,0,91.08,7.97,99.0,1.0,97.8,2.2
2026-05-29 13:09:44,twist,1,954,success,8,0.7944,1.6314,0,91.09,7.97,99.0,1.0,97.8,2.2
2026-05-29 13:09:52,twist,1,955,success,8,1.1361,1.1906,0,91.1,7.96,99.0,1.0,97.8,2.2
2026-05-29 13:10:01,twist,1,956,success,8,0.8074,0.494,0,91.11,7.95,99.0,1.0,98.0,2.0
2026-05-29 13:10:08,twist,1,957,success,6,0.6958,1.3862,0,91.12,7.94,99.0,1.0,98.0,2.0
2026-05-29 13:10:18,twist,1,958,success,10,0.2703,1.338,0,91.13,7.93,99.0,1.0,98.0,2.0
2026-05-29 13:10:26,twist,1,959,success,8,0.8935,0.7959,0,91.14,7.92,99.0,1.0,98.0,2.0
2026-05-29 13:10:34,twist,1,960,success,8,0.4403,1.4201,0,91.15,7.92,99.0,1.0,98.0,2.0
2026-05-29 13:10:36,twist,1,961,success,1,31.7617,2.3279,0,91.16,7.91,99.0,1.0,98.0,2.0
2026-05-29 13:10:48,twist,1,962,success,11,0.7639,0.5337,0,91.16,7.9,99.0,1.0,98.0,2.0
2026-05-29 13:10:59,twist,1,963,success,11,0.5671,1.6753,0,91.17,7.89,99.0,1.0,98.0,2.0
2026-05-29 13:11:05,twist,1,964,success,5,1.2078,1.3594,0,91.18,7.88,99.0,1.0,98.0,2.0
2026-05-29 13:11:26,twist,1,965,success,22,0.6414,0.6415,0,91.19,7.88,99.0,1.0,98.2,1.8
2026-05-29 13:11:38,twist,1,966,success,12,0.5244,0.8893,0,91.2,7.87,99.0,1.0,98.2,1.8
2026-05-29 13:11:43,twist,1,967,success,4,1.3538,1.9495,0,91.21,7.86,99.0,1.0,98.2,1.8
2026-05-29 13:11:44,twist,1,968,success,1,228.9026,2.3164,0,91.22,7.85,99.0,1.0,98.2,1.8
2026-05-29 13:11:53,twist,1,969,success,7,1.0786,1.7775,0,91.23,7.84,99.0,1.0,98.2,1.8
2026-05-29 13:11:58,twist,1,970,success,4,1.3662,1.7862,0,91.24,7.84,99.0,1.0,98.2,1.8
2026-05-29 13:12:06,twist,1,971,success,8,0.8111,1.0514,0,91.25,7.83,99.0,1.0,98.2,1.8
2026-05-29 13:12:13,twist,1,972,success,6,1.029,0.9473,0,91.26,7.82,99.0,1.0,98.2,1.8
2026-05-29 13:12:21,twist,1,973,success,8,0.8415,1.4377,0,91.26,7.81,99.0,1.0,98.2,1.8
2026-05-29 13:12:33,twist,1,974,success,12,0.5841,0.6164,0,91.27,7.8,99.0,1.0,98.2,1.8
2026-05-29 13:12:47,twist,1,975,success,14,0.6146,0.5892,0,91.28,7.79,99.0,1.0,98.2,1.8
2026-05-29 13:12:53,twist,1,976,success,4,1.0364,1.6514,0,91.29,7.79,99.0,1.0,98.2,1.8
2026-05-29 13:13:08,twist,1,977,success,16,0.6456,0.6873,0,91.3,7.78,99.0,1.0,98.2,1.8
2026-05-29 13:13:13,twist,1,978,success,4,1.1203,1.9389,0,91.31,7.77,99.0,1.0,98.2,1.8
2026-05-29 13:13:14,twist,1,979,success,1,55.9557,2.3171,0,91.32,7.76,99.0,1.0,98.2,1.8
2026-05-29 13:13:32,twist,1,980,success,19,0.7987,0.6181,0,91.33,7.76,99.0,1.0,98.2,1.8
2026-05-29 13:13:43,twist,1,981,success,10,0.7552,0.7567,0,91.34,7.75,99.0,1.0,98.2,1.8
2026-05-29 13:13:51,twist,1,982,success,8,0.8897,1.3547,0,91.34,7.74,99.0,1.0,98.2,1.8
2026-05-29 13:14:03,twist,1,983,success,12,0.6721,0.8241,0,91.35,7.73,99.0,1.0,98.2,1.8
2026-05-29 13:14:15,twist,1,984,success,12,1.0577,0.7844,0,91.36,7.72,99.0,1.0,98.2,1.8
2026-05-29 13:14:24,twist,1,985,success,8,0.7458,0.995,0,91.37,7.72,99.0,1.0,98.2,1.8
2026-05-29 13:14:29,twist,1,986,success,4,1.2067,1.7583,0,91.38,7.71,100.0,0.0,98.2,1.8
2026-05-29 13:14:42,twist,1,987,success,12,0.6525,0.5348,0,91.39,7.7,100.0,0.0,98.2,1.8
2026-05-29 13:14:49,twist,1,988,success,6,1.0567,1.0581,0,91.4,7.69,100.0,0.0,98.2,1.8
2026-05-29 13:15:00,twist,1,989,success,12,0.7141,0.4794,0,91.41,7.68,100.0,0.0,98.2,1.8
2026-05-29 13:15:09,twist,1,990,success,8,0.5351,1.0712,0,91.41,7.68,100.0,0.0,98.2,1.8
2026-05-29 13:15:35,twist,1,991,success,28,0.5334,0.3235,0,91.42,7.67,100.0,0.0,98.2,1.8
2026-05-29 13:15:41,twist,1,992,success,6,0.8444,1.4947,0,91.43,7.66,100.0,0.0,98.2,1.8
2026-05-29 13:15:48,twist,1,993,success,6,1.1719,1.1524,0,91.44,7.65,100.0,0.0,98.2,1.8
2026-05-29 13:15:57,twist,1,994,success,8,0.846,0.7374,0,91.45,7.65,100.0,0.0,98.2,1.8
2026-05-29 13:16:09,twist,1,995,success,12,0.8176,0.7295,0,91.46,7.64,100.0,0.0,98.2,1.8
2026-05-29 13:16:18,twist,1,996,success,9,1.1887,0.8071,0,91.47,7.63,100.0,0.0,98.2,1.8
2026-05-29 13:16:21,twist,1,997,success,1,287540.0799,2.3171,0,91.47,7.62,100.0,0.0,98.2,1.8
2026-05-29 13:16:31,twist,1,998,success,10,0.7628,0.3715,0,91.48,7.62,100.0,0.0,98.2,1.8
2026-05-29 13:16:42,twist,1,999,success,10,0.5885,0.9732,0,91.49,7.61,100.0,0.0,98.2,1.8
2026-05-29 13:16:45,twist,1,1000,success,2,2.8569,2.2243,0,91.5,7.6,100.0,0.0,98.2,1.8
2026-05-29 13:16:52,twist,1,1001,success,6,0.6502,1.4536,0,91.51,7.59,100.0,0.0,98.2,1.8
2026-05-29 13:17:05,twist,1,1002,success,12,0.7223,0.4241,0,91.52,7.58,100.0,0.0,98.2,1.8
2026-05-29 13:17:16,twist,1,1003,success,10,0.5435,0.5813,0,91.53,7.58,100.0,0.0,98.2,1.8
2026-05-29 13:17:28,twist,1,1004,success,12,0.7925,0.7919,0,91.53,7.57,100.0,0.0,98.2,1.8
2026-05-29 13:17:37,twist,1,1005,success,8,0.5341,1.4096,0,91.54,7.56,100.0,0.0,98.2,1.8
2026-05-29 13:17:42,twist,1,1006,success,4,0.9393,1.6368,0,91.55,7.55,100.0,0.0,98.2,1.8
2026-05-29 13:17:52,twist,1,1007,success,10,0.8823,1.0241,0,91.56,7.55,100.0,0.0,98.2,1.8
2026-05-29 13:17:54,twist,1,1008,success,1,42.6142,2.3233,0,91.57,7.54,100.0,0.0,98.2,1.8
2026-05-29 13:18:08,twist,1,1009,success,13,0.6089,0.6223,0,91.58,7.53,100.0,0.0,98.2,1.8
2026-05-29 13:18:15,twist,1,1010,success,6,1.007,0.904,0,91.58,7.52,100.0,0.0,98.2,1.8
2026-05-29 13:18:20,twist,1,1011,success,4,1.5644,1.8871,0,91.59,7.52,100.0,0.0,98.4,1.6
2026-05-29 13:18:25,twist,1,1012,success,4,1.3041,1.7937,0,91.6,7.51,100.0,0.0,98.4,1.6
2026-05-29 13:18:39,twist,1,1013,success,14,0.4907,0.7055,0,91.61,7.5,100.0,0.0,98.4,1.6
2026-05-29 13:18:49,twist,1,1014,success,10,0.491,1.1935,0,91.62,7.5,100.0,0.0,98.4,1.6
2026-05-29 13:18:54,twist,1,1015,success,4,1.1042,1.8651,0,91.63,7.49,100.0,0.0,98.4,1.6
2026-05-29 13:19:02,twist,1,1016,success,8,0.5519,1.2976,0,91.63,7.48,100.0,0.0,98.4,1.6
2026-05-29 13:19:19,twist,1,1017,success,18,0.6564,0.6241,0,91.64,7.47,100.0,0.0,98.4,1.6
2026-05-29 13:19:26,twist,1,1018,success,6,1.3018,1.3638,0,91.65,7.47,100.0,0.0,98.4,1.6
2026-05-29 13:19:34,twist,1,1019,success,8,0.9359,0.7206,0,91.66,7.46,100.0,0.0,98.4,1.6
2026-05-29 13:19:39,twist,1,1020,success,4,1.6128,1.9565,0,91.67,7.45,100.0,0.0,98.4,1.6
2026-05-29 13:19:44,twist,1,1021,success,4,1.1262,1.7406,0,91.67,7.44,100.0,0.0,98.4,1.6
2026-05-29 13:19:56,twist,1,1022,success,12,0.811,0.6446,0,91.68,7.44,100.0,0.0,98.4,1.6
2026-05-29 13:20:05,twist,1,1023,success,8,0.7553,0.5734,0,91.69,7.43,100.0,0.0,98.4,1.6
2026-05-29 13:20:16,twist,1,1024,success,10,0.854,0.7072,0,91.7,7.42,100.0,0.0,98.4,1.6
2026-05-29 13:20:30,twist,1,1025,success,14,0.7529,0.5234,0,91.71,7.41,100.0,0.0,98.4,1.6
2026-05-29 13:20:36,twist,1,1026,success,6,0.9682,1.4676,0,91.72,7.41,100.0,0.0,98.4,1.6
2026-05-29 13:20:41,twist,1,1027,success,4,1.5115,1.9009,0,91.72,7.4,100.0,0.0,98.6,1.4
2026-05-29 13:20:50,twist,1,1028,success,8,1.022,1.026,0,91.73,7.39,100.0,0.0,98.6,1.4
2026-05-29 13:20:58,twist,1,1029,success,8,0.574,1.1911,0,91.74,7.39,100.0,0.0,98.6,1.4
2026-05-29 13:21:03,twist,1,1030,success,4,1.2025,1.6181,0,91.75,7.38,100.0,0.0,98.6,1.4
2026-05-29 13:21:13,twist,1,1031,success,10,0.7936,0.4959,0,91.76,7.37,100.0,0.0,98.6,1.4
2026-05-29 13:21:28,twist,1,1032,success,16,0.7095,0.325,0,91.76,7.36,100.0,0.0,98.6,1.4
2026-05-29 13:21:37,twist,1,1033,success,8,0.9696,1.1825,0,91.77,7.36,100.0,0.0,98.6,1.4
2026-05-29 13:21:43,twist,1,1034,success,6,1.2481,1.7073,0,91.78,7.35,100.0,0.0,98.6,1.4
2026-05-29 13:21:52,twist,1,1035,success,8,0.8911,0.7899,0,91.79,7.34,100.0,0.0,98.6,1.4
2026-05-29 13:22:01,twist,1,1036,success,8,1.0697,0.8793,0,91.8,7.34,100.0,0.0,98.6,1.4
2026-05-29 13:22:09,twist,1,1037,success,8,0.8051,0.8279,0,91.8,7.33,100.0,0.0,98.6,1.4
2026-05-29 13:22:18,twist,1,1038,success,8,0.877,0.9498,0,91.81,7.32,100.0,0.0,98.6,1.4
2026-05-29 13:22:26,twist,1,1039,success,8,0.3144,1.3742,0,91.82,7.31,100.0,0.0,98.6,1.4
2026-05-29 13:22:38,twist,1,1040,success,12,0.6615,0.9758,0,91.83,7.31,100.0,0.0,98.6,1.4
2026-05-29 13:22:48,twist,1,1041,success,10,1.0085,0.8055,0,91.83,7.3,100.0,0.0,98.6,1.4
2026-05-29 13:22:54,twist,1,1042,success,6,1.1509,1.2336,0,91.84,7.29,100.0,0.0,98.6,1.4
2026-05-29 13:23:03,twist,1,1043,success,8,0.7896,1.2349,0,91.85,7.29,100.0,0.0,98.6,1.4
2026-05-29 13:23:10,twist,1,1044,success,6,0.972,0.7639,0,91.86,7.28,100.0,0.0,98.6,1.4
2026-05-29 13:23:20,twist,1,1045,success,10,0.7525,1.1566,0,91.87,7.27,100.0,0.0,98.6,1.4
2026-05-29 13:23:28,twist,1,1046,success,8,0.6691,1.4661,0,91.87,7.27,100.0,0.0,98.6,1.4
2026-05-29 13:23:36,twist,1,1047,success,8,0.7911,1.5115,0,91.88,7.26,100.0,0.0,98.6,1.4
2026-05-29 13:23:47,twist,1,1048,success,10,0.7522,0.7277,0,91.89,7.25,100.0,0.0,98.6,1.4
2026-05-29 13:23:55,twist,1,1049,success,8,0.8952,0.8192,0,91.9,7.24,100.0,0.0,98.6,1.4
2026-05-29 13:24:04,twist,1,1050,success,8,1.0277,0.5218,0,91.9,7.24,100.0,0.0,98.6,1.4
2026-05-29 13:24:15,twist,1,1051,success,12,0.9864,0.7047,0,91.91,7.23,100.0,0.0,98.6,1.4
2026-05-29 13:24:17,twist,1,1052,success,1,135.1245,2.3159,0,91.92,7.22,100.0,0.0,98.6,1.4
2026-05-29 13:24:30,twist,1,1053,success,13,0.7943,0.9249,0,91.93,7.22,100.0,0.0,98.6,1.4
2026-05-29 13:24:47,twist,1,1054,success,18,0.6011,0.5315,0,91.94,7.21,100.0,0.0,98.8,1.2
2026-05-29 13:24:53,twist,1,1055,success,6,0.958,1.0643,0,91.94,7.2,100.0,0.0,98.8,1.2
2026-05-29 13:25:04,twist,1,1056,success,10,0.6578,0.8053,0,91.95,7.2,100.0,0.0,98.8,1.2
2026-05-29 13:25:15,twist,1,1057,success,10,0.8863,0.6565,0,91.96,7.19,100.0,0.0,98.8,1.2
2026-05-29 13:25:25,twist,1,1058,success,10,0.7495,0.9811,0,91.97,7.18,100.0,0.0,98.8,1.2
2026-05-29 13:25:33,twist,1,1059,success,8,0.962,0.6657,0,91.97,7.18,100.0,0.0,98.8,1.2
2026-05-29 13:25:43,twist,1,1060,success,10,0.6817,1.0271,0,91.98,7.17,100.0,0.0,98.8,1.2
2026-05-29 13:25:53,twist,1,1061,success,10,1.1823,0.9468,0,91.99,7.16,100.0,0.0,98.8,1.2
2026-05-29 13:26:03,twist,1,1062,success,10,0.6481,0.901,0,92.0,7.16,100.0,0.0,98.8,1.2
2026-05-29 13:26:14,twist,1,1063,success,10,0.7528,0.8207,0,92.0,7.15,100.0,0.0,98.8,1.2
2026-05-29 13:26:23,twist,1,1064,success,8,0.7717,1.2014,0,92.01,7.14,100.0,0.0,98.8,1.2
2026-05-29 13:26:28,twist,1,1065,success,4,1.2125,1.702,0,92.02,7.14,100.0,0.0,98.8,1.2
2026-05-29 13:26:38,twist,1,1066,success,10,0.6281,1.1096,0,92.03,7.13,100.0,0.0,98.8,1.2
2026-05-29 13:26:48,twist,1,1067,success,10,0.5198,1.4263,0,92.03,7.12,100.0,0.0,98.8,1.2
2026-05-29 13:27:01,twist,1,1068,success,12,0.7921,0.5611,0,92.04,7.12,100.0,0.0,98.8,1.2
2026-05-29 13:27:09,twist,1,1069,success,8,0.8444,0.6668,0,92.05,7.11,100.0,0.0,98.8,1.2
2026-05-29 13:27:17,twist,1,1070,success,8,0.9309,0.8505,0,92.06,7.1,100.0,0.0,98.8,1.2
2026-05-29 13:27:30,twist,1,1071,success,12,0.8829,0.5235,0,92.06,7.1,100.0,0.0,98.8,1.2
2026-05-29 13:27:39,twist,1,1072,success,8,1.0163,1.1232,0,92.07,7.09,100.0,0.0,98.8,1.2
2026-05-29 13:27:46,twist,1,1073,success,6,1.0911,0.9433,0,92.08,7.08,100.0,0.0,98.8,1.2
2026-05-29 13:27:54,twist,1,1074,success,8,0.8837,1.095,0,92.09,7.08,100.0,0.0,98.8,1.2
2026-05-29 13:28:00,twist,1,1075,success,6,0.9319,1.4601,0,92.09,7.07,100.0,0.0,98.8,1.2
2026-05-29 13:28:10,twist,1,1076,success,10,0.9213,0.4758,0,92.1,7.06,100.0,0.0,98.8,1.2
2026-05-29 13:28:16,twist,1,1077,success,4,1.289,1.8447,0,92.11,7.06,100.0,0.0,98.8,1.2
2026-05-29 13:28:22,twist,1,1078,success,6,0.7261,1.865,0,92.12,7.05,100.0,0.0,98.8,1.2
2026-05-29 13:28:31,twist,1,1079,success,8,0.7733,1.0815,0,92.12,7.04,100.0,0.0,98.8,1.2
2026-05-29 13:28:45,twist,1,1080,success,14,0.4888,0.4296,0,92.13,7.04,100.0,0.0,98.8,1.2
2026-05-29 13:28:51,twist,1,1081,success,4,1.0111,1.6197,0,92.14,7.03,100.0,0.0,98.8,1.2
2026-05-29 13:29:02,twist,1,1082,success,10,0.9631,0.5433,0,92.14,7.02,100.0,0.0,98.8,1.2
2026-05-29 13:29:05,twist,1,1083,success,2,3.0274,2.2146,0,92.15,7.02,100.0,0.0,98.8,1.2
2026-05-29 13:29:08,twist,1,1084,success,2,1.0311,1.9665,0,92.16,7.01,100.0,0.0,98.8,1.2
2026-05-29 13:29:14,twist,1,1085,success,6,0.5996,1.8437,0,92.17,7.0,100.0,0.0,98.8,1.2
2026-05-29 13:29:28,twist,1,1086,success,14,0.5867,0.8038,0,92.17,7.0,100.0,0.0,98.8,1.2
2026-05-29 13:29:40,twist,1,1087,success,12,0.6136,0.9611,0,92.18,6.99,100.0,0.0,99.0,1.0
2026-05-29 13:29:50,twist,1,1088,success,10,0.9446,1.2494,0,92.19,6.99,100.0,0.0,99.0,1.0
2026-05-29 13:30:03,twist,1,1089,success,14,0.4446,0.7259,0,92.19,6.98,100.0,0.0,99.0,1.0
2026-05-29 13:30:07,twist,1,1090,success,2,1.1386,1.9648,0,92.2,6.97,100.0,0.0,99.0,1.0
2026-05-29 13:30:15,twist,1,1091,success,8,0.7186,0.8442,0,92.21,6.97,100.0,0.0,99.0,1.0
2026-05-29 13:30:26,twist,1,1092,success,12,0.3938,1.2144,0,92.22,6.96,100.0,0.0,99.0,1.0
2026-05-29 13:30:40,twist,1,1093,success,14,0.8408,0.7562,0,92.22,6.95,100.0,0.0,99.0,1.0
2026-05-29 13:30:51,twist,1,1094,success,12,0.7426,0.9592,0,92.23,6.95,100.0,0.0,99.0,1.0
2026-05-29 13:31:01,twist,1,1095,success,10,0.6765,1.4928,0,92.24,6.94,100.0,0.0,99.0,1.0
2026-05-29 13:31:06,twist,1,1096,success,4,1.15,1.8408,0,92.24,6.93,100.0,0.0,99.0,1.0
2026-05-29 13:31:14,twist,1,1097,success,8,0.5405,1.6661,0,92.25,6.93,100.0,0.0,99.0,1.0
2026-05-29 13:31:24,twist,1,1098,success,10,0.7658,1.134,0,92.26,6.92,100.0,0.0,99.0,1.0
2026-05-29 13:31:27,twist,1,1099,success,2,1.3396,1.8683,0,92.27,6.92,100.0,0.0,99.0,1.0
2026-05-29 13:31:38,twist,1,1100,success,12,0.8502,0.8903,0,92.27,6.91,100.0,0.0,99.0,1.0
2026-05-29 13:31:45,twist,1,1101,success,6,0.9742,1.088,0,92.28,6.9,100.0,0.0,99.0,1.0
2026-05-29 13:32:06,twist,1,1102,success,20,0.4252,0.7551,0,92.29,6.9,100.0,0.0,99.0,1.0
2026-05-29 13:32:08,twist,1,1103,success,1,28.3961,2.3162,0,92.29,6.89,100.0,0.0,99.0,1.0
2026-05-29 13:32:21,twist,1,1104,success,13,0.8679,0.5465,0,92.3,6.88,100.0,0.0,99.0,1.0
2026-05-29 13:32:30,twist,1,1105,success,8,0.6159,1.5172,0,92.31,6.88,100.0,0.0,99.0,1.0
2026-05-29 13:32:38,twist,1,1106,success,8,0.8812,1.0174,0,92.31,6.87,100.0,0.0,99.0,1.0
2026-05-29 13:32:46,twist,1,1107,success,8,0.5504,1.4969,0,92.32,6.87,100.0,0.0,99.0,1.0
2026-05-29 13:33:01,twist,1,1108,success,14,0.3468,0.7542,0,92.33,6.86,100.0,0.0,99.0,1.0
2026-05-29 13:33:09,twist,1,1109,success,8,0.8742,0.8092,0,92.34,6.85,100.0,0.0,99.2,0.8
2026-05-29 13:33:24,twist,1,1110,success,16,0.6811,0.4544,0,92.34,6.85,100.0,0.0,99.2,0.8
2026-05-29 13:33:29,twist,1,1111,success,4,1.5355,2.1341,0,92.35,6.84,100.0,0.0,99.2,0.8
2026-05-29 13:33:35,twist,1,1112,success,6,1.1687,1.4881,0,92.36,6.83,100.0,0.0,99.2,0.8
2026-05-29 13:33:49,twist,1,1113,success,14,0.7361,0.7587,0,92.36,6.83,100.0,0.0,99.2,0.8
2026-05-29 13:34:12,twist,1,1114,success,24,0.4916,0.48,0,92.37,6.82,100.0,0.0,99.2,0.8
2026-05-29 13:34:20,twist,1,1115,success,8,0.5596,1.8341,0,92.38,6.82,100.0,0.0,99.2,0.8
2026-05-29 13:34:25,twist,1,1116,success,4,1.0174,1.6141,0,92.38,6.81,100.0,0.0,99.2,0.8
2026-05-29 13:34:37,twist,1,1117,success,12,0.5351,0.9594,0,92.39,6.8,100.0,0.0,99.2,0.8
2026-05-29 13:34:55,twist,1,1118,success,20,0.3801,0.8134,0,92.4,6.8,100.0,0.0,99.2,0.8
2026-05-29 13:35:04,twist,1,1119,success,8,0.6518,1.2837,0,92.4,6.79,100.0,0.0,99.2,0.8
2026-05-29 13:35:17,twist,1,1120,success,14,0.7461,0.603,0,92.41,6.79,100.0,0.0,99.2,0.8
2026-05-29 13:35:19,twist,1,1121,success,1,30.2595,2.3202,0,92.42,6.78,100.0,0.0,99.2,0.8
2026-05-29 13:35:29,twist,1,1122,success,9,0.5108,1.0687,0,92.42,6.77,100.0,0.0,99.2,0.8
2026-05-29 13:35:40,twist,1,1123,success,12,0.8716,0.8678,0,92.43,6.77,100.0,0.0,99.2,0.8
2026-05-29 13:35:49,twist,1,1124,success,8,0.5596,1.5615,0,92.44,6.76,100.0,0.0,99.2,0.8
2026-05-29 13:35:57,twist,1,1125,success,8,0.6908,1.0796,0,92.44,6.76,100.0,0.0,99.2,0.8
2026-05-29 13:36:05,twist,1,1126,success,8,0.8301,1.0309,0,92.45,6.75,100.0,0.0,99.2,0.8
2026-05-29 13:36:20,twist,1,1127,success,14,0.4752,1.0858,0,92.46,6.74,100.0,0.0,99.2,0.8
2026-05-29 13:36:28,twist,1,1128,success,8,0.7947,1.4348,0,92.46,6.74,100.0,0.0,99.2,0.8
2026-05-29 13:36:39,twist,1,1129,success,10,0.9776,0.7932,0,92.47,6.73,100.0,0.0,99.2,0.8
2026-05-29 13:36:48,twist,1,1130,success,8,0.6938,0.9021,0,92.48,6.73,100.0,0.0,99.2,0.8
2026-05-29 13:37:03,twist,1,1131,success,16,0.7007,0.2277,4,92.48,6.72,100.0,0.0,99.2,0.8
2026-05-29 13:37:15,twist,1,1132,success,12,0.3333,1.4753,0,92.49,6.71,100.0,0.0,99.2,0.8
2026-05-29 13:37:27,twist,1,1133,success,12,0.6807,1.069,0,92.5,6.71,100.0,0.0,99.2,0.8
2026-05-29 13:37:41,twist,1,1134,success,14,0.6909,0.4736,0,92.5,6.7,100.0,0.0,99.2,0.8
2026-05-29 13:37:54,twist,1,1135,success,14,0.6473,0.2579,1,92.51,6.7,100.0,0.0,99.4,0.6
2026-05-29 13:38:01,twist,1,1136,success,7,1.2227,1.1512,0,92.52,6.69,100.0,0.0,99.4,0.6
2026-05-29 13:38:04,twist,1,1137,success,1,65.7911,2.3205,0,92.52,6.68,100.0,0.0,99.4,0.6
2026-05-29 13:38:15,twist,1,1138,success,10,0.4149,1.5322,0,92.53,6.68,100.0,0.0,99.4,0.6
2026-05-29 13:38:25,twist,1,1139,success,10,0.5642,0.7796,0,92.54,6.67,100.0,0.0,99.4,0.6
2026-05-29 13:38:39,twist,1,1140,success,14,0.3709,0.8736,0,92.54,6.67,100.0,0.0,99.4,0.6
2026-05-29 13:38:42,twist,1,1141,success,2,2.0287,2.0244,0,92.55,6.66,100.0,0.0,99.4,0.6
2026-05-29 13:38:49,twist,1,1142,success,6,0.5648,1.0949,0,92.56,6.65,100.0,0.0,99.4,0.6
2026-05-29 13:39:00,twist,1,1143,success,10,0.6862,0.8606,0,92.56,6.65,100.0,0.0,99.4,0.6
2026-05-29 13:39:09,twist,1,1144,success,10,0.9495,0.8521,0,92.57,6.64,100.0,0.0,99.4,0.6
2026-05-29 13:39:22,twist,1,1145,success,12,0.5421,1.072,0,92.58,6.64,100.0,0.0,99.4,0.6
2026-05-29 13:39:31,twist,1,1146,success,8,0.9118,0.8095,0,92.58,6.63,100.0,0.0,99.4,0.6
2026-05-29 13:39:37,twist,1,1147,success,6,1.1381,1.3479,0,92.59,6.63,100.0,0.0,99.4,0.6
2026-05-29 13:39:45,twist,1,1148,success,8,0.8988,1.1027,0,92.6,6.62,100.0,0.0,99.4,0.6
2026-05-29 13:39:53,twist,1,1149,success,6,1.0563,0.9704,0,92.6,6.61,100.0,0.0,99.4,0.6
2026-05-29 13:40:02,twist,1,1150,success,10,0.6658,1.4682,0,92.61,6.61,100.0,0.0,99.4,0.6
2026-05-29 13:40:10,twist,1,1151,success,8,0.6668,1.4251,0,92.62,6.6,100.0,0.0,99.4,0.6
2026-05-29 13:40:21,twist,1,1152,success,10,0.9516,0.5259,0,92.62,6.6,100.0,0.0,99.4,0.6
2026-05-29 13:40:29,twist,1,1153,success,8,0.8898,0.8707,0,92.63,6.59,100.0,0.0,99.4,0.6
2026-05-29 13:40:41,twist,1,1154,success,12,0.9764,0.5086,0,92.63,6.59,100.0,0.0,99.4,0.6
2026-05-29 13:40:49,twist,1,1155,success,8,0.589,1.6236,0,92.64,6.58,100.0,0.0,99.4,0.6
2026-05-29 13:41:01,twist,1,1156,success,12,0.7585,0.4547,0,92.65,6.57,100.0,0.0,99.4,0.6
2026-05-29 13:41:09,twist,1,1157,success,8,0.7751,1.4273,0,92.65,6.57,100.0,0.0,99.4,0.6
2026-05-29 13:41:15,twist,1,1158,success,4,1.1321,1.6054,0,92.66,6.56,100.0,0.0,99.4,0.6
2026-05-29 13:41:29,twist,1,1159,success,14,0.6654,0.9041,0,92.67,6.56,100.0,0.0,99.4,0.6
2026-05-29 13:41:39,twist,1,1160,success,10,0.558,1.2902,0,92.67,6.55,100.0,0.0,99.6,0.4
2026-05-29 13:41:50,twist,1,1161,success,12,0.702,0.9549,0,92.68,6.55,100.0,0.0,99.6,0.4
2026-05-29 13:41:52,twist,1,1162,success,1,32.8396,2.3162,0,92.69,6.54,100.0,0.0,99.6,0.4
2026-05-29 13:42:02,twist,1,1163,success,9,1.0554,0.7979,0,92.69,6.53,100.0,0.0,99.6,0.4
2026-05-29 13:42:06,twist,1,1164,success,2,1.6132,1.8504,0,92.7,6.53,100.0,0.0,99.6,0.4
2026-05-29 13:42:16,twist,1,1165,success,10,0.9244,0.4313,0,92.7,6.52,100.0,0.0,99.6,0.4
2026-05-29 13:42:26,twist,1,1166,success,10,0.3269,1.525,0,92.71,6.52,100.0,0.0,99.6,0.4
2026-05-29 13:42:32,twist,1,1167,success,6,0.9651,1.5059,0,92.72,6.51,100.0,0.0,99.6,0.4
2026-05-29 13:42:40,twist,1,1168,success,8,1.0404,1.0332,0,92.72,6.51,100.0,0.0,99.6,0.4
2026-05-29 13:42:48,twist,1,1169,success,8,0.5784,1.6334,0,92.73,6.5,100.0,0.0,99.6,0.4
2026-05-29 13:42:57,twist,1,1170,success,8,0.2732,1.6489,0,92.74,6.5,100.0,0.0,99.6,0.4
2026-05-29 13:43:06,twist,1,1171,success,8,0.9891,0.7959,0,92.74,6.49,100.0,0.0,99.6,0.4
2026-05-29 13:43:13,twist,1,1172,success,6,1.0275,1.1888,0,92.75,6.48,100.0,0.0,99.6,0.4
2026-05-29 13:43:18,twist,1,1173,success,4,2.8831,2.18,0,92.75,6.48,100.0,0.0,99.6,0.4
2026-05-29 13:43:21,twist,1,1174,success,2,1.7826,2.1165,0,92.76,6.47,100.0,0.0,99.6,0.4
2026-05-29 13:43:42,twist,1,1175,success,22,0.2778,0.605,0,92.77,6.47,100.0,0.0,99.6,0.4
2026-05-29 13:43:56,twist,1,1176,success,14,0.8106,0.5952,0,92.77,6.46,100.0,0.0,99.6,0.4
2026-05-29 13:44:03,twist,1,1177,success,6,0.6802,1.3389,0,92.78,6.46,100.0,0.0,99.6,0.4
2026-05-29 13:44:05,twist,1,1178,success,1,25.2741,2.3246,0,92.78,6.45,100.0,0.0,99.6,0.4
2026-05-29 13:44:13,twist,1,1179,success,7,1.0811,1.1132,0,92.79,6.45,100.0,0.0,99.6,0.4
2026-05-29 13:44:22,twist,1,1180,success,8,0.8746,0.7994,0,92.8,6.44,100.0,0.0,99.6,0.4
2026-05-29 13:44:39,twist,1,1181,success,18,0.6016,0.5893,0,92.8,6.44,100.0,0.0,99.6,0.4
2026-05-29 13:44:48,twist,1,1182,success,10,0.4604,1.4069,0,92.81,6.43,100.0,0.0,99.6,0.4
2026-05-29 13:44:58,twist,1,1183,success,10,0.9048,0.5854,0,92.81,6.42,100.0,0.0,99.6,0.4
2026-05-29 13:45:10,twist,1,1184,success,12,0.7459,0.6661,0,92.82,6.42,100.0,0.0,99.6,0.4
2026-05-29 13:45:20,twist,1,1185,success,10,0.7525,0.6185,0,92.83,6.41,100.0,0.0,99.6,0.4
2026-05-29 13:45:29,twist,1,1186,success,8,0.7816,1.4832,0,92.83,6.41,100.0,0.0,99.6,0.4
2026-05-29 13:45:39,twist,1,1187,success,10,0.5521,1.1828,0,92.84,6.4,100.0,0.0,99.6,0.4
2026-05-29 13:45:49,twist,1,1188,success,10,0.6057,1.1725,0,92.85,6.4,100.0,0.0,99.6,0.4
2026-05-29 13:45:58,twist,1,1189,success,8,0.7691,0.9252,0,92.85,6.39,100.0,0.0,99.6,0.4
2026-05-29 13:46:08,twist,1,1190,success,10,0.3839,1.0486,0,92.86,6.39,100.0,0.0,99.6,0.4
2026-05-29 13:46:15,twist,1,1191,success,6,0.9066,1.0513,0,92.86,6.38,100.0,0.0,99.6,0.4
2026-05-29 13:46:23,twist,1,1192,success,8,0.9831,0.7725,0,92.87,6.38,100.0,0.0,99.6,0.4
2026-05-29 13:46:25,twist,1,1193,success,1,48.0832,2.323,0,92.88,6.37,100.0,0.0,99.6,0.4
2026-05-29 13:46:40,twist,1,1194,success,15,0.7757,0.6062,0,92.88,6.37,100.0,0.0,99.6,0.4
2026-05-29 13:46:46,twist,1,1195,success,6,0.5945,1.479,0,92.89,6.36,100.0,0.0,99.6,0.4
2026-05-29 13:46:51,twist,1,1196,success,4,1.29,1.7458,0,92.89,6.35,100.0,0.0,99.6,0.4
2026-05-29 13:47:00,twist,1,1197,success,8,0.8606,0.6817,0,92.9,6.35,100.0,0.0,99.6,0.4
2026-05-29 13:47:13,twist,1,1198,success,14,0.7335,0.8017,0,92.9,6.34,100.0,0.0,99.6,0.4
2026-05-29 13:47:18,twist,1,1199,success,4,1.1312,1.8263,0,92.91,6.34,100.0,0.0,99.6,0.4
2026-05-29 13:47:19,twist,1,1200,success,1,21.8625,2.3305,0,92.92,6.33,100.0,0.0,99.6,0.4
2026-05-29 13:47:33,twist,1,1201,success,13,0.7223,0.5054,0,92.92,6.33,100.0,0.0,99.6,0.4
2026-05-29 13:47:45,twist,1,1202,success,12,0.8851,0.6546,0,92.93,6.32,100.0,0.0,99.6,0.4
2026-05-29 13:47:51,twist,1,1203,success,6,0.7807,1.2066,0,92.93,6.32,100.0,0.0,99.6,0.4
2026-05-29 13:48:01,twist,1,1204,success,10,0.6497,1.3364,0,92.94,6.31,100.0,0.0,99.6,0.4
2026-05-29 13:48:04,twist,1,1205,success,2,1.5577,1.9448,0,92.95,6.31,100.0,0.0,99.6,0.4
2026-05-29 13:48:15,twist,1,1206,success,10,0.7379,0.6287,0,92.95,6.3,100.0,0.0,99.6,0.4
2026-05-29 13:48:25,twist,1,1207,success,10,0.6791,0.5136,0,92.96,6.3,100.0,0.0,99.6,0.4
2026-05-29 13:48:37,twist,1,1208,success,12,0.6391,0.9469,0,92.96,6.29,100.0,0.0,99.6,0.4
2026-05-29 13:48:45,twist,1,1209,success,8,0.9751,1.1776,0,92.97,6.29,100.0,0.0,99.6,0.4
2026-05-29 13:48:53,twist,1,1210,success,8,0.9714,0.8444,0,92.98,6.28,100.0,0.0,99.6,0.4
2026-05-29 13:49:05,twist,1,1211,success,12,0.5835,0.9161,0,92.98,6.28,100.0,0.0,99.6,0.4
2026-05-29 13:49:14,twist,1,1212,success,8,0.6885,1.0019,0,92.99,6.27,100.0,0.0,99.6,0.4
2026-05-29 13:49:21,twist,1,1213,success,6,0.9572,1.0996,0,92.99,6.27,100.0,0.0,99.6,0.4
2026-05-29 13:49:27,twist,1,1214,success,6,0.8462,1.2155,0,93.0,6.26,100.0,0.0,99.6,0.4
2026-05-29 13:49:39,twist,1,1215,success,12,0.5422,1.254,0,93.0,6.26,100.0,0.0,99.6,0.4
2026-05-29 13:49:51,twist,1,1216,success,12,0.5706,1.3211,0,93.01,6.25,100.0,0.0,99.6,0.4
2026-05-29 13:49:53,twist,1,1217,success,1,107.6633,2.3092,0,93.02,6.24,100.0,0.0,99.6,0.4
2026-05-29 13:50:07,twist,1,1218,success,13,0.8776,0.6955,0,93.02,6.24,100.0,0.0,99.6,0.4
2026-05-29 13:50:17,twist,1,1219,success,8,0.5743,1.7474,0,93.03,6.23,100.0,0.0,99.6,0.4
2026-05-29 13:50:24,twist,1,1220,success,6,0.9533,1.5898,0,93.03,6.23,100.0,0.0,99.6,0.4
2026-05-29 13:50:32,twist,1,1221,success,8,0.3659,1.7749,0,93.04,6.22,100.0,0.0,99.6,0.4
2026-05-29 13:50:35,twist,1,1222,success,2,0.6597,1.8037,0,93.04,6.22,100.0,0.0,99.6,0.4
2026-05-29 13:50:46,twist,1,1223,success,10,0.2501,1.4836,0,93.05,6.21,100.0,0.0,99.6,0.4
2026-05-29 13:50:51,twist,1,1224,success,5,1.2492,1.4063,0,93.06,6.21,100.0,0.0,99.6,0.4
2026-05-29 13:51:01,twist,1,1225,success,9,0.8379,0.6305,0,93.06,6.2,100.0,0.0,99.6,0.4
2026-05-29 13:51:11,twist,1,1226,success,10,0.5252,1.8269,0,93.07,6.2,100.0,0.0,99.6,0.4
2026-05-29 13:51:19,twist,1,1227,success,8,0.8042,0.9701,0,93.07,6.19,100.0,0.0,99.6,0.4
2026-05-29 13:51:28,twist,1,1228,success,8,0.9518,0.9189,0,93.08,6.19,100.0,0.0,99.6,0.4
2026-05-29 13:51:33,twist,1,1229,success,4,1.2368,1.6104,0,93.08,6.18,100.0,0.0,99.6,0.4
2026-05-29 13:51:42,twist,1,1230,success,8,0.9337,1.0663,0,93.09,6.18,100.0,0.0,99.6,0.4
2026-05-29 13:51:55,twist,1,1231,success,12,0.8229,0.5515,0,93.1,6.17,100.0,0.0,99.6,0.4
2026-05-29 13:52:05,twist,1,1232,success,10,1.0177,0.6399,0,93.1,6.17,100.0,0.0,99.6,0.4
2026-05-29 13:52:12,twist,1,1233,success,6,1.0514,1.5982,0,93.11,6.16,100.0,0.0,99.6,0.4
2026-05-29 13:52:17,twist,1,1234,success,4,1.1428,1.6736,0,93.11,6.16,100.0,0.0,99.6,0.4
2026-05-29 13:52:31,twist,1,1235,success,14,0.8709,0.6272,0,93.12,6.15,100.0,0.0,99.6,0.4
2026-05-29 13:52:36,twist,1,1236,success,4,1.1163,1.3352,0,93.12,6.15,100.0,0.0,99.6,0.4
2026-05-29 13:52:46,twist,1,1237,success,10,0.7666,1.1667,0,93.13,6.14,100.0,0.0,99.6,0.4
2026-05-29 13:52:56,twist,1,1238,success,10,0.7197,0.6246,0,93.13,6.14,100.0,0.0,99.6,0.4
2026-05-29 13:53:06,twist,1,1239,success,10,0.8775,0.5157,0,93.14,6.13,100.0,0.0,99.6,0.4
2026-05-29 13:53:08,twist,1,1240,success,1,55.1765,2.3329,0,93.15,6.13,100.0,0.0,99.6,0.4
2026-05-29 13:53:18,twist,1,1241,success,9,0.9835,0.7855,0,93.15,6.12,100.0,0.0,99.6,0.4
2026-05-29 13:53:32,twist,1,1242,success,14,0.5573,0.7198,0,93.16,6.12,100.0,0.0,99.6,0.4
2026-05-29 13:53:45,twist,1,1243,success,12,0.7955,0.8092,0,93.16,6.11,100.0,0.0,99.6,0.4
2026-05-29 13:53:50,twist,1,1244,success,4,1.054,1.6201,0,93.17,6.11,100.0,0.0,99.6,0.4
2026-05-29 13:53:57,twist,1,1245,success,7,1.0674,0.9155,0,93.17,6.1,100.0,0.0,99.6,0.4
2026-05-29 13:54:05,twist,1,1246,success,7,0.9039,1.6889,0,93.18,6.1,100.0,0.0,99.6,0.4
2026-05-29 13:54:22,twist,1,1247,success,16,0.7895,0.29,1,93.18,6.09,100.0,0.0,99.6,0.4
2026-05-29 13:54:29,twist,1,1248,success,6,0.6797,1.3986,0,93.19,6.09,100.0,0.0,99.6,0.4
2026-05-29 13:54:38,twist,1,1249,success,10,0.9992,0.6095,0,93.19,6.08,100.0,0.0,99.6,0.4
2026-05-29 13:54:45,twist,1,1250,success,6,0.9498,1.2477,0,93.2,6.08,100.0,0.0,99.6,0.4
2026-05-29 13:54:53,twist,1,1251,success,8,0.9563,0.9553,0,93.21,6.08,100.0,0.0,99.6,0.4
2026-05-29 13:55:02,twist,1,1252,success,8,0.5348,1.4237,0,93.21,6.07,100.0,0.0,99.6,0.4
2026-05-29 13:55:13,twist,1,1253,success,12,0.629,0.3618,0,93.22,6.07,100.0,0.0,99.6,0.4
2026-05-29 13:55:25,twist,1,1254,success,12,0.7083,0.7795,0,93.22,6.06,100.0,0.0,99.6,0.4
2026-05-29 13:55:29,twist,1,1255,success,2,1.5886,1.948,0,93.23,6.06,100.0,0.0,99.6,0.4
2026-05-29 13:55:34,twist,1,1256,success,4,1.0399,1.5225,0,93.23,6.05,100.0,0.0,99.6,0.4
2026-05-29 13:55:39,twist,1,1257,success,4,1.1878,1.5534,0,93.24,6.05,100.0,0.0,99.6,0.4
2026-05-29 13:55:49,twist,1,1258,success,10,0.7079,0.5491,0,93.24,6.04,100.0,0.0,99.6,0.4
2026-05-29 13:55:54,twist,1,1259,success,4,0.9725,1.7907,0,93.25,6.04,100.0,0.0,99.6,0.4
2026-05-29 13:56:00,twist,1,1260,success,6,1.2026,1.3507,0,93.25,6.03,100.0,0.0,99.6,0.4
2026-05-29 13:56:03,twist,1,1261,success,2,1.3938,1.8644,0,93.26,6.03,100.0,0.0,99.6,0.4
2026-05-29 13:56:12,twist,1,1262,success,8,1.1799,0.9569,0,93.26,6.02,100.0,0.0,99.6,0.4
2026-05-29 13:56:23,twist,1,1263,success,12,0.9969,0.5765,0,93.27,6.02,100.0,0.0,99.6,0.4
2026-05-29 13:56:30,twist,1,1264,success,6,0.8598,1.0424,0,93.28,6.01,100.0,0.0,99.6,0.4
2026-05-29 13:56:31,twist,1,1265,success,1,113.3776,2.3266,0,93.28,6.01,100.0,0.0,99.6,0.4
2026-05-29 13:56:40,twist,1,1266,success,7,0.4207,1.6498,0,93.29,6.0,100.0,0.0,99.6,0.4
2026-05-29 13:56:48,twist,1,1267,success,6,0.9463,0.7026,0,93.29,6.0,100.0,0.0,99.6,0.4
2026-05-29 13:57:00,twist,1,1268,success,12,0.8423,0.5937,0,93.3,5.99,100.0,0.0,99.6,0.4
2026-05-29 13:57:01,twist,1,1269,success,1,283.3416,2.3182,0,93.3,5.99,100.0,0.0,99.6,0.4
2026-05-29 13:57:13,twist,1,1270,success,12,0.8329,1.1041,0,93.31,5.98,100.0,0.0,99.6,0.4
2026-05-29 13:57:23,twist,1,1271,success,9,0.4748,1.4115,0,93.31,5.98,100.0,0.0,99.6,0.4
2026-05-29 13:57:30,twist,1,1272,success,6,1.0215,1.18,0,93.32,5.97,100.0,0.0,99.6,0.4
2026-05-29 13:57:35,twist,1,1273,success,4,1.2393,1.3939,0,93.32,5.97,100.0,0.0,99.6,0.4
2026-05-29 13:57:46,twist,1,1274,success,12,0.8408,0.9778,0,93.33,5.97,100.0,0.0,99.6,0.4
2026-05-29 13:57:58,twist,1,1275,success,13,1.0653,0.5547,0,93.33,5.96,100.0,0.0,99.6,0.4
2026-05-29 13:58:06,twist,1,1276,success,7,1.1423,1.3932,0,93.34,5.96,100.0,0.0,99.6,0.4
2026-05-29 13:58:14,twist,1,1277,success,8,0.9764,0.6471,0,93.34,5.95,100.0,0.0,99.6,0.4
2026-05-29 13:58:25,twist,1,1278,success,10,0.6877,0.6476,0,93.35,5.95,100.0,0.0,99.6,0.4
2026-05-29 13:58:33,twist,1,1279,success,8,0.4564,1.5047,0,93.35,5.94,100.0,0.0,99.6,0.4
2026-05-29 13:58:43,twist,1,1280,success,10,0.6414,0.4399,0,93.36,5.94,100.0,0.0,99.6,0.4
2026-05-29 13:58:57,twist,1,1281,success,14,0.612,0.456,0,93.36,5.93,100.0,0.0,99.6,0.4
2026-05-29 13:59:07,twist,1,1282,success,10,0.9372,0.7452,0,93.37,5.93,100.0,0.0,99.6,0.4
2026-05-29 13:59:21,twist,1,1283,success,14,0.5012,0.8856,0,93.37,5.92,100.0,0.0,99.6,0.4
2026-05-29 13:59:31,twist,1,1284,success,10,0.6535,1.4063,0,93.38,5.92,100.0,0.0,99.6,0.4
2026-05-29 13:59:41,twist,1,1285,success,10,0.9323,0.7506,0,93.39,5.91,100.0,0.0,99.6,0.4
2026-05-29 13:59:46,twist,1,1286,success,4,1.2819,1.4796,0,93.39,5.91,100.0,0.0,99.6,0.4
2026-05-29 13:59:58,twist,1,1287,success,12,0.6698,0.5037,0,93.4,5.91,100.0,0.0,99.6,0.4
2026-05-29 14:00:05,twist,1,1288,success,6,1.008,1.267,0,93.4,5.9,100.0,0.0,99.6,0.4
2026-05-29 14:00:17,twist,1,1289,success,12,0.6711,0.3428,0,93.41,5.9,100.0,0.0,99.6,0.4
2026-05-29 14:00:21,twist,1,1290,success,2,1.0545,1.9087,0,93.41,5.89,100.0,0.0,99.6,0.4
2026-05-29 14:00:31,twist,1,1291,success,10,0.7241,0.8232,0,93.42,5.89,100.0,0.0,99.6,0.4
2026-05-29 14:00:40,twist,1,1292,success,8,0.9686,0.9384,0,93.42,5.88,100.0,0.0,99.6,0.4
2026-05-29 14:00:46,twist,1,1293,success,6,1.0049,0.7414,0,93.43,5.88,100.0,0.0,99.6,0.4
2026-05-29 14:00:58,twist,1,1294,success,12,0.7475,0.6707,0,93.43,5.87,100.0,0.0,99.6,0.4
2026-05-29 14:01:12,twist,1,1295,success,14,0.8313,0.639,0,93.44,5.87,100.0,0.0,99.6,0.4
2026-05-29 14:01:21,twist,1,1296,success,8,0.9227,0.7082,0,93.44,5.86,100.0,0.0,99.6,0.4
2026-05-29 14:14:29,twist,1,1297,success,12,0.7927,0.6332,0,93.45,5.86,100.0,0.0,99.6,0.4
2026-05-29 14:14:41,twist,1,1298,success,12,0.5979,0.7336,0,93.45,5.86,100.0,0.0,99.6,0.4
2026-05-29 14:14:49,twist,1,1299,success,8,1.2724,1.3137,0,93.46,5.85,100.0,0.0,99.6,0.4
2026-05-29 14:14:58,twist,1,1300,success,8,0.9377,0.6899,0,93.46,5.85,100.0,0.0,99.6,0.4
2026-05-29 14:15:03,twist,1,1301,success,4,0.9544,1.6544,0,93.47,5.84,100.0,0.0,99.6,0.4
2026-05-29 14:15:14,twist,1,1302,success,12,0.6368,1.0114,0,93.47,5.84,100.0,0.0,99.8,0.2
2026-05-29 14:15:21,twist,1,1303,success,6,0.9716,1.1755,0,93.48,5.83,100.0,0.0,99.8,0.2
2026-05-29 14:15:26,twist,1,1304,success,4,1.1804,1.6755,0,93.48,5.83,100.0,0.0,99.8,0.2
2026-05-29 14:15:36,twist,1,1305,success,10,1.057,0.8021,0,93.49,5.82,100.0,0.0,99.8,0.2
2026-05-29 14:15:46,twist,1,1306,success,10,0.2494,1.6331,0,93.49,5.82,100.0,0.0,99.8,0.2
2026-05-29 14:15:57,twist,1,1307,success,10,0.1913,1.3689,0,93.5,5.81,100.0,0.0,99.8,0.2
2026-05-29 14:16:07,twist,1,1308,success,10,0.949,0.6995,0,93.5,5.81,100.0,0.0,99.8,0.2
2026-05-29 14:16:14,twist,1,1309,success,6,0.9993,0.9245,0,93.51,5.81,100.0,0.0,99.8,0.2
2026-05-29 14:16:28,twist,1,1310,success,14,0.6545,0.8947,0,93.51,5.8,100.0,0.0,99.8,0.2
2026-05-29 14:16:41,twist,1,1311,success,12,0.8992,0.7979,0,93.52,5.8,100.0,0.0,99.8,0.2
2026-05-29 14:16:42,twist,1,1312,success,1,160.2774,2.3155,0,93.52,5.79,100.0,0.0,99.8,0.2
2026-05-29 14:16:54,twist,1,1313,success,11,0.879,0.943,0,93.53,5.79,100.0,0.0,99.8,0.2
2026-05-29 14:16:56,twist,1,1314,success,1,159.8008,2.3196,0,93.53,5.78,100.0,0.0,99.8,0.2
2026-05-29 14:17:08,twist,1,1315,success,11,0.8104,0.9869,0,93.54,5.78,100.0,0.0,99.8,0.2
2026-05-29 14:17:20,twist,1,1316,success,12,0.5634,1.1361,0,93.54,5.78,100.0,0.0,99.8,0.2
2026-05-29 14:17:29,twist,1,1317,success,8,0.5005,1.643,0,93.55,5.77,100.0,0.0,99.8,0.2
2026-05-29 14:17:39,twist,1,1318,success,10,0.7367,0.9682,0,93.55,5.77,100.0,0.0,99.8,0.2
2026-05-29 14:17:51,twist,1,1319,success,12,0.6031,1.1074,0,93.56,5.76,100.0,0.0,99.8,0.2
2026-05-29 14:18:00,twist,1,1320,success,8,0.8835,0.5376,0,93.56,5.76,100.0,0.0,99.8,0.2
2026-05-29 14:18:06,twist,1,1321,success,6,0.8129,1.231,0,93.57,5.75,100.0,0.0,99.8,0.2
2026-05-29 14:18:08,twist,1,1322,success,1,304.4215,2.319,0,93.57,5.75,100.0,0.0,99.8,0.2
2026-05-29 14:18:19,twist,1,1323,success,11,0.5669,1.2329,0,93.58,5.74,100.0,0.0,99.8,0.2
2026-05-29 14:18:30,twist,1,1324,success,10,0.4583,1.6674,0,93.58,5.74,100.0,0.0,99.8,0.2
2026-05-29 14:18:42,twist,1,1325,success,12,0.5659,0.5231,0,93.58,5.74,100.0,0.0,99.8,0.2
2026-05-29 14:18:55,twist,1,1326,success,14,0.5762,0.888,0,93.59,5.73,100.0,0.0,99.8,0.2
2026-05-29 14:19:03,twist,1,1327,success,8,0.6557,1.1136,0,93.59,5.73,100.0,0.0,99.8,0.2
2026-05-29 14:19:15,twist,1,1328,success,12,0.7789,0.4115,0,93.6,5.72,100.0,0.0,99.8,0.2
2026-05-29 14:19:25,twist,1,1329,success,10,0.9825,1.3113,0,93.6,5.72,100.0,0.0,99.8,0.2
2026-05-29 14:19:34,twist,1,1330,success,8,0.9809,1.5748,0,93.61,5.71,100.0,0.0,99.8,0.2
2026-05-29 14:19:42,twist,1,1331,success,8,0.8747,1.1798,0,93.61,5.71,100.0,0.0,99.8,0.2
2026-05-29 14:19:56,twist,1,1332,success,14,0.5783,0.5791,0,93.62,5.71,100.0,0.0,99.8,0.2
2026-05-29 14:20:03,twist,1,1333,success,6,0.7141,0.9894,0,93.62,5.7,100.0,0.0,99.8,0.2
2026-05-29 14:20:14,twist,1,1334,success,11,0.7375,1.1039,0,93.63,5.7,100.0,0.0,99.8,0.2
2026-05-29 14:20:21,twist,1,1335,success,5,1.2538,1.8598,0,93.63,5.69,100.0,0.0,99.8,0.2
2026-05-29 14:20:33,twist,1,1336,success,12,0.6614,0.7937,0,93.64,5.69,100.0,0.0,99.8,0.2
2026-05-29 14:20:45,twist,1,1337,success,12,0.426,1.5112,0,93.64,5.68,100.0,0.0,99.8,0.2
2026-05-29 14:20:53,twist,1,1338,success,8,1.0926,1.0452,0,93.65,5.68,100.0,0.0,99.8,0.2
2026-05-29 14:21:01,twist,1,1339,success,6,1.0253,1.618,0,93.65,5.68,100.0,0.0,99.8,0.2
2026-05-29 14:21:11,twist,1,1340,success,10,0.7942,1.3255,0,93.66,5.67,100.0,0.0,99.8,0.2
2026-05-29 14:21:20,twist,1,1341,success,8,1.087,0.9304,0,93.66,5.67,100.0,0.0,99.8,0.2
2026-05-29 14:21:23,twist,1,1342,success,2,1.6687,1.9581,0,93.67,5.66,100.0,0.0,99.8,0.2
2026-05-29 14:21:33,twist,1,1343,success,10,0.7725,1.3163,0,93.67,5.66,100.0,0.0,99.8,0.2
2026-05-29 14:21:39,twist,1,1344,success,6,0.9169,1.5458,0,93.68,5.65,100.0,0.0,99.8,0.2
2026-05-29 14:21:48,twist,1,1345,success,8,0.9735,0.9235,0,93.68,5.65,100.0,0.0,99.8,0.2
2026-05-29 14:21:56,twist,1,1346,success,8,1.049,0.8755,0,93.68,5.65,100.0,0.0,99.8,0.2
2026-05-29 14:22:07,twist,1,1347,success,10,0.9103,0.9236,0,93.69,5.64,100.0,0.0,99.8,0.2
2026-05-29 14:22:15,twist,1,1348,success,8,0.3878,1.4898,0,93.69,5.64,100.0,0.0,99.8,0.2
2026-05-29 14:22:28,twist,1,1349,success,12,0.8727,0.795,0,93.7,5.63,100.0,0.0,99.8,0.2
2026-05-29 14:22:42,twist,1,1350,success,14,0.4441,0.8273,0,93.7,5.63,100.0,0.0,99.8,0.2
2026-05-29 14:22:47,twist,1,1351,success,4,1.3501,1.4418,0,93.71,5.63,100.0,0.0,99.8,0.2
2026-05-29 14:22:59,twist,1,1352,success,12,0.8382,0.7336,0,93.71,5.62,100.0,0.0,99.8,0.2
2026-05-29 14:23:07,twist,1,1353,success,8,0.5871,1.3663,0,93.72,5.62,100.0,0.0,99.8,0.2
2026-05-29 14:23:16,twist,1,1354,success,8,0.6248,1.1896,0,93.72,5.61,100.0,0.0,99.8,0.2
2026-05-29 14:23:24,twist,1,1355,success,8,1.0521,0.9771,0,93.73,5.61,100.0,0.0,99.8,0.2
2026-05-29 14:23:29,twist,1,1356,success,4,0.8601,1.6395,0,93.73,5.6,100.0,0.0,99.8,0.2
2026-05-29 14:23:34,twist,1,1357,success,4,1.1249,1.4148,0,93.74,5.6,100.0,0.0,99.8,0.2
2026-05-29 14:23:41,twist,1,1358,success,6,1.1737,1.8266,0,93.74,5.6,100.0,0.0,99.8,0.2
2026-05-29 14:23:51,twist,1,1359,success,10,0.8701,0.9479,0,93.75,5.59,100.0,0.0,99.8,0.2
2026-05-29 14:24:04,twist,1,1360,success,12,0.5825,1.1479,0,93.75,5.59,100.0,0.0,99.8,0.2
2026-05-29 14:24:15,twist,1,1361,success,10,0.4617,1.4282,0,93.75,5.58,100.0,0.0,99.8,0.2
2026-05-29 14:24:25,twist,1,1362,success,10,0.7993,0.8414,0,93.76,5.58,100.0,0.0,99.8,0.2
2026-05-29 14:24:33,twist,1,1363,success,8,0.9738,1.0764,0,93.76,5.58,100.0,0.0,99.8,0.2
2026-05-29 14:24:41,twist,1,1364,success,8,1.1789,1.0403,0,93.77,5.57,100.0,0.0,99.8,0.2
2026-05-29 14:24:48,twist,1,1365,success,6,0.8261,1.2036,0,93.77,5.57,100.0,0.0,99.8,0.2
2026-05-29 14:24:57,twist,1,1366,success,8,1.0114,0.6669,0,93.78,5.56,100.0,0.0,99.8,0.2
2026-05-29 14:25:12,twist,1,1367,collision,-1,0.595,0.1875,2,93.71,5.63,99.0,1.0,99.6,0.4
2026-05-29 14:25:22,twist,1,1368,success,9,0.8584,0.7441,0,93.71,5.63,99.0,1.0,99.6,0.4
2026-05-29 14:25:36,twist,1,1369,success,14,0.7256,0.6962,0,93.72,5.62,99.0,1.0,99.6,0.4
2026-05-29 14:25:47,twist,1,1370,success,10,0.9876,1.0424,0,93.72,5.62,99.0,1.0,99.6,0.4
2026-05-29 14:26:00,twist,1,1371,success,12,0.5658,1.0399,0,93.73,5.62,99.0,1.0,99.6,0.4
2026-05-29 14:26:12,twist,1,1372,success,12,0.5916,0.816,0,93.73,5.61,99.0,1.0,99.6,0.4
2026-05-29 14:26:17,twist,1,1373,success,4,0.6933,1.7205,0,93.74,5.61,99.0,1.0,99.6,0.4
2026-05-29 14:26:24,twist,1,1374,success,6,0.8693,0.8966,0,93.74,5.6,99.0,1.0,99.6,0.4
2026-05-29 14:26:29,twist,1,1375,success,4,1.1397,1.939,0,93.75,5.6,99.0,1.0,99.6,0.4
2026-05-29 14:26:34,twist,1,1376,success,4,0.5829,1.5617,0,93.75,5.6,99.0,1.0,99.6,0.4
2026-05-29 14:26:43,twist,1,1377,success,8,0.7704,1.5796,0,93.75,5.59,99.0,1.0,99.6,0.4
2026-05-29 14:26:46,twist,1,1378,success,2,2.0568,2.0623,0,93.76,5.59,99.0,1.0,99.6,0.4
2026-05-29 14:26:56,twist,1,1379,success,10,0.8178,1.2638,0,93.76,5.58,99.0,1.0,99.6,0.4
2026-05-29 14:27:03,twist,1,1380,success,6,1.0401,1.4124,0,93.77,5.58,99.0,1.0,99.6,0.4
2026-05-29 14:27:13,twist,1,1381,success,10,0.8296,1.048,0,93.77,5.58,99.0,1.0,99.6,0.4
2026-05-29 14:27:27,twist,1,1382,success,14,0.5427,0.6026,0,93.78,5.57,99.0,1.0,99.6,0.4
2026-05-29 14:27:30,twist,1,1383,success,2,1.6851,2.1321,0,93.78,5.57,99.0,1.0,99.6,0.4
2026-05-29 14:27:34,twist,1,1384,success,2,1.1033,1.9075,0,93.79,5.56,99.0,1.0,99.6,0.4
2026-05-29 14:27:42,twist,1,1385,success,8,0.7133,0.9729,0,93.79,5.56,99.0,1.0,99.6,0.4
2026-05-29 14:27:53,twist,1,1386,success,10,0.5199,0.8816,0,93.8,5.56,99.0,1.0,99.8,0.2
2026-05-29 14:28:10,twist,1,1387,success,18,0.2307,1.4616,0,93.8,5.55,99.0,1.0,99.8,0.2
2026-05-29 14:28:15,twist,1,1388,success,4,0.826,1.5411,0,93.8,5.55,99.0,1.0,99.8,0.2
2026-05-29 14:28:31,twist,1,1389,success,16,0.6657,0.3937,0,93.81,5.54,99.0,1.0,99.8,0.2
2026-05-29 14:28:44,twist,1,1390,success,12,0.7573,0.4873,0,93.81,5.54,99.0,1.0,99.8,0.2
2026-05-29 14:28:57,twist,1,1391,success,12,0.7375,0.4922,0,93.82,5.54,99.0,1.0,99.8,0.2
2026-05-29 14:29:09,twist,1,1392,success,12,0.6814,0.7487,0,93.82,5.53,99.0,1.0,99.8,0.2
2026-05-29 14:29:21,twist,1,1393,success,12,0.9285,0.8045,0,93.83,5.53,99.0,1.0,99.8,0.2
2026-05-29 14:29:29,twist,1,1394,success,6,0.8619,1.1238,0,93.83,5.52,99.0,1.0,99.8,0.2
2026-05-29 14:29:34,twist,1,1395,success,4,1.2233,1.6552,0,93.84,5.52,99.0,1.0,99.8,0.2
2026-05-29 14:29:42,twist,1,1396,success,8,1.0458,1.063,0,93.84,5.52,99.0,1.0,99.8,0.2
2026-05-29 14:29:50,twist,1,1397,success,8,0.3755,1.4505,0,93.84,5.51,99.0,1.0,99.8,0.2
2026-05-29 14:29:53,twist,1,1398,success,2,1.6011,2.0124,0,93.85,5.51,99.0,1.0,99.8,0.2
2026-05-29 14:29:59,twist,1,1399,success,4,1.1487,1.7017,0,93.85,5.5,99.0,1.0,99.8,0.2
2026-05-29 14:30:08,twist,1,1400,success,8,0.4018,1.7463,0,93.86,5.5,99.0,1.0,99.8,0.2
2026-05-29 14:30:21,twist,1,1401,success,14,0.8778,0.7136,0,93.86,5.5,99.0,1.0,99.8,0.2
2026-05-29 14:30:29,twist,1,1402,success,8,0.825,0.8179,0,93.87,5.49,99.0,1.0,99.8,0.2
2026-05-29 14:30:34,twist,1,1403,success,4,1.561,1.8187,0,93.87,5.49,99.0,1.0,99.8,0.2
2026-05-29 14:30:43,twist,1,1404,success,8,0.9222,0.6195,0,93.87,5.48,99.0,1.0,99.8,0.2
2026-05-29 14:30:52,twist,1,1405,success,8,0.9049,0.8608,0,93.88,5.48,99.0,1.0,99.8,0.2
2026-05-29 14:31:00,twist,1,1406,success,8,0.9585,1.1186,0,93.88,5.48,99.0,1.0,99.8,0.2
2026-05-29 14:31:08,twist,1,1407,success,8,1.0331,1.6479,0,93.89,5.47,99.0,1.0,99.8,0.2
2026-05-29 14:31:17,twist,1,1408,success,8,0.7884,0.6262,0,93.89,5.47,99.0,1.0,99.8,0.2
2026-05-29 14:31:24,twist,1,1409,success,6,0.8092,1.8427,0,93.9,5.46,99.0,1.0,99.8,0.2
2026-05-29 14:31:33,twist,1,1410,success,8,0.8678,1.1867,0,93.9,5.46,99.0,1.0,99.8,0.2
2026-05-29 14:31:34,twist,1,1411,success,1,112.3668,2.3129,0,93.91,5.46,99.0,1.0,99.8,0.2
2026-05-29 14:31:43,twist,1,1412,success,7,0.8678,1.6492,0,93.91,5.45,99.0,1.0,99.8,0.2
2026-05-29 14:31:53,twist,1,1413,success,10,0.7584,0.9436,0,93.91,5.45,99.0,1.0,99.8,0.2
2026-05-29 14:32:02,twist,1,1414,success,8,0.6919,1.3809,0,93.92,5.45,99.0,1.0,99.8,0.2
2026-05-29 14:32:12,twist,1,1415,success,10,0.8471,1.0256,0,93.92,5.44,99.0,1.0,99.8,0.2
2026-05-29 14:32:19,twist,1,1416,success,6,0.6934,1.5361,0,93.93,5.44,99.0,1.0,99.8,0.2
2026-05-29 14:32:26,twist,1,1417,success,6,0.6638,1.4444,0,93.93,5.43,99.0,1.0,99.8,0.2
2026-05-29 14:32:35,twist,1,1418,success,8,0.7984,0.9374,0,93.94,5.43,99.0,1.0,99.8,0.2
2026-05-29 14:32:48,twist,1,1419,success,14,0.7755,0.6402,0,93.94,5.43,99.0,1.0,99.8,0.2
2026-05-29 14:32:55,twist,1,1420,success,6,1.0131,0.9426,0,93.94,5.42,99.0,1.0,99.8,0.2
2026-05-29 14:33:07,twist,1,1421,success,12,0.8307,0.888,0,93.95,5.42,99.0,1.0,99.8,0.2
2026-05-29 14:33:18,twist,1,1422,success,10,0.9741,1.1947,0,93.95,5.41,99.0,1.0,99.8,0.2
2026-05-29 14:33:28,twist,1,1423,success,10,0.6717,1.0362,0,93.96,5.41,99.0,1.0,99.8,0.2
2026-05-29 14:33:40,twist,1,1424,success,12,0.736,1.1088,0,93.96,5.41,99.0,1.0,99.8,0.2
2026-05-29 14:33:46,twist,1,1425,success,6,1.1461,1.1805,0,93.96,5.4,99.0,1.0,99.8,0.2
2026-05-29 14:33:53,twist,1,1426,success,6,1.1255,0.9073,0,93.97,5.4,99.0,1.0,99.8,0.2
2026-05-29 14:34:04,twist,1,1427,success,10,0.6876,1.1108,0,93.97,5.4,99.0,1.0,99.8,0.2
2026-05-29 14:34:17,twist,1,1428,success,14,0.8611,0.6604,0,93.98,5.39,99.0,1.0,99.8,0.2
2026-05-29 14:34:29,twist,1,1429,success,12,0.7108,0.4647,0,93.98,5.39,99.0,1.0,99.8,0.2
2026-05-29 14:34:39,twist,1,1430,success,10,1.0133,0.8538,0,93.99,5.38,99.0,1.0,99.8,0.2
2026-05-29 14:34:49,twist,1,1431,success,10,0.9392,0.7502,0,93.99,5.38,99.0,1.0,99.8,0.2
2026-05-29 14:34:52,twist,1,1432,success,3,1.145,1.8828,0,93.99,5.38,99.0,1.0,99.8,0.2
2026-05-29 14:35:04,twist,1,1433,success,11,0.7314,0.4677,0,94.0,5.37,99.0,1.0,99.8,0.2
2026-05-29 14:35:13,twist,1,1434,success,8,0.3709,1.5972,0,94.0,5.37,99.0,1.0,99.8,0.2
2026-05-29 14:35:26,twist,1,1435,success,12,0.6546,0.3715,0,94.01,5.37,99.0,1.0,99.8,0.2
2026-05-29 14:35:36,twist,1,1436,success,10,0.4369,1.2534,0,94.01,5.36,99.0,1.0,99.8,0.2
2026-05-29 14:35:44,twist,1,1437,success,6,1.064,1.6944,0,94.02,5.36,99.0,1.0,99.8,0.2
2026-05-29 14:35:55,twist,1,1438,success,10,0.7971,1.1169,0,94.02,5.35,99.0,1.0,99.8,0.2
2026-05-29 14:36:09,twist,1,1439,success,14,0.7615,0.7636,0,94.02,5.35,99.0,1.0,99.8,0.2
2026-05-29 14:36:20,twist,1,1440,success,12,0.9091,0.4998,0,94.03,5.35,99.0,1.0,99.8,0.2
2026-05-29 14:36:32,twist,1,1441,success,12,0.8367,0.5523,0,94.03,5.34,99.0,1.0,99.8,0.2
2026-05-29 14:36:39,twist,1,1442,success,6,0.9464,1.2216,0,94.04,5.34,99.0,1.0,99.8,0.2
2026-05-29 14:37:08,twist,1,1443,success,30,0.1109,1.0625,0,94.04,5.34,99.0,1.0,99.8,0.2
2026-05-29 14:37:14,twist,1,1444,success,6,0.9711,1.4012,0,94.04,5.33,99.0,1.0,99.8,0.2
2026-05-29 14:37:25,twist,1,1445,success,10,0.8934,0.6631,0,94.05,5.33,99.0,1.0,99.8,0.2
2026-05-29 14:37:38,twist,1,1446,success,12,0.5226,0.7703,0,94.05,5.33,99.0,1.0,99.8,0.2
2026-05-29 14:37:51,twist,1,1447,success,14,0.6791,0.2958,1,94.06,5.32,99.0,1.0,99.8,0.2
2026-05-29 14:38:02,twist,1,1448,success,10,0.2806,1.3146,0,94.06,5.32,99.0,1.0,99.8,0.2
2026-05-29 14:38:04,twist,1,1449,success,1,52.7067,2.3193,0,94.06,5.31,99.0,1.0,99.8,0.2
2026-05-29 14:38:17,twist,1,1450,success,11,0.6218,0.812,0,94.07,5.31,99.0,1.0,99.8,0.2
2026-05-29 14:38:30,twist,1,1451,success,12,0.8426,0.9412,0,94.07,5.31,99.0,1.0,99.8,0.2
2026-05-29 14:38:37,twist,1,1452,success,6,1.0626,0.8589,0,94.08,5.3,99.0,1.0,99.8,0.2
2026-05-29 14:38:49,twist,1,1453,success,12,0.8568,0.4451,0,94.08,5.3,99.0,1.0,99.8,0.2
2026-05-29 14:38:56,twist,1,1454,success,6,0.7826,0.9954,0,94.09,5.3,99.0,1.0,99.8,0.2
2026-05-29 14:39:05,twist,1,1455,success,8,0.8029,1.0463,0,94.09,5.29,99.0,1.0,99.8,0.2
2026-05-29 14:39:14,twist,1,1456,success,8,0.9588,0.5047,0,94.09,5.29,99.0,1.0,99.8,0.2
2026-05-29 14:39:24,twist,1,1457,success,10,0.6055,0.7315,0,94.1,5.28,99.0,1.0,99.8,0.2
2026-05-29 14:39:39,twist,1,1458,success,14,0.4399,0.7516,0,94.1,5.28,99.0,1.0,99.8,0.2
2026-05-29 14:39:51,twist,1,1459,success,12,0.4514,0.8334,0,94.11,5.28,99.0,1.0,99.8,0.2
2026-05-29 14:40:00,twist,1,1460,success,8,0.5907,1.6444,0,94.11,5.27,99.0,1.0,99.8,0.2
2026-05-29 14:40:12,twist,1,1461,success,12,0.7755,0.6318,0,94.11,5.27,99.0,1.0,99.8,0.2
2026-05-29 14:40:23,twist,1,1462,success,10,0.8473,1.1499,0,94.12,5.27,99.0,1.0,99.8,0.2
2026-05-29 14:40:29,twist,1,1463,success,6,0.9608,1.2201,0,94.12,5.26,99.0,1.0,99.8,0.2
2026-05-29 14:40:31,twist,1,1464,success,1,46.427,2.3096,0,94.13,5.26,99.0,1.0,99.8,0.2
2026-05-29 14:40:38,twist,1,1465,success,5,0.5392,1.6067,0,94.13,5.26,99.0,1.0,99.8,0.2
2026-05-29 14:40:45,twist,1,1466,success,6,0.9202,0.8163,0,94.13,5.25,99.0,1.0,99.8,0.2
2026-05-29 14:41:02,twist,1,1467,success,16,0.605,0.3283,0,94.14,5.25,100.0,0.0,99.8,0.2
2026-05-29 14:41:12,twist,1,1468,success,10,0.8406,0.667,0,94.14,5.25,100.0,0.0,99.8,0.2
2026-05-29 14:41:22,twist,1,1469,success,10,0.6697,1.0408,0,94.15,5.24,100.0,0.0,99.8,0.2
2026-05-29 14:41:31,twist,1,1470,success,8,0.8255,0.9773,0,94.15,5.24,100.0,0.0,99.8,0.2
2026-05-29 14:41:40,twist,1,1471,success,8,0.9528,0.782,0,94.15,5.23,100.0,0.0,99.8,0.2
2026-05-29 14:41:47,twist,1,1472,success,6,0.8975,1.2738,0,94.16,5.23,100.0,0.0,99.8,0.2
2026-05-29 14:41:58,twist,1,1473,success,10,0.767,0.7575,0,94.16,5.23,100.0,0.0,99.8,0.2
2026-05-29 14:42:09,twist,1,1474,success,11,0.8371,0.9561,0,94.17,5.22,100.0,0.0,99.8,0.2
2026-05-29 14:42:26,twist,1,1475,success,17,0.1618,1.1669,0,94.17,5.22,100.0,0.0,99.8,0.2
2026-05-29 14:42:35,twist,1,1476,success,8,1.0212,0.9548,0,94.17,5.22,100.0,0.0,99.8,0.2
2026-05-29 14:42:46,twist,1,1477,success,10,0.8208,0.8416,0,94.18,5.21,100.0,0.0,99.8,0.2
2026-05-29 14:42:58,twist,1,1478,collision,-1,0.8402,0.1889,1,94.11,5.28,99.0,1.0,99.6,0.4
2026-05-29 14:43:05,twist,1,1479,success,6,1.0084,1.2837,0,94.12,5.27,99.0,1.0,99.6,0.4
2026-05-29 14:43:10,twist,1,1480,success,4,1.4705,1.6247,0,94.12,5.27,99.0,1.0,99.6,0.4
2026-05-29 14:43:20,twist,1,1481,success,10,0.5784,1.4799,0,94.13,5.27,99.0,1.0,99.6,0.4
2026-05-29 14:43:22,twist,1,1482,success,1,30.5714,2.3161,0,94.13,5.26,99.0,1.0,99.6,0.4
2026-05-29 14:43:34,twist,1,1483,success,11,1.0582,0.7272,0,94.13,5.26,99.0,1.0,99.6,0.4
2026-05-29 14:43:42,twist,1,1484,success,8,0.8631,0.821,0,94.14,5.26,99.0,1.0,99.6,0.4
2026-05-29 14:43:52,twist,1,1485,success,10,0.7957,0.5713,0,94.14,5.25,99.0,1.0,99.6,0.4
2026-05-29 14:44:01,twist,1,1486,success,8,0.4116,0.9834,0,94.15,5.25,99.0,1.0,99.6,0.4
2026-05-29 14:44:02,twist,1,1487,success,1,110.4661,2.3165,0,94.15,5.25,99.0,1.0,99.6,0.4
2026-05-29 14:44:11,twist,1,1488,success,7,0.8129,1.4601,0,94.15,5.24,99.0,1.0,99.6,0.4
2026-05-29 14:44:22,twist,1,1489,success,10,0.5573,0.61,0,94.16,5.24,99.0,1.0,99.6,0.4
2026-05-29 14:44:38,twist,1,1490,success,12,0.4942,0.9847,0,94.16,5.23,99.0,1.0,99.6,0.4
2026-05-29 14:44:49,twist,1,1491,success,10,0.8442,1.3016,0,94.16,5.23,99.0,1.0,99.6,0.4
2026-05-29 14:44:54,twist,1,1492,success,4,1.2535,1.6738,0,94.17,5.23,99.0,1.0,99.6,0.4
2026-05-29 14:45:04,twist,1,1493,success,10,0.887,0.6639,0,94.17,5.22,99.0,1.0,99.6,0.4
2026-05-29 14:45:12,twist,1,1494,success,9,0.5793,1.6111,0,94.18,5.22,99.0,1.0,99.6,0.4
2026-05-29 14:45:38,twist,1,1495,success,25,0.2091,0.9797,0,94.18,5.22,99.0,1.0,99.6,0.4
2026-05-29 14:45:47,twist,1,1496,success,8,1.0286,0.482,0,94.18,5.21,99.0,1.0,99.6,0.4
2026-05-29 14:45:56,twist,1,1497,success,8,1.1316,0.8968,0,94.19,5.21,99.0,1.0,99.6,0.4
2026-05-29 14:46:09,twist,1,1498,success,12,0.7019,0.7149,0,94.19,5.21,99.0,1.0,99.6,0.4
2026-05-29 14:46:17,twist,1,1499,success,8,1.039,0.71,0,94.2,5.2,99.0,1.0,99.6,0.4
2026-05-29 14:46:28,twist,1,1500,success,10,0.8277,0.662,0,94.2,5.2,99.0,1.0,99.6,0.4
2026-05-29 14:46:30,twist,1,1501,success,1,67.0417,2.3224,0,94.2,5.2,99.0,1.0,99.6,0.4
2026-05-29 14:46:46,twist,1,1502,success,17,0.4444,0.7526,0,94.21,5.19,99.0,1.0,99.6,0.4
2026-05-29 14:46:55,twist,1,1503,success,8,0.8865,0.4716,0,94.21,5.19,99.0,1.0,99.6,0.4
2026-05-29 14:47:00,twist,1,1504,success,4,1.209,1.3973,0,94.22,5.19,99.0,1.0,99.6,0.4
2026-05-29 14:47:08,twist,1,1505,success,8,0.9345,1.11,0,94.22,5.18,99.0,1.0,99.6,0.4
2026-05-29 14:47:11,twist,1,1506,success,2,1.3942,2.0052,0,94.22,5.18,99.0,1.0,99.6,0.4
2026-05-29 14:47:16,twist,1,1507,success,4,1.2955,1.2674,0,94.23,5.18,99.0,1.0,99.6,0.4
2026-05-29 14:47:25,twist,1,1508,success,8,0.5805,1.3248,0,94.23,5.17,99.0,1.0,99.6,0.4
2026-05-29 14:47:35,twist,1,1509,success,10,0.9273,0.5496,0,94.23,5.17,99.0,1.0,99.6,0.4
2026-05-29 14:47:53,twist,1,1510,success,18,0.5084,0.865,0,94.24,5.17,99.0,1.0,99.6,0.4
2026-05-29 14:47:59,twist,1,1511,success,4,0.7132,1.6505,0,94.24,5.16,99.0,1.0,99.6,0.4
2026-05-29 14:48:00,twist,1,1512,success,1,48.308,2.3254,0,94.25,5.16,99.0,1.0,99.6,0.4
2026-05-29 14:48:12,twist,1,1513,success,11,1.0462,0.5233,0,94.25,5.16,99.0,1.0,99.6,0.4
2026-05-29 14:48:22,twist,1,1514,success,10,0.237,1.4602,0,94.25,5.15,99.0,1.0,99.6,0.4
2026-05-29 14:48:31,twist,1,1515,success,8,0.9882,1.0667,0,94.26,5.15,99.0,1.0,99.6,0.4
2026-05-29 14:48:34,twist,1,1516,success,2,1.5656,1.933,0,94.26,5.15,99.0,1.0,99.6,0.4
2026-05-29 14:48:46,twist,1,1517,success,12,0.6496,0.8005,0,94.26,5.14,99.0,1.0,99.6,0.4
2026-05-29 14:48:57,twist,1,1518,success,10,0.8854,0.5637,0,94.27,5.14,99.0,1.0,99.6,0.4
2026-05-29 14:49:12,twist,1,1519,success,14,0.4661,1.0362,0,94.27,5.13,99.0,1.0,99.6,0.4
2026-05-29 14:49:22,twist,1,1520,success,10,0.8282,0.7994,0,94.28,5.13,99.0,1.0,99.6,0.4
2026-05-29 14:49:40,twist,1,1521,success,18,0.4257,0.4408,0,94.28,5.13,99.0,1.0,99.6,0.4
2026-05-29 14:49:49,twist,1,1522,success,8,0.5143,1.8076,0,94.28,5.12,99.0,1.0,99.6,0.4
2026-05-29 14:49:57,twist,1,1523,success,8,0.821,1.0055,0,94.29,5.12,99.0,1.0,99.6,0.4
2026-05-29 14:50:04,twist,1,1524,success,6,0.8793,1.1628,0,94.29,5.12,99.0,1.0,99.6,0.4
2026-05-29 14:50:17,twist,1,1525,success,14,0.619,0.4719,0,94.3,5.11,99.0,1.0,99.6,0.4
2026-05-29 14:50:19,twist,1,1526,success,1,37.6744,2.3124,0,94.3,5.11,99.0,1.0,99.6,0.4
2026-05-29 14:50:30,twist,1,1527,success,9,0.8018,0.7893,0,94.3,5.11,99.0,1.0,99.6,0.4
2026-05-29 14:50:31,twist,1,1528,success,1,265.1935,2.3142,0,94.31,5.1,99.0,1.0,99.6,0.4
2026-05-29 14:50:43,twist,1,1529,success,11,0.8241,0.3848,0,94.31,5.1,99.0,1.0,99.6,0.4
2026-05-29 14:50:57,twist,1,1530,success,14,0.7699,0.8858,0,94.31,5.1,99.0,1.0,99.6,0.4
2026-05-29 14:51:06,twist,1,1531,success,8,0.2925,1.5569,0,94.32,5.09,99.0,1.0,99.6,0.4
2026-05-29 14:51:11,twist,1,1532,success,4,0.9285,1.5571,0,94.32,5.09,99.0,1.0,99.6,0.4
2026-05-29 14:51:23,twist,1,1533,success,12,0.7275,0.7501,0,94.32,5.09,99.0,1.0,99.6,0.4
2026-05-29 14:51:32,twist,1,1534,success,8,0.745,1.2436,0,94.33,5.08,99.0,1.0,99.6,0.4
2026-05-29 14:51:42,twist,1,1535,success,10,0.9931,1.277,0,94.33,5.08,99.0,1.0,99.6,0.4
2026-05-29 14:51:45,twist,1,1536,success,2,1.6279,1.8872,0,94.34,5.08,99.0,1.0,99.6,0.4
2026-05-29 14:51:54,twist,1,1537,success,8,0.8011,0.6813,0,94.34,5.07,99.0,1.0,99.6,0.4
2026-05-29 14:51:59,twist,1,1538,success,4,1.1174,1.36,0,94.34,5.07,99.0,1.0,99.6,0.4
2026-05-29 14:52:04,twist,1,1539,success,4,0.8306,1.4853,0,94.35,5.07,99.0,1.0,99.6,0.4
2026-05-29 14:52:09,twist,1,1540,success,4,0.4968,1.586,0,94.35,5.06,99.0,1.0,99.6,0.4
2026-05-29 14:52:18,twist,1,1541,success,8,0.9119,1.3467,0,94.35,5.06,99.0,1.0,99.6,0.4
2026-05-29 14:52:27,twist,1,1542,success,8,0.8136,1.0868,0,94.36,5.06,99.0,1.0,99.6,0.4
2026-05-29 14:52:43,twist,1,1543,success,16,0.7198,0.9062,0,94.36,5.06,99.0,1.0,99.6,0.4
2026-05-29 14:52:57,twist,1,1544,success,14,0.4602,0.7931,0,94.37,5.05,99.0,1.0,99.6,0.4
2026-05-29 14:53:11,twist,1,1545,success,14,0.3609,1.5468,0,94.37,5.05,99.0,1.0,99.6,0.4
2026-05-29 14:53:23,twist,1,1546,success,12,0.4653,0.9427,0,94.37,5.05,99.0,1.0,99.6,0.4
2026-05-29 14:53:37,twist,1,1547,success,14,0.5289,0.5465,0,94.38,5.04,99.0,1.0,99.6,0.4
2026-05-29 14:53:45,twist,1,1548,success,8,0.6795,1.3587,0,94.38,5.04,99.0,1.0,99.6,0.4
2026-05-29 14:53:54,twist,1,1549,success,8,0.9172,0.6292,0,94.38,5.04,99.0,1.0,99.6,0.4
2026-05-29 14:54:01,twist,1,1550,success,6,0.8005,0.8292,0,94.39,5.03,99.0,1.0,99.6,0.4
2026-05-29 14:54:08,twist,1,1551,success,6,0.959,1.109,0,94.39,5.03,99.0,1.0,99.6,0.4
2026-05-29 14:54:17,twist,1,1552,success,8,0.3947,1.752,0,94.39,5.03,99.0,1.0,99.6,0.4
2026-05-29 14:54:18,twist,1,1553,success,1,45.7539,2.3283,0,94.4,5.02,99.0,1.0,99.6,0.4
2026-05-29 14:54:25,twist,1,1554,success,5,1.1909,1.5571,0,94.4,5.02,99.0,1.0,99.6,0.4
2026-05-29 14:54:32,twist,1,1555,success,6,1.133,1.0649,0,94.41,5.02,99.0,1.0,99.6,0.4
2026-05-29 14:54:46,twist,1,1556,success,14,0.408,1.0366,0,94.41,5.01,99.0,1.0,99.6,0.4
2026-05-29 14:55:00,twist,1,1557,success,14,0.3014,1.1414,0,94.41,5.01,99.0,1.0,99.6,0.4
2026-05-29 14:55:10,twist,1,1558,success,10,0.3762,0.9385,0,94.42,5.01,99.0,1.0,99.6,0.4
2026-05-29 14:55:25,twist,1,1559,success,14,0.6632,0.9953,0,94.42,5.0,99.0,1.0,99.6,0.4
2026-05-29 14:55:46,twist,1,1560,success,22,0.4958,0.5816,0,94.42,5.0,99.0,1.0,99.6,0.4
2026-05-29 14:55:49,twist,1,1561,success,2,1.4162,1.9058,0,94.43,5.0,99.0,1.0,99.6,0.4
2026-05-29 14:56:18,twist,1,1562,success,28,0.1571,0.6447,0,94.43,4.99,99.0,1.0,99.6,0.4
2026-05-29 14:56:40,twist,1,1563,success,22,0.177,0.9913,0,94.43,4.99,99.0,1.0,99.6,0.4
2026-05-29 14:56:48,twist,1,1564,success,8,0.5698,1.0935,0,94.44,4.99,99.0,1.0,99.6,0.4
2026-05-29 14:57:02,twist,1,1565,success,14,0.6817,0.5569,0,94.44,4.98,99.0,1.0,99.6,0.4
2026-05-29 14:57:11,twist,1,1566,success,8,0.2375,1.39,0,94.44,4.98,99.0,1.0,99.6,0.4
2026-05-29 14:57:20,twist,1,1567,success,8,0.8173,0.8725,0,94.45,4.98,99.0,1.0,99.6,0.4
2026-05-29 14:57:26,twist,1,1568,success,6,1.0128,1.3555,0,94.45,4.97,99.0,1.0,99.6,0.4
2026-05-29 14:57:33,twist,1,1569,success,6,1.1074,1.4269,0,94.46,4.97,99.0,1.0,99.6,0.4
2026-05-29 14:57:38,twist,1,1570,success,4,1.0734,1.6084,0,94.46,4.97,99.0,1.0,99.6,0.4
2026-05-29 14:57:45,twist,1,1571,success,6,1.2732,1.839,0,94.46,4.96,99.0,1.0,99.6,0.4
2026-05-29 14:57:56,twist,1,1572,success,10,0.7783,0.7698,0,94.47,4.96,99.0,1.0,99.6,0.4
2026-05-29 14:58:06,twist,1,1573,success,8,0.4182,1.144,0,94.47,4.96,99.0,1.0,99.6,0.4
2026-05-29 14:58:19,twist,1,1574,success,14,0.4358,1.4055,0,94.47,4.96,99.0,1.0,99.6,0.4
2026-05-29 14:58:31,twist,1,1575,success,10,0.6194,1.1102,0,94.48,4.95,99.0,1.0,99.6,0.4
2026-05-29 14:58:43,twist,1,1576,success,12,0.5012,0.9195,0,94.48,4.95,99.0,1.0,99.6,0.4
2026-05-29 14:58:55,twist,1,1577,success,10,0.4091,1.4189,0,94.48,4.95,99.0,1.0,99.6,0.4
2026-05-29 14:59:07,twist,1,1578,success,12,0.7433,0.8101,0,94.49,4.94,100.0,0.0,99.6,0.4
2026-05-29 14:59:21,twist,1,1579,success,14,0.7939,0.8018,0,94.49,4.94,100.0,0.0,99.6,0.4
2026-05-29 14:59:32,twist,1,1580,success,10,0.7332,0.7701,0,94.49,4.94,100.0,0.0,99.6,0.4
2026-05-29 14:59:53,twist,1,1581,success,22,0.33,0.9734,0,94.5,4.93,100.0,0.0,99.6,0.4
2026-05-29 15:00:02,twist,1,1582,success,8,0.7529,0.9123,0,94.5,4.93,100.0,0.0,99.6,0.4
2026-05-29 15:00:17,twist,1,1583,success,14,0.49,0.8096,0,94.5,4.93,100.0,0.0,99.6,0.4
2026-05-29 15:00:24,twist,1,1584,success,4,1.1221,0.8398,0,94.51,4.92,100.0,0.0,99.6,0.4
2026-05-29 15:00:25,twist,1,1585,success,1,27.1222,2.3362,0,94.51,4.92,100.0,0.0,99.6,0.4
2026-05-29 15:00:36,twist,1,1586,success,9,0.8888,1.4058,0,94.51,4.92,100.0,0.0,99.6,0.4
2026-05-29 15:00:47,twist,1,1587,success,10,0.6673,1.1953,0,94.52,4.91,100.0,0.0,99.6,0.4
2026-05-29 15:00:57,twist,1,1588,success,10,0.4403,0.9401,0,94.52,4.91,100.0,0.0,99.6,0.4
2026-05-29 15:01:08,twist,1,1589,success,10,0.4772,1.5575,0,94.52,4.91,100.0,0.0,99.6,0.4
2026-05-29 15:01:17,twist,1,1590,success,8,1.0221,0.9104,0,94.53,4.91,100.0,0.0,99.6,0.4
2026-05-29 15:01:22,twist,1,1591,success,4,0.7746,1.6162,0,94.53,4.9,100.0,0.0,99.6,0.4
2026-05-29 15:01:34,twist,1,1592,success,12,0.6564,0.8987,0,94.54,4.9,100.0,0.0,99.6,0.4
2026-05-29 15:01:41,twist,1,1593,success,7,0.9802,1.6034,0,94.54,4.9,100.0,0.0,99.6,0.4
2026-05-29 15:01:53,twist,1,1594,success,11,0.8015,1.0332,0,94.54,4.89,100.0,0.0,99.6,0.4
2026-05-29 15:02:07,twist,1,1595,success,14,0.8245,0.5924,0,94.55,4.89,100.0,0.0,99.6,0.4
2026-05-29 15:02:35,twist,1,1596,success,30,0.0638,1.4072,0,94.55,4.89,100.0,0.0,99.6,0.4
2026-05-29 15:02:45,twist,1,1597,success,10,0.9207,0.8534,0,94.55,4.88,100.0,0.0,99.6,0.4
2026-05-29 15:02:53,twist,1,1598,success,8,0.5958,1.0586,0,94.56,4.88,100.0,0.0,99.6,0.4
2026-05-29 15:03:00,twist,1,1599,success,6,0.7535,1.1337,0,94.56,4.88,100.0,0.0,99.6,0.4
2026-05-29 15:03:13,twist,1,1600,success,12,0.5826,1.0894,0,94.56,4.88,100.0,0.0,99.6,0.4
2026-05-29 15:03:25,twist,1,1601,success,13,0.62,0.7939,0,94.57,4.87,100.0,0.0,99.6,0.4
2026-05-29 15:03:39,twist,1,1602,success,13,0.607,0.7412,0,94.57,4.87,100.0,0.0,99.6,0.4
2026-05-29 15:03:57,twist,1,1603,success,18,0.6068,0.6802,0,94.57,4.87,100.0,0.0,99.6,0.4
2026-05-29 15:04:17,twist,1,1604,success,20,0.1812,1.0288,0,94.58,4.86,100.0,0.0,99.6,0.4
2026-05-29 15:04:29,twist,1,1605,success,12,0.6775,0.598,0,94.58,4.86,100.0,0.0,99.6,0.4
2026-05-29 15:04:41,twist,1,1606,success,12,0.9522,0.5642,0,94.58,4.86,100.0,0.0,99.6,0.4
2026-05-29 15:04:53,twist,1,1607,success,12,0.8662,0.6401,0,94.59,4.85,100.0,0.0,99.6,0.4
2026-05-29 15:05:02,twist,1,1608,success,8,0.3822,1.6108,0,94.59,4.85,100.0,0.0,99.6,0.4
2026-05-29 15:05:13,twist,1,1609,success,12,0.3321,0.9221,0,94.59,4.85,100.0,0.0,99.6,0.4
2026-05-29 15:05:23,twist,1,1610,success,10,0.6501,1.2955,0,94.6,4.84,100.0,0.0,99.6,0.4
2026-05-29 15:05:34,twist,1,1611,success,10,0.5772,1.117,0,94.6,4.84,100.0,0.0,99.6,0.4
2026-05-29 15:05:44,twist,1,1612,success,10,0.7093,0.609,0,94.6,4.84,100.0,0.0,99.6,0.4
2026-05-29 15:05:59,twist,1,1613,success,14,0.5804,1.3412,0,94.61,4.84,100.0,0.0,99.6,0.4
2026-05-29 15:06:00,twist,1,1614,success,1,25.8481,2.3271,0,94.61,4.83,100.0,0.0,99.6,0.4
2026-05-29 15:06:13,twist,1,1615,success,11,0.6582,0.7656,0,94.61,4.83,100.0,0.0,99.6,0.4
2026-05-29 15:06:21,twist,1,1616,success,8,1.1572,0.8914,0,94.62,4.83,100.0,0.0,99.6,0.4
2026-05-29 15:06:31,twist,1,1617,success,10,0.6094,1.2523,0,94.62,4.82,100.0,0.0,99.6,0.4
2026-05-29 15:06:45,twist,1,1618,success,14,0.6908,0.6994,0,94.62,4.82,100.0,0.0,99.6,0.4
2026-05-29 15:06:49,twist,1,1619,success,2,0.8301,1.9415,0,94.63,4.82,100.0,0.0,99.6,0.4
2026-05-29 15:06:56,twist,1,1620,success,6,1.0039,1.4872,0,94.63,4.81,100.0,0.0,99.6,0.4
2026-05-29 15:07:09,twist,1,1621,success,12,0.7247,0.6472,0,94.63,4.81,100.0,0.0,99.6,0.4
2026-05-29 15:07:19,twist,1,1622,success,10,0.6825,1.1078,0,94.64,4.81,100.0,0.0,99.6,0.4
2026-05-29 15:07:25,twist,1,1623,success,4,0.6157,1.4254,0,94.64,4.81,100.0,0.0,99.6,0.4
2026-05-29 15:07:33,twist,1,1624,success,8,0.9208,0.8581,0,94.64,4.8,100.0,0.0,99.6,0.4
2026-05-29 15:07:48,twist,1,1625,success,14,0.6912,0.8969,0,94.65,4.8,100.0,0.0,99.6,0.4
2026-05-29 15:08:02,twist,1,1626,success,14,0.6802,0.5818,0,94.65,4.8,100.0,0.0,99.6,0.4
2026-05-29 15:08:11,twist,1,1627,success,8,0.621,1.4355,0,94.65,4.79,100.0,0.0,99.6,0.4
2026-05-29 15:08:22,twist,1,1628,success,10,0.3727,1.3046,0,94.66,4.79,100.0,0.0,99.6,0.4
2026-05-29 15:08:30,twist,1,1629,success,8,0.4791,1.2177,0,94.66,4.79,100.0,0.0,99.6,0.4
2026-05-29 15:08:39,twist,1,1630,success,8,0.9346,0.9215,0,94.66,4.79,100.0,0.0,99.6,0.4
2026-05-29 15:08:46,twist,1,1631,success,6,0.726,0.9723,0,94.67,4.78,100.0,0.0,99.6,0.4
2026-05-29 15:08:57,twist,1,1632,success,10,0.5697,1.1359,0,94.67,4.78,100.0,0.0,99.6,0.4
2026-05-29 15:09:03,twist,1,1633,success,6,0.5925,1.3838,0,94.67,4.78,100.0,0.0,99.6,0.4
2026-05-29 15:09:12,twist,1,1634,success,8,0.8942,0.4899,0,94.68,4.77,100.0,0.0,99.6,0.4
2026-05-29 15:09:27,twist,1,1635,success,14,0.2015,1.184,0,94.68,4.77,100.0,0.0,99.6,0.4
2026-05-29 15:09:43,twist,1,1636,success,16,0.3941,0.9951,0,94.68,4.77,100.0,0.0,99.6,0.4
2026-05-29 15:09:57,twist,1,1637,success,14,0.3141,1.5541,0,94.69,4.76,100.0,0.0,99.6,0.4
2026-05-29 15:10:08,twist,1,1638,success,10,0.816,0.94,0,94.69,4.76,100.0,0.0,99.6,0.4
2026-05-29 15:10:23,twist,1,1639,success,16,0.6376,0.4882,0,94.69,4.76,100.0,0.0,99.6,0.4
2026-05-29 15:10:32,twist,1,1640,success,8,0.9522,0.576,0,94.7,4.76,100.0,0.0,99.6,0.4
2026-05-29 15:10:40,twist,1,1641,success,8,0.8261,1.5333,0,94.7,4.75,100.0,0.0,99.6,0.4
2026-05-29 15:10:55,twist,1,1642,success,14,0.7418,0.8072,0,94.7,4.75,100.0,0.0,99.6,0.4
2026-05-29 15:11:12,twist,1,1643,success,18,0.7526,0.6192,0,94.7,4.75,100.0,0.0,99.6,0.4
2026-05-29 15:11:23,twist,1,1644,success,10,0.8407,0.9918,0,94.71,4.74,100.0,0.0,99.6,0.4
2026-05-29 15:11:37,twist,1,1645,success,14,0.6509,0.6542,0,94.71,4.74,100.0,0.0,99.6,0.4
2026-05-29 15:12:04,twist,1,1646,success,28,0.2519,0.6754,0,94.71,4.74,100.0,0.0,99.6,0.4
2026-05-29 15:12:16,twist,1,1647,success,12,0.5184,1.3379,0,94.72,4.74,100.0,0.0,99.6,0.4
2026-05-29 15:12:21,twist,1,1648,success,4,1.0748,1.6631,0,94.72,4.73,100.0,0.0,99.6,0.4
2026-05-29 15:12:30,twist,1,1649,success,8,0.6024,1.5225,0,94.72,4.73,100.0,0.0,99.6,0.4
2026-05-29 15:12:33,twist,1,1650,success,2,1.2796,1.8831,0,94.73,4.73,100.0,0.0,99.6,0.4
2026-05-29 15:12:49,twist,1,1651,success,16,0.5976,0.8083,0,94.73,4.72,100.0,0.0,99.6,0.4
2026-05-29 15:12:57,twist,1,1652,success,8,0.4904,1.4456,0,94.73,4.72,100.0,0.0,99.6,0.4
2026-05-29 15:13:11,twist,1,1653,success,14,0.5766,0.6372,0,94.74,4.72,100.0,0.0,99.6,0.4
2026-05-29 15:13:23,twist,1,1654,success,12,0.6938,0.6506,0,94.74,4.72,100.0,0.0,99.6,0.4
2026-05-29 15:13:36,twist,1,1655,success,13,0.7216,0.8632,0,94.74,4.71,100.0,0.0,99.6,0.4
2026-05-29 15:13:50,twist,1,1656,success,13,0.9338,0.7715,0,94.75,4.71,100.0,0.0,99.6,0.4
2026-05-29 15:13:55,twist,1,1657,success,4,1.1268,1.6205,0,94.75,4.71,100.0,0.0,99.6,0.4
2026-05-29 15:14:04,twist,1,1658,success,8,0.6302,0.8094,0,94.75,4.7,100.0,0.0,99.6,0.4
2026-05-29 15:14:12,twist,1,1659,success,9,0.7643,1.3347,0,94.76,4.7,100.0,0.0,99.6,0.4
2026-05-29 15:14:18,twist,1,1660,success,5,0.9648,1.5776,0,94.76,4.7,100.0,0.0,99.6,0.4
2026-05-29 15:14:27,twist,1,1661,success,8,0.9562,0.5785,0,94.76,4.7,100.0,0.0,99.6,0.4
2026-05-29 15:14:34,twist,1,1662,success,6,1.0044,1.1239,0,94.77,4.69,100.0,0.0,99.6,0.4
2026-05-29 15:14:41,twist,1,1663,success,6,0.9471,1.2944,0,94.77,4.69,100.0,0.0,99.6,0.4
2026-05-29 15:15:02,twist,1,1664,success,22,0.4376,0.6428,0,94.77,4.69,100.0,0.0,99.6,0.4
2026-05-29 15:15:16,twist,1,1665,success,14,0.5373,1.3479,0,94.77,4.68,100.0,0.0,99.6,0.4
2026-05-29 15:15:32,twist,1,1666,success,16,0.6942,0.8236,0,94.78,4.68,100.0,0.0,99.6,0.4
2026-05-29 15:15:35,twist,1,1667,success,2,0.9073,1.9544,0,94.78,4.68,100.0,0.0,99.6,0.4
2026-05-29 15:15:40,twist,1,1668,success,4,0.8102,1.4147,0,94.78,4.68,100.0,0.0,99.6,0.4
2026-05-29 15:15:42,twist,1,1669,success,1,34.4882,2.3238,0,94.79,4.67,100.0,0.0,99.6,0.4
2026-05-29 15:16:03,twist,1,1670,success,21,0.5465,0.4068,0,94.79,4.67,100.0,0.0,99.6,0.4
2026-05-29 15:16:07,twist,1,1671,success,2,1.2644,1.9098,0,94.79,4.67,100.0,0.0,99.6,0.4
2026-05-29 15:16:15,twist,1,1672,success,8,1.1163,0.8329,0,94.8,4.67,100.0,0.0,99.6,0.4
2026-05-29 15:16:24,twist,1,1673,success,9,0.6176,1.6419,0,94.8,4.66,100.0,0.0,99.6,0.4
2026-05-29 15:16:31,twist,1,1674,success,5,0.9821,1.7473,0,94.8,4.66,100.0,0.0,99.6,0.4
2026-05-29 15:16:36,twist,1,1675,success,4,0.9177,1.4591,0,94.81,4.66,100.0,0.0,99.6,0.4
2026-05-29 15:16:37,twist,1,1676,success,1,94.9253,2.3117,0,94.81,4.65,100.0,0.0,99.6,0.4
2026-05-29 15:16:48,twist,1,1677,success,9,0.8771,0.8091,0,94.81,4.65,100.0,0.0,99.6,0.4
2026-05-29 15:16:55,twist,1,1678,success,6,0.8334,1.369,0,94.82,4.65,100.0,0.0,99.6,0.4
2026-05-29 15:17:02,twist,1,1679,success,6,0.7899,0.9899,0,94.82,4.65,100.0,0.0,99.6,0.4
2026-05-29 15:17:14,twist,1,1680,success,12,1.0211,0.5399,0,94.82,4.64,100.0,0.0,99.6,0.4
2026-05-29 15:17:16,twist,1,1681,success,1,50.8645,2.3299,0,94.82,4.64,100.0,0.0,99.6,0.4
2026-05-29 15:17:27,twist,1,1682,success,11,0.7275,1.0602,0,94.83,4.64,100.0,0.0,99.6,0.4
2026-05-29 15:17:37,twist,1,1683,success,8,0.4717,1.5489,0,94.83,4.63,100.0,0.0,99.6,0.4
2026-05-29 15:17:43,twist,1,1684,success,6,1.0477,1.1085,0,94.83,4.63,100.0,0.0,99.6,0.4
2026-05-29 15:17:54,twist,1,1685,success,10,0.6137,0.8691,0,94.84,4.63,100.0,0.0,99.6,0.4
2026-05-29 15:18:07,twist,1,1686,success,12,0.819,0.6913,0,94.84,4.63,100.0,0.0,99.6,0.4
2026-05-29 15:18:16,twist,1,1687,success,8,0.3751,1.5734,0,94.84,4.62,100.0,0.0,99.6,0.4
2026-05-29 15:18:18,twist,1,1688,success,1,296.1287,2.3202,0,94.85,4.62,100.0,0.0,99.6,0.4
2026-05-29 15:18:37,twist,1,1689,success,17,0.5865,0.4681,0,94.85,4.62,100.0,0.0,99.6,0.4
2026-05-29 15:18:55,twist,1,1690,success,18,0.4771,0.5972,0,94.85,4.62,100.0,0.0,99.6,0.4
2026-05-29 15:18:56,twist,1,1691,success,1,140.4615,2.3213,0,94.86,4.61,100.0,0.0,99.6,0.4
2026-05-29 15:19:09,twist,1,1692,success,11,0.6897,0.784,0,94.86,4.61,100.0,0.0,99.6,0.4
2026-05-29 15:19:19,twist,1,1693,success,10,0.7395,0.9228,0,94.86,4.61,100.0,0.0,99.6,0.4
2026-05-29 15:19:24,twist,1,1694,success,4,1.0499,1.5475,0,94.86,4.6,100.0,0.0,99.6,0.4
2026-05-29 15:19:34,twist,1,1695,success,10,0.7681,0.9889,0,94.87,4.6,100.0,0.0,99.6,0.4
2026-05-29 15:19:47,twist,1,1696,success,12,0.2543,1.6881,0,94.87,4.6,100.0,0.0,99.6,0.4
2026-05-29 15:19:55,twist,1,1697,success,8,0.5032,1.711,0,94.87,4.6,100.0,0.0,99.6,0.4
2026-05-29 15:20:04,twist,1,1698,success,8,0.6285,1.2214,0,94.88,4.59,100.0,0.0,99.6,0.4
2026-05-29 15:20:07,twist,1,1699,success,2,1.0443,1.8848,0,94.88,4.59,100.0,0.0,99.6,0.4
2026-05-29 15:20:18,twist,1,1700,success,10,0.6966,1.6079,0,94.88,4.59,100.0,0.0,99.6,0.4
2026-05-29 15:20:31,twist,1,1701,success,12,0.6754,1.024,0,94.89,4.59,100.0,0.0,99.6,0.4
2026-05-29 15:20:45,twist,1,1702,success,14,0.4081,1.4907,0,94.89,4.58,100.0,0.0,99.6,0.4
2026-05-29 15:20:50,twist,1,1703,success,4,0.925,1.7409,0,94.89,4.58,100.0,0.0,99.6,0.4
2026-05-29 15:20:57,twist,1,1704,success,6,0.8511,1.1842,0,94.89,4.58,100.0,0.0,99.6,0.4
2026-05-29 15:21:09,twist,1,1705,success,12,0.8688,0.8027,0,94.9,4.57,100.0,0.0,99.6,0.4
2026-05-29 15:21:11,twist,1,1706,success,1,141.4407,2.31,0,94.9,4.57,100.0,0.0,99.6,0.4
2026-05-29 15:21:25,twist,1,1707,success,13,0.6865,0.5615,0,94.9,4.57,100.0,0.0,99.6,0.4
2026-05-29 15:21:40,twist,1,1708,success,16,0.5929,0.7388,0,94.91,4.57,100.0,0.0,99.6,0.4
2026-05-29 15:21:52,twist,1,1709,success,12,0.6886,0.9133,0,94.91,4.56,100.0,0.0,99.6,0.4
2026-05-29 15:22:05,twist,1,1710,success,12,0.6805,0.4494,0,94.91,4.56,100.0,0.0,99.6,0.4
2026-05-29 15:22:12,twist,1,1711,success,7,1.1833,1.4237,0,94.92,4.56,100.0,0.0,99.6,0.4
2026-05-29 15:22:22,twist,1,1712,success,9,0.6828,1.7473,0,94.92,4.56,100.0,0.0,99.6,0.4
2026-05-29 15:22:32,twist,1,1713,success,10,0.4439,1.6337,0,94.92,4.55,100.0,0.0,99.6,0.4
2026-05-29 15:22:45,twist,1,1714,success,12,0.7535,0.9849,0,94.92,4.55,100.0,0.0,99.6,0.4
2026-05-29 15:22:56,twist,1,1715,success,10,0.7873,1.0448,0,94.93,4.55,100.0,0.0,99.6,0.4
2026-05-29 15:23:05,twist,1,1716,success,8,0.8439,1.0181,0,94.93,4.55,100.0,0.0,99.6,0.4
2026-05-29 15:23:12,twist,1,1717,success,6,0.98,0.9754,0,94.93,4.54,100.0,0.0,99.6,0.4
2026-05-29 15:23:21,twist,1,1718,success,10,0.7671,1.0017,0,94.94,4.54,100.0,0.0,99.6,0.4
2026-05-29 15:23:33,twist,1,1719,success,12,0.5175,1.4296,0,94.94,4.54,100.0,0.0,99.6,0.4
2026-05-29 15:23:55,twist,1,1720,success,22,0.5929,0.4886,0,94.94,4.53,100.0,0.0,99.6,0.4
2026-05-29 15:24:06,twist,1,1721,success,10,0.6581,1.2498,0,94.94,4.53,100.0,0.0,99.6,0.4
2026-05-29 15:24:18,twist,1,1722,success,12,0.8031,0.4995,0,94.95,4.53,100.0,0.0,99.6,0.4
2026-05-29 15:24:25,twist,1,1723,success,6,0.4868,1.8811,0,94.95,4.53,100.0,0.0,99.6,0.4
2026-05-29 15:24:33,twist,1,1724,success,8,0.9477,1.0026,0,94.95,4.52,100.0,0.0,99.6,0.4
2026-05-29 15:24:40,twist,1,1725,success,6,0.5622,1.4926,0,94.96,4.52,100.0,0.0,99.6,0.4
2026-05-29 15:24:47,twist,1,1726,success,6,0.7988,1.3754,0,94.96,4.52,100.0,0.0,99.6,0.4
2026-05-29 15:24:58,twist,1,1727,success,10,0.3086,1.1232,0,94.96,4.52,100.0,0.0,99.6,0.4
2026-05-29 15:25:03,twist,1,1728,success,4,1.2142,1.6493,0,94.97,4.51,100.0,0.0,99.6,0.4
2026-05-29 15:25:10,twist,1,1729,success,6,0.8281,1.5947,0,94.97,4.51,100.0,0.0,99.6,0.4
2026-05-29 15:25:24,twist,1,1730,success,14,0.7959,0.6835,0,94.97,4.51,100.0,0.0,99.6,0.4
2026-05-29 15:25:33,twist,1,1731,success,8,0.3073,1.3664,0,94.97,4.51,100.0,0.0,99.6,0.4
2026-05-29 15:25:44,twist,1,1732,success,10,0.6243,1.082,0,94.98,4.5,100.0,0.0,99.6,0.4
2026-05-29 15:26:00,twist,1,1733,success,16,0.6295,0.9397,0,94.98,4.5,100.0,0.0,99.6,0.4
2026-05-29 15:26:11,twist,1,1734,success,12,0.3595,1.5524,0,94.98,4.5,100.0,0.0,99.6,0.4
2026-05-29 15:26:26,twist,1,1735,success,14,0.4805,0.4386,0,94.99,4.5,100.0,0.0,99.6,0.4
2026-05-29 15:26:32,twist,1,1736,success,6,0.5308,1.3372,0,94.99,4.49,100.0,0.0,99.6,0.4
2026-05-29 15:26:42,twist,1,1737,success,8,0.5877,1.6562,0,94.99,4.49,100.0,0.0,99.6,0.4
2026-05-29 15:26:56,twist,1,1738,success,14,0.7204,0.518,0,94.99,4.49,100.0,0.0,99.6,0.4
2026-05-29 15:27:06,twist,1,1739,success,10,0.5715,1.2,0,95.0,4.49,100.0,0.0,99.6,0.4
2026-05-29 15:27:17,twist,1,1740,success,10,0.8702,0.6663,0,95.0,4.48,100.0,0.0,99.6,0.4
2026-05-29 15:27:26,twist,1,1741,success,8,0.8928,0.5788,0,95.0,4.48,100.0,0.0,99.6,0.4
2026-05-29 15:27:36,twist,1,1742,success,10,0.5688,0.9801,0,95.01,4.48,100.0,0.0,99.6,0.4
2026-05-29 15:27:38,twist,1,1743,success,1,89.4236,2.3182,0,95.01,4.48,100.0,0.0,99.6,0.4
2026-05-29 15:27:41,twist,1,1744,success,1,94.1468,2.3095,0,95.01,4.47,100.0,0.0,99.6,0.4
2026-05-29 15:27:57,twist,1,1745,success,16,0.4103,1.4089,0,95.01,4.47,100.0,0.0,99.6,0.4
2026-05-29 15:28:03,twist,1,1746,success,6,0.8617,0.9838,0,95.02,4.47,100.0,0.0,99.6,0.4
2026-05-29 15:28:08,twist,1,1747,success,4,1.0527,1.5243,0,95.02,4.46,100.0,0.0,99.6,0.4
2026-05-29 15:28:23,twist,1,1748,success,14,0.8742,0.459,0,95.02,4.46,100.0,0.0,99.6,0.4
2026-05-29 15:28:29,twist,1,1749,success,6,1.232,1.343,0,95.03,4.46,100.0,0.0,99.6,0.4
2026-05-29 15:28:42,twist,1,1750,success,14,0.9198,0.8018,0,95.03,4.46,100.0,0.0,99.6,0.4
2026-05-29 15:28:52,twist,1,1751,success,10,0.8986,0.7646,0,95.03,4.45,100.0,0.0,99.6,0.4
2026-05-29 15:29:04,twist,1,1752,success,12,0.8645,0.8208,0,95.03,4.45,100.0,0.0,99.6,0.4
2026-05-29 15:29:14,twist,1,1753,success,10,0.9017,0.7227,0,95.04,4.45,100.0,0.0,99.6,0.4
2026-05-29 15:29:30,twist,1,1754,success,16,0.8212,0.63,0,95.04,4.45,100.0,0.0,99.6,0.4
2026-05-29 15:29:50,twist,1,1755,success,20,0.308,0.7304,0,95.04,4.44,100.0,0.0,99.6,0.4
2026-05-29 15:30:03,twist,1,1756,success,12,0.6401,0.5796,0,95.05,4.44,100.0,0.0,99.6,0.4
2026-05-29 15:30:13,twist,1,1757,success,10,0.5466,1.2277,0,95.05,4.44,100.0,0.0,99.6,0.4
2026-05-29 15:30:25,twist,1,1758,success,12,0.7071,1.3268,0,95.05,4.44,100.0,0.0,99.6,0.4
2026-05-29 15:30:33,twist,1,1759,success,8,1.0024,0.9703,0,95.05,4.43,100.0,0.0,99.6,0.4
2026-05-29 15:30:42,twist,1,1760,success,8,0.6155,0.988,0,95.06,4.43,100.0,0.0,99.6,0.4
2026-05-29 15:30:52,twist,1,1761,success,10,0.8221,0.428,0,95.06,4.43,100.0,0.0,99.6,0.4
2026-05-29 15:31:07,twist,1,1762,success,14,0.5465,0.7858,0,95.06,4.43,100.0,0.0,99.6,0.4
2026-05-29 15:31:19,twist,1,1763,success,12,0.7818,0.7212,0,95.07,4.42,100.0,0.0,99.6,0.4
2026-05-29 15:31:24,twist,1,1764,success,5,1.1697,1.5946,0,95.07,4.42,100.0,0.0,99.6,0.4
2026-05-29 15:31:34,twist,1,1765,success,9,0.6082,1.5025,0,95.07,4.42,100.0,0.0,99.6,0.4
2026-05-29 15:31:43,twist,1,1766,success,8,0.8123,0.5931,0,95.07,4.42,100.0,0.0,99.6,0.4
2026-05-29 15:31:51,twist,1,1767,success,8,1.0075,1.1363,0,95.08,4.41,100.0,0.0,99.6,0.4
2026-05-29 15:32:00,twist,1,1768,success,8,0.3875,1.4588,0,95.08,4.41,100.0,0.0,99.6,0.4
2026-05-29 15:32:09,twist,1,1769,success,8,1.11,1.1352,0,95.08,4.41,100.0,0.0,99.6,0.4
2026-05-29 15:32:23,twist,1,1770,success,14,0.5878,1.159,0,95.08,4.41,100.0,0.0,99.6,0.4
2026-05-29 15:32:33,twist,1,1771,success,10,0.6824,0.8744,0,95.09,4.4,100.0,0.0,99.6,0.4
2026-05-29 15:32:51,twist,1,1772,success,18,0.3987,0.814,0,95.09,4.4,100.0,0.0,99.6,0.4
2026-05-29 15:33:03,twist,1,1773,success,12,0.6444,0.9944,0,95.09,4.4,100.0,0.0,99.6,0.4
2026-05-29 15:33:19,twist,1,1774,success,16,0.3868,1.1312,0,95.1,4.4,100.0,0.0,99.6,0.4
2026-05-29 15:33:29,twist,1,1775,success,10,0.8109,1.0387,0,95.1,4.39,100.0,0.0,99.6,0.4
2026-05-29 15:33:41,twist,1,1776,success,12,0.4185,1.3242,0,95.1,4.39,100.0,0.0,99.6,0.4
2026-05-29 15:33:51,twist,1,1777,success,10,0.5445,1.3118,0,95.1,4.39,100.0,0.0,99.6,0.4
2026-05-29 15:34:09,twist,1,1778,success,18,0.4534,0.9576,0,95.11,4.39,100.0,0.0,99.6,0.4
2026-05-29 15:34:10,twist,1,1779,success,1,340.7068,2.318,0,95.11,4.38,100.0,0.0,99.6,0.4
2026-05-29 15:34:18,twist,1,1780,success,5,1.1065,1.7369,0,95.11,4.38,100.0,0.0,99.6,0.4
2026-05-29 15:34:35,twist,1,1781,success,18,0.6186,0.6499,0,95.12,4.38,100.0,0.0,99.6,0.4
2026-05-29 15:34:51,twist,1,1782,success,16,0.404,0.9048,0,95.12,4.38,100.0,0.0,99.6,0.4
2026-05-29 15:35:06,twist,1,1783,success,16,0.6147,0.5536,0,95.12,4.37,100.0,0.0,99.6,0.4
2026-05-29 15:35:17,twist,1,1784,success,10,0.8767,0.4531,0,95.12,4.37,100.0,0.0,99.6,0.4
2026-05-29 15:35:29,twist,1,1785,success,12,0.9747,0.7371,0,95.13,4.37,100.0,0.0,99.6,0.4
2026-05-29 15:35:39,twist,1,1786,success,10,0.3202,1.1561,0,95.13,4.37,100.0,0.0,99.6,0.4
2026-05-29 15:35:46,twist,1,1787,success,6,1.0275,1.1133,0,95.13,4.36,100.0,0.0,99.6,0.4
2026-05-29 15:35:54,twist,1,1788,success,8,0.8359,0.8016,0,95.13,4.36,100.0,0.0,99.6,0.4
2026-05-29 15:36:01,twist,1,1789,success,6,0.7874,0.9645,0,95.14,4.36,100.0,0.0,99.6,0.4
2026-05-29 15:36:15,twist,1,1790,success,14,0.25,1.5956,0,95.14,4.36,100.0,0.0,99.6,0.4
2026-05-29 15:36:31,twist,1,1791,success,16,0.2436,1.5285,0,95.14,4.36,100.0,0.0,99.6,0.4
2026-05-29 15:36:41,twist,1,1792,success,10,0.7261,1.2009,0,95.15,4.35,100.0,0.0,99.6,0.4
2026-05-29 15:36:54,twist,1,1793,success,14,0.4909,0.9805,0,95.15,4.35,100.0,0.0,99.6,0.4
2026-05-29 15:37:06,twist,1,1794,success,12,0.6128,0.6166,0,95.15,4.35,100.0,0.0,99.6,0.4
2026-05-29 15:37:26,twist,1,1795,success,20,0.3797,0.6379,0,95.15,4.35,100.0,0.0,99.6,0.4
2026-05-29 15:37:40,twist,1,1796,success,14,0.64,0.6101,0,95.16,4.34,100.0,0.0,99.6,0.4
2026-05-29 15:37:50,twist,1,1797,success,10,0.5979,1.3577,0,95.16,4.34,100.0,0.0,99.6,0.4
2026-05-29 15:37:57,twist,1,1798,success,6,0.9545,1.0406,0,95.16,4.34,100.0,0.0,99.6,0.4
2026-05-29 15:38:08,twist,1,1799,success,12,0.403,1.3538,0,95.16,4.34,100.0,0.0,99.6,0.4
2026-05-29 15:38:22,twist,1,1800,success,14,0.5653,0.4555,0,95.17,4.33,100.0,0.0,99.6,0.4
2026-05-29 15:38:40,twist,1,1801,success,18,0.2558,1.3387,0,95.17,4.33,100.0,0.0,99.6,0.4
2026-05-29 15:38:50,twist,1,1802,success,10,0.5487,0.7977,0,95.17,4.33,100.0,0.0,99.6,0.4
2026-05-29 15:39:03,twist,1,1803,success,12,0.853,0.7243,0,95.17,4.33,100.0,0.0,99.6,0.4
2026-05-29 15:39:15,twist,1,1804,success,12,0.7076,0.6689,0,95.18,4.32,100.0,0.0,99.6,0.4
2026-05-29 15:39:27,twist,1,1805,success,12,0.6299,1.1906,0,95.18,4.32,100.0,0.0,99.6,0.4
2026-05-29 15:39:37,twist,1,1806,success,10,0.8215,0.8197,0,95.18,4.32,100.0,0.0,99.6,0.4
2026-05-29 15:39:39,twist,1,1807,success,1,25.8566,2.3108,0,95.19,4.32,100.0,0.0,99.6,0.4
2026-05-29 15:39:47,twist,1,1808,success,7,1.1132,1.0215,0,95.19,4.31,100.0,0.0,99.6,0.4
2026-05-29 15:39:54,twist,1,1809,success,6,0.7625,1.0684,0,95.19,4.31,100.0,0.0,99.6,0.4
2026-05-29 15:40:02,twist,1,1810,success,8,1.0587,0.8808,0,95.19,4.31,100.0,0.0,99.6,0.4
2026-05-29 15:40:11,twist,1,1811,success,8,0.7485,0.73,0,95.2,4.31,100.0,0.0,99.6,0.4
2026-05-29 15:40:19,twist,1,1812,success,8,0.6617,0.9288,0,95.2,4.3,100.0,0.0,99.6,0.4
2026-05-29 15:40:33,twist,1,1813,success,14,0.612,1.0297,0,95.2,4.3,100.0,0.0,99.6,0.4
2026-05-29 15:40:40,twist,1,1814,success,6,0.87,1.483,0,95.2,4.3,100.0,0.0,99.6,0.4
2026-05-29 15:40:51,twist,1,1815,success,10,0.7813,1.0203,0,95.21,4.3,100.0,0.0,99.6,0.4
2026-05-29 15:41:01,twist,1,1816,success,10,0.6728,0.9002,0,95.21,4.3,100.0,0.0,99.6,0.4
2026-05-29 15:41:03,twist,1,1817,success,1,297.5251,2.3152,0,95.21,4.29,100.0,0.0,99.6,0.4
2026-05-29 15:41:15,twist,1,1818,success,11,0.9237,0.4109,0,95.21,4.29,100.0,0.0,99.6,0.4
2026-05-29 15:41:22,twist,1,1819,success,6,0.9994,0.9805,0,95.22,4.29,100.0,0.0,99.6,0.4
2026-05-29 15:41:34,twist,1,1820,success,12,0.6597,0.8461,0,95.22,4.29,100.0,0.0,99.6,0.4
2026-05-29 15:41:43,twist,1,1821,success,8,0.874,0.7283,0,95.22,4.28,100.0,0.0,99.6,0.4
2026-05-29 15:41:56,twist,1,1822,success,12,0.7241,0.5723,0,95.23,4.28,100.0,0.0,99.6,0.4
2026-05-29 15:42:09,twist,1,1823,success,14,0.6126,1.2472,0,95.23,4.28,100.0,0.0,99.6,0.4
2026-05-29 15:42:34,twist,1,1824,success,20,0.3915,0.908,0,95.23,4.28,100.0,0.0,99.6,0.4
2026-05-29 15:42:52,twist,1,1825,success,19,0.3781,1.1993,0,95.23,4.27,100.0,0.0,99.6,0.4
2026-05-29 15:43:05,twist,1,1826,success,12,0.7633,1.2854,0,95.24,4.27,100.0,0.0,99.6,0.4
2026-05-29 15:43:14,twist,1,1827,success,7,0.942,1.0258,0,95.24,4.27,100.0,0.0,99.6,0.4
2026-05-29 15:43:32,twist,1,1828,success,18,0.4714,1.0472,0,95.24,4.27,100.0,0.0,99.6,0.4
2026-05-29 15:43:45,twist,1,1829,success,12,0.8593,0.6461,0,95.24,4.26,100.0,0.0,99.6,0.4
2026-05-29 15:44:01,twist,1,1830,success,16,0.4654,0.9367,0,95.25,4.26,100.0,0.0,99.6,0.4
2026-05-29 15:44:12,twist,1,1831,success,10,0.7799,0.9357,0,95.25,4.26,100.0,0.0,99.6,0.4
2026-05-29 15:44:26,twist,1,1832,success,14,0.2225,1.3899,0,95.25,4.26,100.0,0.0,99.6,0.4
2026-05-29 15:44:34,twist,1,1833,success,8,0.3482,1.5006,0,95.25,4.26,100.0,0.0,99.6,0.4
2026-05-29 15:44:45,twist,1,1834,success,10,0.4535,1.5292,0,95.26,4.25,100.0,0.0,99.6,0.4
2026-05-29 15:44:55,twist,1,1835,success,10,0.6415,1.2347,0,95.26,4.25,100.0,0.0,99.6,0.4
2026-05-29 15:45:12,twist,1,1836,success,16,0.5058,0.6158,0,95.26,4.25,100.0,0.0,99.6,0.4
2026-05-29 15:45:26,twist,1,1837,success,14,0.2133,1.2951,0,95.26,4.25,100.0,0.0,99.6,0.4
2026-05-29 15:45:39,twist,1,1838,success,12,0.4242,1.7184,0,95.27,4.24,100.0,0.0,99.6,0.4
2026-05-29 15:45:45,twist,1,1839,success,6,0.8283,1.0315,0,95.27,4.24,100.0,0.0,99.6,0.4
2026-05-29 15:45:59,twist,1,1840,success,14,0.518,1.0234,0,95.27,4.24,100.0,0.0,99.6,0.4
2026-05-29 15:46:04,twist,1,1841,success,4,0.8493,1.7064,0,95.27,4.24,100.0,0.0,99.6,0.4
2026-05-29 15:46:15,twist,1,1842,success,10,0.8474,0.7174,0,95.28,4.23,100.0,0.0,99.6,0.4
2026-05-29 15:46:21,twist,1,1843,success,6,0.9698,1.1056,0,95.28,4.23,100.0,0.0,99.6,0.4
2026-05-29 15:46:37,twist,1,1844,success,16,0.5996,0.8118,0,95.28,4.23,100.0,0.0,99.6,0.4
2026-05-29 15:46:57,twist,1,1845,success,20,0.4435,0.6407,0,95.28,4.23,100.0,0.0,99.6,0.4
2026-05-29 15:47:16,twist,1,1846,success,18,0.4691,0.4774,0,95.29,4.23,100.0,0.0,99.6,0.4
2026-05-29 15:47:22,twist,1,1847,success,6,0.7673,0.9881,0,95.29,4.22,100.0,0.0,99.6,0.4
2026-05-29 15:47:31,twist,1,1848,success,8,1.145,0.9372,0,95.29,4.22,100.0,0.0,99.6,0.4
2026-05-29 15:47:40,twist,1,1849,success,8,0.734,1.3027,0,95.29,4.22,100.0,0.0,99.6,0.4
2026-05-29 15:47:49,twist,1,1850,success,8,0.841,0.6275,0,95.3,4.22,100.0,0.0,99.6,0.4
2026-05-29 15:48:03,twist,1,1851,success,14,0.5116,0.8533,0,95.3,4.21,100.0,0.0,99.6,0.4
2026-05-29 15:48:13,twist,1,1852,success,10,0.5157,1.2042,0,95.3,4.21,100.0,0.0,99.6,0.4
2026-05-29 15:48:28,twist,1,1853,success,16,0.5098,0.728,0,95.3,4.21,100.0,0.0,99.6,0.4
2026-05-29 15:48:38,twist,1,1854,success,8,1.044,0.8298,0,95.31,4.21,100.0,0.0,99.6,0.4
2026-05-29 15:48:48,twist,1,1855,success,10,0.6979,1.5354,0,95.31,4.2,100.0,0.0,99.6,0.4
2026-05-29 15:48:55,twist,1,1856,success,6,0.5511,1.3669,0,95.31,4.2,100.0,0.0,99.6,0.4
2026-05-29 15:49:10,twist,1,1857,success,14,0.7418,1.0525,0,95.32,4.2,100.0,0.0,99.6,0.4
2026-05-29 15:49:24,twist,1,1858,success,14,0.6271,0.5828,0,95.32,4.2,100.0,0.0,99.6,0.4
2026-05-29 15:49:38,twist,1,1859,success,14,0.6972,1.0775,0,95.32,4.2,100.0,0.0,99.6,0.4
2026-05-29 15:49:48,twist,1,1860,success,10,0.4987,1.2512,0,95.32,4.19,100.0,0.0,99.6,0.4
2026-05-29 15:50:04,twist,1,1861,success,16,0.7383,0.5934,0,95.33,4.19,100.0,0.0,99.6,0.4
2026-05-29 15:50:13,twist,1,1862,success,8,0.6813,0.9783,0,95.33,4.19,100.0,0.0,99.6,0.4
2026-05-29 15:50:26,twist,1,1863,success,14,0.761,0.5605,0,95.33,4.19,100.0,0.0,99.6,0.4
2026-05-29 15:50:28,twist,1,1864,success,1,98.9201,2.3149,0,95.33,4.18,100.0,0.0,99.6,0.4
2026-05-29 15:50:40,twist,1,1865,success,11,0.9966,0.7523,0,95.34,4.18,100.0,0.0,99.6,0.4
2026-05-29 15:50:51,twist,1,1866,success,10,0.7448,0.9865,0,95.34,4.18,100.0,0.0,99.6,0.4
2026-05-29 15:51:00,twist,1,1867,success,8,0.7457,0.8707,0,95.34,4.18,100.0,0.0,99.8,0.2
2026-05-29 15:51:08,twist,1,1868,success,9,1.1588,0.8399,0,95.34,4.18,100.0,0.0,99.8,0.2
2026-05-29 15:51:11,twist,1,1869,success,1,24.0413,2.3073,0,95.35,4.17,100.0,0.0,99.8,0.2
2026-05-29 15:51:30,twist,1,1870,success,20,0.5454,0.576,0,95.35,4.17,100.0,0.0,99.8,0.2
2026-05-29 15:51:44,twist,1,1871,success,14,0.8229,0.9891,0,95.35,4.17,100.0,0.0,99.8,0.2
2026-05-29 15:52:01,twist,1,1872,success,18,0.4103,0.5817,0,95.35,4.17,100.0,0.0,99.8,0.2
2026-05-29 15:52:22,twist,1,1873,success,22,0.455,0.6828,0,95.36,4.16,100.0,0.0,99.8,0.2
2026-05-29 15:52:38,twist,1,1874,success,16,0.5527,1.0147,0,95.36,4.16,100.0,0.0,99.8,0.2
2026-05-29 15:52:51,twist,1,1875,success,14,0.7488,0.5706,0,95.36,4.16,100.0,0.0,99.8,0.2
2026-05-29 15:52:59,twist,1,1876,success,8,0.8136,1.0596,0,95.36,4.16,100.0,0.0,99.8,0.2
2026-05-29 15:53:18,twist,1,1877,success,20,0.4244,0.803,0,95.36,4.16,100.0,0.0,99.8,0.2
2026-05-29 15:53:30,twist,1,1878,success,12,0.5674,1.2116,0,95.37,4.15,100.0,0.0,99.8,0.2
2026-05-29 15:53:49,twist,1,1879,success,18,0.4548,0.6494,0,95.37,4.15,100.0,0.0,99.8,0.2
2026-05-29 15:54:05,twist,1,1880,success,16,0.5841,0.9062,0,95.37,4.15,100.0,0.0,99.8,0.2
2026-05-29 15:54:07,twist,1,1881,success,1,62.6759,2.3072,0,95.37,4.15,100.0,0.0,99.8,0.2
2026-05-29 15:54:16,twist,1,1882,success,7,1.27,1.6615,0,95.38,4.14,100.0,0.0,99.8,0.2
2026-05-29 15:54:24,twist,1,1883,success,8,0.8756,1.0481,0,95.38,4.14,100.0,0.0,99.8,0.2
2026-05-29 15:54:38,twist,1,1884,success,14,0.6354,1.4132,0,95.38,4.14,100.0,0.0,99.8,0.2
2026-05-29 15:54:46,twist,1,1885,success,8,0.7403,1.3615,0,95.38,4.14,100.0,0.0,99.8,0.2
2026-05-29 15:54:58,twist,1,1886,success,12,0.5237,1.3444,0,95.39,4.14,100.0,0.0,99.8,0.2
2026-05-29 15:55:05,twist,1,1887,success,6,0.8365,1.3518,0,95.39,4.13,100.0,0.0,99.8,0.2
2026-05-29 15:55:08,twist,1,1888,success,2,1.3197,1.8397,0,95.39,4.13,100.0,0.0,99.8,0.2
2026-05-29 15:55:17,twist,1,1889,success,8,0.5722,0.9618,0,95.39,4.13,100.0,0.0,99.8,0.2
2026-05-29 15:55:31,twist,1,1890,success,14,0.1995,1.4432,0,95.4,4.13,100.0,0.0,99.8,0.2
2026-05-29 15:55:43,twist,1,1891,success,12,0.4785,0.9344,0,95.4,4.12,100.0,0.0,99.8,0.2
2026-05-29 15:55:49,twist,1,1892,success,6,0.703,1.0797,0,95.4,4.12,100.0,0.0,99.8,0.2
2026-05-29 15:55:59,twist,1,1893,success,10,0.3483,1.3007,0,95.4,4.12,100.0,0.0,99.8,0.2
2026-05-29 15:56:09,twist,1,1894,success,10,0.774,1.1677,0,95.41,4.12,100.0,0.0,99.8,0.2
2026-05-29 15:56:18,twist,1,1895,success,8,0.8599,1.2302,0,95.41,4.12,100.0,0.0,99.8,0.2
2026-05-29 15:56:32,twist,1,1896,success,14,0.7731,0.5738,0,95.41,4.11,100.0,0.0,99.8,0.2
2026-05-29 15:56:42,twist,1,1897,success,10,0.4767,1.4647,0,95.41,4.11,100.0,0.0,99.8,0.2
2026-05-29 15:56:57,twist,1,1898,success,16,0.5665,0.2947,1,95.42,4.11,100.0,0.0,99.8,0.2
2026-05-29 15:57:04,twist,1,1899,success,6,0.6364,1.3903,0,95.42,4.11,100.0,0.0,99.8,0.2
2026-05-29 15:57:15,twist,1,1900,success,12,0.7443,0.8773,0,95.42,4.11,100.0,0.0,99.8,0.2
2026-05-29 15:57:29,twist,1,1901,success,14,0.6545,0.6551,0,95.42,4.1,100.0,0.0,99.8,0.2
2026-05-29 15:57:48,twist,1,1902,success,20,0.4979,0.8089,0,95.43,4.1,100.0,0.0,99.8,0.2
2026-05-29 15:57:58,twist,1,1903,success,10,0.2415,1.2021,0,95.43,4.1,100.0,0.0,99.8,0.2
2026-05-29 15:58:05,twist,1,1904,success,6,0.9537,0.9214,0,95.43,4.1,100.0,0.0,99.8,0.2
2026-05-29 15:58:18,twist,1,1905,success,12,0.3128,1.7917,0,95.43,4.09,100.0,0.0,99.8,0.2
2026-05-29 15:58:33,twist,1,1906,success,16,0.7383,0.8287,0,95.44,4.09,100.0,0.0,99.8,0.2
2026-05-29 15:58:48,twist,1,1907,success,16,0.5668,0.7413,0,95.44,4.09,100.0,0.0,99.8,0.2
2026-05-29 15:58:52,twist,1,1908,success,2,1.4051,1.8275,0,95.44,4.09,100.0,0.0,99.8,0.2
2026-05-29 15:58:55,twist,1,1909,success,2,1.329,1.8698,0,95.44,4.09,100.0,0.0,99.8,0.2
2026-05-29 15:59:10,twist,1,1910,success,16,0.7284,0.6218,0,95.45,4.08,100.0,0.0,99.8,0.2
2026-05-29 15:59:14,twist,1,1911,success,2,1.3134,1.8848,0,95.45,4.08,100.0,0.0,99.8,0.2
2026-05-29 15:59:22,twist,1,1912,success,8,0.7925,1.0257,0,95.45,4.08,100.0,0.0,99.8,0.2
2026-05-29 15:59:37,twist,1,1913,success,14,0.4731,0.7894,0,95.45,4.08,100.0,0.0,99.8,0.2
2026-05-29 15:59:47,twist,1,1914,success,10,0.538,1.6087,0,95.45,4.08,100.0,0.0,99.8,0.2
2026-05-29 16:00:03,twist,1,1915,success,16,0.755,0.9056,0,95.46,4.07,100.0,0.0,99.8,0.2
2026-05-29 16:00:19,twist,1,1916,success,16,0.4883,1.0395,0,95.46,4.07,100.0,0.0,99.8,0.2
2026-05-29 16:00:36,twist,1,1917,success,18,0.0951,1.4168,0,95.46,4.07,100.0,0.0,99.8,0.2
2026-05-29 16:00:54,twist,1,1918,success,18,0.4199,1.2044,0,95.46,4.07,100.0,0.0,99.8,0.2
2026-05-29 16:00:55,twist,1,1919,success,1,7.9204,2.3155,0,95.47,4.06,100.0,0.0,99.8,0.2
2026-05-29 16:01:15,twist,1,1920,success,19,0.5859,0.4527,0,95.47,4.06,100.0,0.0,99.8,0.2
2026-05-29 16:01:24,twist,1,1921,success,8,0.759,0.7439,0,95.47,4.06,100.0,0.0,99.8,0.2
2026-05-29 16:01:31,twist,1,1922,success,6,0.6299,1.352,0,95.47,4.06,100.0,0.0,99.8,0.2
2026-05-29 16:01:42,twist,1,1923,success,10,0.9082,0.6594,0,95.48,4.06,100.0,0.0,99.8,0.2
2026-05-29 16:01:55,twist,1,1924,success,14,0.6624,0.5999,0,95.48,4.05,100.0,0.0,99.8,0.2
2026-05-29 16:02:09,twist,1,1925,success,14,0.377,1.4039,0,95.48,4.05,100.0,0.0,99.8,0.2
2026-05-29 16:02:15,twist,1,1926,success,6,0.7319,0.964,0,95.48,4.05,100.0,0.0,99.8,0.2
2026-05-29 16:02:20,twist,1,1927,success,4,0.9072,1.7933,0,95.49,4.05,100.0,0.0,99.8,0.2
2026-05-29 16:02:27,twist,1,1928,success,6,0.5447,1.5164,0,95.49,4.05,100.0,0.0,99.8,0.2
2026-05-29 16:02:36,twist,1,1929,success,8,0.7532,0.9293,0,95.49,4.04,100.0,0.0,99.8,0.2
2026-05-29 16:02:48,twist,1,1930,success,12,0.7592,0.9797,0,95.49,4.04,100.0,0.0,99.8,0.2
2026-05-29 16:02:52,twist,1,1931,success,2,0.9903,1.821,0,95.49,4.04,100.0,0.0,99.8,0.2
2026-05-29 16:02:56,twist,1,1932,success,4,1.039,1.4182,0,95.5,4.04,100.0,0.0,99.8,0.2
2026-05-29 16:03:05,twist,1,1933,success,8,0.3696,1.364,0,95.5,4.04,100.0,0.0,99.8,0.2
2026-05-29 16:03:12,twist,1,1934,success,6,0.9946,1.2845,0,95.5,4.03,100.0,0.0,99.8,0.2
2026-05-29 16:03:22,twist,1,1935,success,10,0.3464,1.5182,0,95.5,4.03,100.0,0.0,99.8,0.2
2026-05-29 16:03:37,twist,1,1936,success,14,0.6504,0.331,0,95.51,4.03,100.0,0.0,99.8,0.2
2026-05-29 16:03:49,twist,1,1937,success,12,0.7705,0.639,0,95.51,4.03,100.0,0.0,99.8,0.2
2026-05-29 16:03:59,twist,1,1938,success,10,0.5607,0.9289,0,95.51,4.02,100.0,0.0,99.8,0.2
2026-05-29 16:04:14,twist,1,1939,success,14,0.3292,1.4883,0,95.51,4.02,100.0,0.0,99.8,0.2
2026-05-29 16:04:24,twist,1,1940,success,10,0.822,0.5993,0,95.52,4.02,100.0,0.0,99.8,0.2
2026-05-29 16:04:32,twist,1,1941,success,8,0.8715,0.847,0,95.52,4.02,100.0,0.0,99.8,0.2
2026-05-29 16:04:44,twist,1,1942,success,12,0.5878,1.2488,0,95.52,4.02,100.0,0.0,99.8,0.2
2026-05-29 16:04:56,twist,1,1943,success,12,0.7294,0.7857,0,95.52,4.01,100.0,0.0,99.8,0.2
2026-05-29 16:05:13,twist,1,1944,success,18,0.4462,1.1186,0,95.52,4.01,100.0,0.0,99.8,0.2
2026-05-29 16:05:20,twist,1,1945,success,6,1.0878,1.1263,0,95.53,4.01,100.0,0.0,99.8,0.2
2026-05-29 16:05:30,twist,1,1946,success,10,0.4175,1.5029,0,95.53,4.01,100.0,0.0,99.8,0.2
2026-05-29 16:05:38,twist,1,1947,success,8,0.7074,0.9917,0,95.53,4.01,100.0,0.0,99.8,0.2
2026-05-29 16:05:40,twist,1,1948,success,1,30.2697,2.3304,0,95.53,4.0,100.0,0.0,99.8,0.2
2026-05-29 16:05:53,twist,1,1949,success,11,0.8475,0.4177,0,95.54,4.0,100.0,0.0,99.8,0.2
2026-05-29 16:05:59,twist,1,1950,success,6,0.8672,1.127,0,95.54,4.0,100.0,0.0,99.8,0.2
2026-05-29 16:06:10,twist,1,1951,success,10,0.5816,1.012,0,95.54,4.0,100.0,0.0,99.8,0.2
2026-05-29 16:06:25,twist,1,1952,success,16,0.3696,1.1871,0,95.54,4.0,100.0,0.0,99.8,0.2
2026-05-29 16:06:30,twist,1,1953,success,4,1.1102,1.6056,0,95.55,3.99,100.0,0.0,99.8,0.2
2026-05-29 16:06:43,twist,1,1954,success,12,0.3663,1.6748,0,95.55,3.99,100.0,0.0,99.8,0.2
2026-05-29 16:06:51,twist,1,1955,success,8,0.6383,1.4016,0,95.55,3.99,100.0,0.0,99.8,0.2
2026-05-29 16:07:06,twist,1,1956,success,14,0.7306,0.5967,0,95.55,3.99,100.0,0.0,99.8,0.2
2026-05-29 16:07:09,twist,1,1957,success,2,1.0853,1.8573,0,95.55,3.99,100.0,0.0,99.8,0.2
2026-05-29 16:07:38,twist,1,1958,success,30,0.4489,0.3996,0,95.56,3.98,100.0,0.0,99.8,0.2
2026-05-29 16:07:50,twist,1,1959,success,12,0.4698,1.0641,0,95.56,3.98,100.0,0.0,99.8,0.2
2026-05-29 16:08:00,twist,1,1960,success,10,0.64,1.323,0,95.56,3.98,100.0,0.0,99.8,0.2
2026-05-29 16:08:09,twist,1,1961,success,8,0.738,0.9871,0,95.56,3.98,100.0,0.0,99.8,0.2
2026-05-29 16:08:23,twist,1,1962,success,14,0.527,1.0077,0,95.57,3.98,100.0,0.0,99.8,0.2
2026-05-29 16:08:28,twist,1,1963,success,4,0.9827,1.4143,0,95.57,3.97,100.0,0.0,99.8,0.2
2026-05-29 16:08:39,twist,1,1964,success,12,0.4395,1.3068,0,95.57,3.97,100.0,0.0,99.8,0.2
2026-05-29 16:08:50,twist,1,1965,success,10,0.4854,1.2455,0,95.57,3.97,100.0,0.0,99.8,0.2
2026-05-29 16:09:02,twist,1,1966,success,12,0.6476,0.5106,0,95.57,3.97,100.0,0.0,99.8,0.2
2026-05-29 16:09:15,twist,1,1967,success,12,0.3638,1.62,0,95.58,3.97,100.0,0.0,99.8,0.2
2026-05-29 16:09:25,twist,1,1968,success,10,0.3682,1.7549,0,95.58,3.96,100.0,0.0,99.8,0.2
2026-05-29 16:09:36,twist,1,1969,success,10,1.0121,0.8216,0,95.58,3.96,100.0,0.0,99.8,0.2
2026-05-29 16:09:55,twist,1,1970,collision,-1,0.5295,0.12,3,95.53,4.01,99.0,1.0,99.6,0.4
2026-05-29 16:10:10,twist,1,1971,success,16,0.5976,0.3279,0,95.54,4.01,99.0,1.0,99.6,0.4
2026-05-29 16:10:24,twist,1,1972,success,14,0.6696,0.9626,0,95.54,4.01,99.0,1.0,99.6,0.4
2026-05-29 16:10:38,twist,1,1973,success,14,0.8004,0.6897,0,95.54,4.0,99.0,1.0,99.6,0.4
2026-05-29 16:10:45,twist,1,1974,success,6,0.7422,1.5699,0,95.54,4.0,99.0,1.0,99.6,0.4
2026-05-29 16:10:56,twist,1,1975,success,12,0.4388,1.4686,0,95.54,4.0,99.0,1.0,99.6,0.4
2026-05-29 16:11:08,twist,1,1976,success,12,0.3219,1.6847,0,95.55,4.0,99.0,1.0,99.6,0.4
2026-05-29 16:11:10,twist,1,1977,success,1,58.0251,2.3262,0,95.55,4.0,99.0,1.0,99.6,0.4
2026-05-29 16:11:19,twist,1,1978,success,7,0.8104,1.0143,0,95.55,3.99,99.0,1.0,99.8,0.2
2026-05-29 16:11:25,twist,1,1979,success,6,1.1613,1.2877,0,95.55,3.99,99.0,1.0,99.8,0.2
2026-05-29 16:11:29,twist,1,1980,success,3,1.8882,2.1113,0,95.56,3.99,99.0,1.0,99.8,0.2
2026-05-29 16:11:37,twist,1,1981,success,7,0.9511,1.4179,0,95.56,3.99,99.0,1.0,99.8,0.2
2026-05-29 16:11:47,twist,1,1982,success,10,0.2921,1.4798,0,95.56,3.99,99.0,1.0,99.8,0.2
2026-05-29 16:11:55,twist,1,1983,success,8,0.7416,1.5447,0,95.56,3.98,99.0,1.0,99.8,0.2
2026-05-29 16:12:07,twist,1,1984,success,12,0.8864,0.6304,0,95.56,3.98,99.0,1.0,99.8,0.2
2026-05-29 16:12:19,twist,1,1985,success,12,0.9688,0.6546,0,95.57,3.98,99.0,1.0,99.8,0.2
2026-05-29 16:12:28,twist,1,1986,success,8,1.0084,0.6567,0,95.57,3.98,99.0,1.0,99.8,0.2
2026-05-29 16:12:35,twist,1,1987,success,6,0.8654,1.1417,0,95.57,3.98,99.0,1.0,99.8,0.2
2026-05-29 16:12:48,twist,1,1988,success,14,0.4459,1.0001,0,95.57,3.97,99.0,1.0,99.8,0.2
2026-05-29 16:13:03,twist,1,1989,success,14,0.6654,0.5996,0,95.58,3.97,99.0,1.0,99.8,0.2
2026-05-29 16:13:16,twist,1,1990,success,14,0.4518,0.8442,0,95.58,3.97,99.0,1.0,99.8,0.2
2026-05-29 16:13:27,twist,1,1991,success,10,0.6768,1.0597,0,95.58,3.97,99.0,1.0,99.8,0.2
2026-05-29 16:13:37,twist,1,1992,success,10,0.7532,1.2744,0,95.58,3.97,99.0,1.0,99.8,0.2
2026-05-29 16:13:47,twist,1,1993,success,10,0.9249,0.8288,0,95.58,3.96,99.0,1.0,99.8,0.2
2026-05-29 16:13:55,twist,1,1994,success,6,1.026,0.9212,0,95.59,3.96,99.0,1.0,99.8,0.2
2026-05-29 16:13:58,twist,1,1995,success,2,0.9699,1.9742,0,95.59,3.96,99.0,1.0,99.8,0.2
2026-05-29 16:14:18,twist,1,1996,success,22,0.5242,0.4191,0,95.59,3.96,99.0,1.0,99.8,0.2
2026-05-29 16:14:27,twist,1,1997,success,8,0.8236,0.9786,0,95.59,3.96,99.0,1.0,99.8,0.2
2026-05-29 16:14:34,twist,1,1998,success,6,0.8507,0.9669,0,95.6,3.95,99.0,1.0,99.8,0.2
2026-05-29 16:14:42,twist,1,1999,success,8,0.8663,0.7292,0,95.6,3.95,99.0,1.0,99.8,0.2
2026-05-29 16:14:49,twist,1,2000,success,6,0.5699,1.3913,0,95.6,3.95,99.0,1.0,99.8,0.2
2026-05-29 16:15:31,twist,1,2001,success,44,0.075,1.2383,0,95.6,3.95,99.0,1.0,99.8,0.2
2026-05-29 16:15:41,twist,1,2002,success,10,0.7602,1.2779,0,95.6,3.95,99.0,1.0,99.8,0.2
2026-05-29 16:15:48,twist,1,2003,success,6,0.7934,1.1604,0,95.61,3.94,99.0,1.0,99.8,0.2
2026-05-29 16:16:04,twist,1,2004,success,18,0.6239,0.9144,0,95.61,3.94,99.0,1.0,99.8,0.2
2026-05-29 16:16:18,twist,1,2005,success,14,0.4899,1.4298,0,95.61,3.94,99.0,1.0,99.8,0.2
2026-05-29 16:16:32,twist,1,2006,success,14,0.3766,1.389,0,95.61,3.94,99.0,1.0,99.8,0.2
2026-05-29 16:16:41,twist,1,2007,success,8,0.2647,1.525,0,95.62,3.94,99.0,1.0,99.8,0.2
2026-05-29 16:16:47,twist,1,2008,success,6,0.6193,1.1167,0,95.62,3.93,99.0,1.0,99.8,0.2
2026-05-29 16:17:04,twist,1,2009,collision,-1,0.7199,0.12,3,95.57,3.98,98.0,2.0,99.6,0.4
2026-05-29 16:17:07,twist,1,2010,success,2,1.525,1.8801,0,95.57,3.98,98.0,2.0,99.6,0.4
2026-05-29 16:17:14,twist,1,2011,success,6,0.9997,0.8536,0,95.57,3.98,98.0,2.0,99.6,0.4
2026-05-29 16:17:23,twist,1,2012,success,8,0.5173,1.3585,0,95.58,3.98,98.0,2.0,99.6,0.4
2026-05-29 16:17:42,twist,1,2013,success,20,0.5074,0.8243,0,95.58,3.97,98.0,2.0,99.6,0.4
2026-05-29 16:17:49,twist,1,2014,success,6,0.3586,1.6044,0,95.58,3.97,98.0,2.0,99.6,0.4
2026-05-29 16:18:01,twist,1,2015,success,12,0.5588,1.1652,0,95.58,3.97,98.0,2.0,99.6,0.4
2026-05-29 16:18:11,twist,1,2016,success,10,1.0343,0.7309,0,95.59,3.97,98.0,2.0,99.6,0.4
2026-05-29 16:18:25,twist,1,2017,success,14,0.4227,1.4622,0,95.59,3.97,98.0,2.0,99.6,0.4
2026-05-29 16:18:38,twist,1,2018,success,14,0.7378,0.5812,0,95.59,3.96,98.0,2.0,99.6,0.4
2026-05-29 16:18:40,twist,1,2019,success,1,229.1476,2.3201,0,95.59,3.96,98.0,2.0,99.6,0.4
2026-05-29 16:18:49,twist,1,2020,success,9,0.8621,1.5373,0,95.59,3.96,98.0,2.0,99.6,0.4
2026-05-29 16:19:00,twist,1,2021,success,10,0.5454,1.0642,0,95.6,3.96,98.0,2.0,99.6,0.4
2026-05-29 16:19:10,twist,1,2022,success,10,0.8531,0.6583,0,95.6,3.96,98.0,2.0,99.6,0.4
2026-05-29 16:19:17,twist,1,2023,success,6,0.9433,1.1582,0,95.6,3.95,98.0,2.0,99.6,0.4
2026-05-29 16:19:24,twist,1,2024,success,7,0.7972,1.4811,0,95.6,3.95,98.0,2.0,99.6,0.4
2026-05-29 16:19:35,twist,1,2025,success,9,0.6859,1.2554,0,95.6,3.95,98.0,2.0,99.6,0.4
2026-05-29 16:19:44,twist,1,2026,success,8,1.0544,0.9067,0,95.61,3.95,98.0,2.0,99.6,0.4
2026-05-29 16:19:55,twist,1,2027,success,12,0.431,1.3876,0,95.61,3.95,98.0,2.0,99.6,0.4
2026-05-29 16:20:00,twist,1,2028,success,4,0.7447,1.6207,0,95.61,3.94,98.0,2.0,99.6,0.4
2026-05-29 16:20:11,twist,1,2029,success,10,0.8976,1.019,0,95.61,3.94,98.0,2.0,99.6,0.4
2026-05-29 16:20:23,twist,1,2030,success,12,0.6938,1.2814,0,95.62,3.94,98.0,2.0,99.6,0.4
2026-05-29 16:20:40,twist,1,2031,success,18,0.346,1.2209,0,95.62,3.94,98.0,2.0,99.6,0.4
2026-05-29 16:20:56,twist,1,2032,success,16,0.5667,0.5434,0,95.62,3.94,98.0,2.0,99.6,0.4
2026-05-29 16:21:11,twist,1,2033,success,16,0.8385,0.8343,0,95.62,3.94,98.0,2.0,99.6,0.4
2026-05-29 16:21:28,twist,1,2034,success,18,0.6082,0.6957,0,95.62,3.93,98.0,2.0,99.6,0.4
2026-05-29 16:21:36,twist,1,2035,success,8,0.7082,0.9079,0,95.63,3.93,98.0,2.0,99.6,0.4
2026-05-29 16:21:52,twist,1,2036,success,16,0.3391,1.3323,0,95.63,3.93,98.0,2.0,99.6,0.4
2026-05-29 16:22:02,twist,1,2037,success,10,0.779,1.3269,0,95.63,3.93,98.0,2.0,99.6,0.4
2026-05-29 16:22:18,twist,1,2038,success,16,0.6546,0.9257,0,95.63,3.93,98.0,2.0,99.6,0.4
2026-05-29 16:22:31,twist,1,2039,success,12,0.8208,0.8358,0,95.64,3.92,98.0,2.0,99.6,0.4
2026-05-29 16:22:43,twist,1,2040,success,12,0.4697,1.2911,0,95.64,3.92,98.0,2.0,99.6,0.4
2026-05-29 16:22:54,twist,1,2041,success,10,0.7718,0.5205,0,95.64,3.92,98.0,2.0,99.6,0.4
2026-05-29 16:22:59,twist,1,2042,success,4,1.178,1.6643,0,95.64,3.92,98.0,2.0,99.6,0.4
2026-05-29 16:23:06,twist,1,2043,success,6,0.7332,1.3182,0,95.64,3.92,98.0,2.0,99.6,0.4
2026-05-29 16:23:17,twist,1,2044,success,13,0.7581,1.0287,0,95.65,3.91,98.0,2.0,99.6,0.4
2026-05-29 16:23:30,twist,1,2045,success,11,1.0635,1.1869,0,95.65,3.91,98.0,2.0,99.6,0.4
2026-05-29 16:23:43,twist,1,2046,success,15,0.6943,0.8235,0,95.65,3.91,98.0,2.0,99.6,0.4
2026-05-29 16:23:55,twist,1,2047,success,11,0.5386,1.4321,0,95.65,3.91,98.0,2.0,99.6,0.4
2026-05-29 16:24:06,twist,1,2048,success,10,0.835,0.794,0,95.65,3.91,98.0,2.0,99.6,0.4
2026-05-29 16:24:11,twist,1,2049,success,4,0.85,1.6255,0,95.66,3.9,98.0,2.0,99.6,0.4
2026-05-29 16:24:17,twist,1,2050,success,6,1.0641,0.9527,0,95.66,3.9,98.0,2.0,99.6,0.4
2026-05-29 16:24:27,twist,1,2051,success,10,0.4331,1.4849,0,95.66,3.9,98.0,2.0,99.6,0.4
2026-05-29 16:24:37,twist,1,2052,success,10,0.2849,1.3358,0,95.66,3.9,98.0,2.0,99.6,0.4
2026-05-29 16:24:46,twist,1,2053,success,8,0.6078,0.901,0,95.66,3.9,98.0,2.0,99.6,0.4
2026-05-29 16:24:56,twist,1,2054,success,10,0.4014,1.3609,0,95.67,3.89,98.0,2.0,99.6,0.4
2026-05-29 16:25:08,twist,1,2055,success,12,0.8578,0.7579,0,95.67,3.89,98.0,2.0,99.6,0.4
2026-05-29 16:25:17,twist,1,2056,success,10,0.7058,1.2048,0,95.67,3.89,98.0,2.0,99.6,0.4
2026-05-29 16:25:29,twist,1,2057,success,12,0.5935,0.6889,0,95.67,3.89,98.0,2.0,99.6,0.4
2026-05-29 16:25:35,twist,1,2058,success,6,1.0549,1.4184,0,95.68,3.89,98.0,2.0,99.6,0.4
2026-05-29 16:25:49,twist,1,2059,success,14,0.5836,0.8425,0,95.68,3.89,98.0,2.0,99.6,0.4
2026-05-29 16:25:59,twist,1,2060,success,10,0.7132,1.5493,0,95.68,3.88,98.0,2.0,99.6,0.4
2026-05-29 16:26:08,twist,1,2061,success,10,0.7961,1.267,0,95.68,3.88,98.0,2.0,99.6,0.4
2026-05-29 16:26:15,twist,1,2062,success,6,0.7156,1.4619,0,95.68,3.88,98.0,2.0,99.6,0.4
2026-05-29 16:26:30,twist,1,2063,success,16,0.3833,0.972,0,95.69,3.88,98.0,2.0,99.6,0.4
2026-05-29 16:26:39,twist,1,2064,success,8,0.9706,0.6724,0,95.69,3.88,98.0,2.0,99.6,0.4
2026-05-29 16:26:56,twist,1,2065,success,18,0.4452,0.8125,0,95.69,3.87,98.0,2.0,99.6,0.4
2026-05-29 16:27:06,twist,1,2066,success,10,0.7572,0.6679,0,95.69,3.87,98.0,2.0,99.6,0.4
2026-05-29 16:27:16,twist,1,2067,success,10,0.8271,0.9633,0,95.69,3.87,98.0,2.0,99.6,0.4
2026-05-29 16:27:22,twist,1,2068,success,4,0.9246,1.462,0,95.7,3.87,98.0,2.0,99.6,0.4
2026-05-29 16:27:35,twist,1,2069,success,14,0.4371,1.1055,0,95.7,3.87,98.0,2.0,99.6,0.4
2026-05-29 16:27:42,twist,1,2070,success,6,0.8272,1.3337,0,95.7,3.86,99.0,1.0,99.6,0.4
2026-05-29 16:27:55,twist,1,2071,success,14,0.7539,0.9625,0,95.7,3.86,99.0,1.0,99.6,0.4
2026-05-29 16:28:10,twist,1,2072,success,16,0.3743,1.3982,0,95.7,3.86,99.0,1.0,99.6,0.4
2026-05-29 16:28:19,twist,1,2073,success,8,0.861,0.7962,0,95.71,3.86,99.0,1.0,99.6,0.4
2026-05-29 16:28:22,twist,1,2074,success,2,1.5933,1.9772,0,95.71,3.86,99.0,1.0,99.6,0.4
2026-05-29 16:28:24,twist,1,2075,success,1,9.7726,2.3238,0,95.71,3.86,99.0,1.0,99.6,0.4
2026-05-29 16:28:31,twist,1,2076,success,5,1.4791,1.773,0,95.71,3.85,99.0,1.0,99.6,0.4
2026-05-29 16:28:43,twist,1,2077,success,12,0.2315,1.687,0,95.71,3.85,99.0,1.0,99.6,0.4
2026-05-29 16:28:58,twist,1,2078,success,16,0.6041,0.8672,0,95.72,3.85,99.0,1.0,99.6,0.4
2026-05-29 16:29:06,twist,1,2079,success,8,1.0777,0.8878,0,95.72,3.85,99.0,1.0,99.6,0.4
2026-05-29 16:29:08,twist,1,2080,success,1,37.7727,2.3156,0,95.72,3.85,99.0,1.0,99.6,0.4
2026-05-29 16:29:23,twist,1,2081,success,15,0.4597,0.807,0,95.72,3.84,99.0,1.0,99.6,0.4
2026-05-29 16:29:37,twist,1,2082,success,14,0.7638,0.6187,0,95.73,3.84,99.0,1.0,99.6,0.4
2026-05-29 16:29:47,twist,1,2083,success,10,0.6887,1.5332,0,95.73,3.84,99.0,1.0,99.6,0.4
2026-05-29 16:29:59,twist,1,2084,success,12,0.4793,0.8881,0,95.73,3.84,99.0,1.0,99.6,0.4
2026-05-29 16:30:15,twist,1,2085,success,16,0.4869,1.0365,0,95.73,3.84,99.0,1.0,99.6,0.4
2026-05-29 16:30:26,twist,1,2086,success,10,0.6852,0.8212,0,95.73,3.84,99.0,1.0,99.6,0.4
2026-05-29 16:30:31,twist,1,2087,success,4,1.1553,1.7091,0,95.74,3.83,99.0,1.0,99.6,0.4
2026-05-29 16:30:35,twist,1,2088,success,2,1.3016,1.8916,0,95.74,3.83,99.0,1.0,99.6,0.4
2026-05-29 16:30:36,twist,1,2089,success,1,78.5199,2.3214,0,95.74,3.83,99.0,1.0,99.6,0.4
2026-05-29 16:30:50,twist,1,2090,success,13,0.8735,0.7196,0,95.74,3.83,99.0,1.0,99.6,0.4
2026-05-29 16:30:58,twist,1,2091,success,8,0.8646,0.8203,0,95.74,3.83,99.0,1.0,99.6,0.4
2026-05-29 16:31:12,twist,1,2092,success,14,0.2675,1.5951,0,95.75,3.82,99.0,1.0,99.6,0.4
2026-05-29 16:31:25,twist,1,2093,success,12,0.7756,0.8881,0,95.75,3.82,99.0,1.0,99.6,0.4
2026-05-29 16:31:35,twist,1,2094,success,10,0.6256,1.432,0,95.75,3.82,99.0,1.0,99.6,0.4
2026-05-29 16:31:49,twist,1,2095,success,14,0.6995,0.8944,0,95.75,3.82,99.0,1.0,99.6,0.4
2026-05-29 16:31:58,twist,1,2096,success,10,0.2653,1.3997,0,95.75,3.82,99.0,1.0,99.6,0.4
2026-05-29 16:32:11,twist,1,2097,success,12,0.7158,0.8894,0,95.76,3.81,99.0,1.0,99.6,0.4
2026-05-29 16:32:21,twist,1,2098,success,10,0.4645,1.0531,0,95.76,3.81,99.0,1.0,99.6,0.4
2026-05-29 16:32:36,twist,1,2099,success,14,0.5959,0.7275,0,95.76,3.81,99.0,1.0,99.6,0.4
2026-05-29 16:32:46,twist,1,2100,success,10,0.6405,1.2637,0,95.76,3.81,99.0,1.0,99.6,0.4
2026-05-29 16:32:58,twist,1,2101,success,12,0.9053,0.5407,0,95.76,3.81,99.0,1.0,99.6,0.4
2026-05-29 16:33:08,twist,1,2102,success,10,0.4843,1.4091,0,95.77,3.81,99.0,1.0,99.6,0.4
2026-05-29 16:33:15,twist,1,2103,success,6,1.0161,0.878,0,95.77,3.8,99.0,1.0,99.6,0.4
2026-05-29 16:33:33,twist,1,2104,success,18,0.4459,0.7317,0,95.77,3.8,99.0,1.0,99.6,0.4
2026-05-29 16:33:42,twist,1,2105,success,8,0.3969,1.4295,0,95.77,3.8,99.0,1.0,99.6,0.4
2026-05-29 16:33:54,twist,1,2106,success,12,0.562,0.7043,0,95.77,3.8,99.0,1.0,99.6,0.4
2026-05-29 16:34:17,twist,1,2107,success,24,0.5142,0.5996,0,95.78,3.8,99.0,1.0,99.6,0.4
2026-05-29 16:34:28,twist,1,2108,success,10,0.6724,0.9255,0,95.78,3.8,99.0,1.0,99.6,0.4
2026-05-29 16:34:39,twist,1,2109,success,12,0.5586,0.9533,0,95.78,3.79,100.0,0.0,99.6,0.4
2026-05-29 16:34:56,twist,1,2110,success,18,0.5702,0.7308,0,95.78,3.79,100.0,0.0,99.6,0.4
2026-05-29 16:35:06,twist,1,2111,success,10,0.759,0.6556,0,95.78,3.79,100.0,0.0,99.6,0.4
2026-05-29 16:35:18,twist,1,2112,success,12,0.5677,0.8069,0,95.79,3.79,100.0,0.0,99.6,0.4
2026-05-29 16:35:25,twist,1,2113,success,6,0.8944,1.0859,0,95.79,3.79,100.0,0.0,99.6,0.4
2026-05-29 16:35:34,twist,1,2114,success,8,1.092,0.9203,0,95.79,3.78,100.0,0.0,99.6,0.4
2026-05-29 16:35:41,twist,1,2115,success,6,1.0379,1.1402,0,95.79,3.78,100.0,0.0,99.6,0.4
2026-05-29 16:35:50,twist,1,2116,success,11,0.7267,1.5457,0,95.79,3.78,100.0,0.0,99.6,0.4
2026-05-29 16:35:59,twist,1,2117,success,7,1.1967,1.8807,0,95.8,3.78,100.0,0.0,99.6,0.4
2026-05-29 16:36:14,twist,1,2118,success,16,0.4965,1.0348,0,95.8,3.78,100.0,0.0,99.6,0.4
2026-05-29 16:36:34,twist,1,2119,success,22,0.3875,0.7042,0,95.8,3.78,100.0,0.0,99.6,0.4
2026-05-29 16:36:42,twist,1,2120,success,8,0.8711,1.0768,0,95.8,3.77,100.0,0.0,99.6,0.4
2026-05-29 16:36:54,twist,1,2121,success,12,0.6208,0.9905,0,95.8,3.77,100.0,0.0,99.6,0.4
2026-05-29 16:37:11,twist,1,2122,success,18,0.7878,0.6996,0,95.81,3.77,100.0,0.0,99.6,0.4
2026-05-29 16:37:27,twist,1,2123,success,16,0.7922,0.617,0,95.81,3.77,100.0,0.0,99.6,0.4
2026-05-29 16:37:40,twist,1,2124,success,14,0.7593,0.6976,0,95.81,3.77,100.0,0.0,99.6,0.4
2026-05-29 16:37:55,twist,1,2125,success,16,0.5562,0.7926,0,95.81,3.76,100.0,0.0,99.6,0.4
2026-05-29 16:37:58,twist,1,2126,success,2,1.1358,1.8539,0,95.81,3.76,100.0,0.0,99.6,0.4
2026-05-29 16:38:17,twist,1,2127,success,20,0.278,1.0798,0,95.82,3.76,100.0,0.0,99.6,0.4
2026-05-29 16:38:31,twist,1,2128,success,14,0.659,0.5238,0,95.82,3.76,100.0,0.0,99.6,0.4
2026-05-29 16:38:49,twist,1,2129,success,20,0.484,0.6491,0,95.82,3.76,100.0,0.0,99.6,0.4
2026-05-29 16:39:05,twist,1,2130,success,16,0.6452,0.8075,0,95.82,3.76,100.0,0.0,99.6,0.4
2026-05-29 16:39:14,twist,1,2131,success,8,0.9697,0.7546,0,95.82,3.75,100.0,0.0,99.6,0.4
2026-05-29 16:39:29,twist,1,2132,success,16,0.8137,0.5255,0,95.83,3.75,100.0,0.0,99.6,0.4
2026-05-29 16:39:47,twist,1,2133,success,18,0.4908,0.7897,0,95.83,3.75,100.0,0.0,99.6,0.4
2026-05-29 16:39:55,twist,1,2134,success,8,0.5947,1.2386,0,95.83,3.75,100.0,0.0,99.6,0.4
2026-05-29 16:40:05,twist,1,2135,success,10,0.7104,0.9689,0,95.83,3.75,100.0,0.0,99.6,0.4
2026-05-29 16:40:14,twist,1,2136,success,8,0.8228,0.6321,0,95.83,3.75,100.0,0.0,99.6,0.4
2026-05-29 16:40:28,twist,1,2137,success,14,0.6005,0.9447,0,95.84,3.74,100.0,0.0,99.6,0.4
2026-05-29 16:40:47,twist,1,2138,success,20,0.4792,0.8807,0,95.84,3.74,100.0,0.0,99.6,0.4
2026-05-29 16:40:55,twist,1,2139,success,8,0.5951,1.2836,0,95.84,3.74,100.0,0.0,99.6,0.4
2026-05-29 16:41:09,twist,1,2140,success,16,0.7684,0.6402,0,95.84,3.74,100.0,0.0,99.6,0.4
2026-05-29 16:41:18,twist,1,2141,success,8,0.8491,0.7463,0,95.84,3.74,100.0,0.0,99.6,0.4
2026-05-29 16:41:29,twist,1,2142,success,11,0.8744,1.4861,0,95.85,3.73,100.0,0.0,99.6,0.4
2026-05-29 16:41:43,twist,1,2143,success,13,0.8313,0.7474,0,95.85,3.73,100.0,0.0,99.6,0.4
2026-05-29 16:41:56,twist,1,2144,success,14,0.4332,1.0267,0,95.85,3.73,100.0,0.0,99.6,0.4
2026-05-29 16:41:58,twist,1,2145,success,1,262.0199,2.3058,0,95.85,3.73,100.0,0.0,99.6,0.4
2026-05-29 16:42:15,twist,1,2146,success,17,0.7267,0.7643,0,95.85,3.73,100.0,0.0,99.6,0.4
2026-05-29 16:42:23,twist,1,2147,success,6,0.7557,0.8998,0,95.85,3.73,100.0,0.0,99.6,0.4
2026-05-29 16:42:36,twist,1,2148,success,14,0.7424,0.745,0,95.86,3.72,100.0,0.0,99.6,0.4
2026-05-29 16:42:41,twist,1,2149,success,4,1.1195,1.6154,0,95.86,3.72,100.0,0.0,99.6,0.4
2026-05-29 16:42:56,twist,1,2150,success,16,0.5878,0.9682,0,95.86,3.72,100.0,0.0,99.6,0.4
2026-05-29 16:42:58,twist,1,2151,success,1,247.3036,2.314,0,95.86,3.72,100.0,0.0,99.6,0.4
2026-05-29 16:43:08,twist,1,2152,success,9,0.926,0.8159,0,95.86,3.72,100.0,0.0,99.6,0.4
2026-05-29 16:43:22,twist,1,2153,success,14,0.8845,0.5318,0,95.87,3.72,100.0,0.0,99.6,0.4
2026-05-29 16:43:30,twist,1,2154,success,8,0.9547,0.9397,0,95.87,3.71,100.0,0.0,99.6,0.4
2026-05-29 16:43:43,twist,1,2155,success,13,0.7583,0.9836,0,95.87,3.71,100.0,0.0,99.6,0.4
2026-05-29 16:43:52,twist,1,2156,success,9,0.8191,1.3287,0,95.87,3.71,100.0,0.0,99.6,0.4
2026-05-29 16:43:59,twist,1,2157,success,6,0.9652,1.0532,0,95.87,3.71,100.0,0.0,99.6,0.4
2026-05-29 16:44:08,twist,1,2158,success,8,0.8522,1.1877,0,95.88,3.71,100.0,0.0,99.6,0.4
2026-05-29 16:44:18,twist,1,2159,success,10,0.6847,0.8778,0,95.88,3.71,100.0,0.0,99.6,0.4
2026-05-29 16:44:28,twist,1,2160,success,11,0.6567,1.5058,0,95.88,3.7,100.0,0.0,99.6,0.4
2026-05-29 16:44:38,twist,1,2161,success,9,0.7886,1.55,0,95.88,3.7,100.0,0.0,99.6,0.4
2026-05-29 16:44:47,twist,1,2162,success,8,0.8187,1.1656,0,95.88,3.7,100.0,0.0,99.6,0.4
2026-05-29 16:45:02,twist,1,2163,success,16,0.1837,1.197,0,95.89,3.7,100.0,0.0,99.6,0.4
2026-05-29 16:45:15,twist,1,2164,success,12,0.3941,1.3809,0,95.89,3.7,100.0,0.0,99.6,0.4
2026-05-29 16:45:20,twist,1,2165,success,4,1.0504,1.318,0,95.89,3.7,100.0,0.0,99.6,0.4
2026-05-29 16:45:34,twist,1,2166,success,14,0.6416,0.6449,0,95.89,3.69,100.0,0.0,99.6,0.4
2026-05-29 16:45:50,twist,1,2167,success,16,0.4004,1.1387,0,95.89,3.69,100.0,0.0,99.6,0.4
2026-05-29 16:46:12,twist,1,2168,success,22,0.2471,0.6293,0,95.89,3.69,100.0,0.0,99.6,0.4
2026-05-29 16:46:21,twist,1,2169,success,8,0.7685,0.9287,0,95.9,3.69,100.0,0.0,99.6,0.4
2026-05-29 16:46:36,twist,1,2170,success,16,0.6719,0.5146,0,95.9,3.69,100.0,0.0,99.6,0.4
2026-05-29 16:46:40,twist,1,2171,success,4,1.29,1.6007,0,95.9,3.68,100.0,0.0,99.6,0.4
2026-05-29 16:47:03,twist,1,2172,success,26,0.4117,0.8196,0,95.9,3.68,100.0,0.0,99.6,0.4
2026-05-29 16:47:15,twist,1,2173,success,12,0.3528,1.6897,0,95.9,3.68,100.0,0.0,99.6,0.4
2026-05-29 16:47:24,twist,1,2174,success,8,0.8323,1.5169,0,95.91,3.68,100.0,0.0,99.6,0.4
2026-05-29 16:47:35,twist,1,2175,success,12,0.8645,0.8633,0,95.91,3.68,100.0,0.0,99.6,0.4
2026-05-29 16:47:49,twist,1,2176,success,14,0.3775,1.1884,0,95.91,3.68,100.0,0.0,99.6,0.4
2026-05-29 16:48:05,twist,1,2177,success,18,0.3838,0.7647,0,95.91,3.67,100.0,0.0,99.6,0.4
2026-05-29 16:48:17,twist,1,2178,success,12,0.7625,0.6966,0,95.91,3.67,100.0,0.0,99.6,0.4
2026-05-29 16:48:32,twist,1,2179,success,14,0.6417,0.7827,0,95.92,3.67,100.0,0.0,99.6,0.4
2026-05-29 16:48:41,twist,1,2180,success,8,0.8765,0.6385,0,95.92,3.67,100.0,0.0,99.6,0.4
2026-05-29 16:48:50,twist,1,2181,success,10,0.4835,1.307,0,95.92,3.67,100.0,0.0,99.6,0.4
2026-05-29 16:49:03,twist,1,2182,success,12,0.5883,1.2635,0,95.92,3.67,100.0,0.0,99.6,0.4
2026-05-29 16:49:17,twist,1,2183,success,14,0.3541,1.1966,0,95.92,3.66,100.0,0.0,99.6,0.4
2026-05-29 16:49:34,twist,1,2184,success,18,0.4087,0.8523,0,95.92,3.66,100.0,0.0,99.6,0.4
2026-05-29 16:49:38,twist,1,2185,success,2,1.0394,1.9349,0,95.93,3.66,100.0,0.0,99.6,0.4
2026-05-29 16:49:50,twist,1,2186,success,12,0.4849,1.3473,0,95.93,3.66,100.0,0.0,99.6,0.4
2026-05-29 16:50:06,twist,1,2187,success,16,0.4885,0.7247,0,95.93,3.66,100.0,0.0,99.6,0.4
2026-05-29 16:50:27,twist,1,2188,success,22,0.4113,0.5308,0,95.93,3.66,100.0,0.0,99.6,0.4
2026-05-29 16:50:33,twist,1,2189,success,6,0.9481,1.308,0,95.93,3.65,100.0,0.0,99.6,0.4
2026-05-29 16:50:41,twist,1,2190,success,8,0.7411,1.8736,0,95.94,3.65,100.0,0.0,99.6,0.4
2026-05-29 16:50:56,twist,1,2191,success,16,0.6348,0.6505,0,95.94,3.65,100.0,0.0,99.6,0.4
2026-05-29 16:51:14,twist,1,2192,success,18,0.6743,0.4415,0,95.94,3.65,100.0,0.0,99.6,0.4
2026-05-29 16:51:24,twist,1,2193,success,10,0.3725,1.2784,0,95.94,3.65,100.0,0.0,99.6,0.4
2026-05-29 16:51:30,twist,1,2194,success,6,0.9741,1.7312,0,95.94,3.65,100.0,0.0,99.6,0.4
2026-05-29 16:51:32,twist,1,2195,success,1,276.2801,2.3189,0,95.95,3.64,100.0,0.0,99.6,0.4
2026-05-29 16:51:40,twist,1,2196,success,7,0.8988,1.5413,0,95.95,3.64,100.0,0.0,99.6,0.4
2026-05-29 16:51:41,twist,1,2197,success,1,26.3968,2.3137,0,95.95,3.64,100.0,0.0,99.6,0.4
2026-05-29 16:51:57,twist,1,2198,success,15,0.7595,0.383,0,95.95,3.64,100.0,0.0,99.6,0.4
2026-05-29 16:52:18,twist,1,2199,success,22,0.3917,0.6501,0,95.95,3.64,100.0,0.0,99.6,0.4
2026-05-29 16:52:28,twist,1,2200,success,11,1.0142,0.8869,0,95.95,3.64,100.0,0.0,99.6,0.4
2026-05-29 16:52:35,twist,1,2201,success,6,1.2118,1.9632,0,95.96,3.63,100.0,0.0,99.6,0.4
2026-05-29 16:52:51,twist,1,2202,success,15,1.0,0.8585,0,95.96,3.63,100.0,0.0,99.6,0.4
2026-05-29 16:53:09,twist,1,2203,success,18,0.3513,0.9709,0,95.96,3.63,100.0,0.0,99.6,0.4
2026-05-29 16:53:20,twist,1,2204,success,12,0.4704,1.5749,0,95.96,3.63,100.0,0.0,99.6,0.4
2026-05-29 16:53:30,twist,1,2205,success,10,0.8252,1.2521,0,95.96,3.63,100.0,0.0,99.6,0.4
2026-05-29 16:53:32,twist,1,2206,success,1,50.0891,2.316,0,95.97,3.63,100.0,0.0,99.6,0.4
2026-05-29 16:53:42,twist,1,2207,success,9,0.9715,0.8532,0,95.97,3.62,100.0,0.0,99.6,0.4
2026-05-29 16:53:54,twist,1,2208,success,12,0.4966,1.1071,0,95.97,3.62,100.0,0.0,99.6,0.4
2026-05-29 16:54:06,twist,1,2209,success,12,0.4829,1.3426,0,95.97,3.62,100.0,0.0,99.6,0.4
2026-05-29 16:54:19,twist,1,2210,success,12,0.6735,0.6843,0,95.97,3.62,100.0,0.0,99.6,0.4
2026-05-29 16:54:30,twist,1,2211,success,10,0.6323,0.7884,0,95.97,3.62,100.0,0.0,99.6,0.4
2026-05-29 16:54:37,twist,1,2212,success,6,0.8719,1.0759,0,95.98,3.62,100.0,0.0,99.6,0.4
2026-05-29 16:54:49,twist,1,2213,success,12,0.7809,0.97,0,95.98,3.62,100.0,0.0,99.6,0.4
2026-05-29 16:54:54,twist,1,2214,success,4,1.2701,1.8726,0,95.98,3.61,100.0,0.0,99.6,0.4
2026-05-29 16:55:13,twist,1,2215,success,21,0.5994,1.2028,0,95.98,3.61,100.0,0.0,99.6,0.4
2026-05-29 16:55:21,twist,1,2216,success,7,0.9188,1.5095,0,95.98,3.61,100.0,0.0,99.6,0.4
2026-05-29 16:55:39,twist,1,2217,success,18,0.4462,0.8492,0,95.99,3.61,100.0,0.0,99.6,0.4
2026-05-29 16:55:41,twist,1,2218,success,1,636.9215,2.3185,0,95.99,3.61,100.0,0.0,99.6,0.4
2026-05-29 16:55:56,twist,1,2219,success,15,0.9642,0.4442,0,95.99,3.61,100.0,0.0,99.6,0.4
2026-05-29 16:56:17,twist,1,2220,success,22,0.6632,0.3254,0,95.99,3.6,100.0,0.0,99.6,0.4
2026-05-29 16:56:27,twist,1,2221,success,10,0.3463,0.9791,0,95.99,3.6,100.0,0.0,99.6,0.4
2026-05-29 16:56:37,twist,1,2222,success,10,0.4893,1.2716,0,95.99,3.6,100.0,0.0,99.6,0.4
2026-05-29 16:56:45,twist,1,2223,success,8,0.8852,0.6966,0,96.0,3.6,100.0,0.0,99.6,0.4
2026-05-29 16:56:58,twist,1,2224,success,12,0.8961,0.5851,0,96.0,3.6,100.0,0.0,99.6,0.4
2026-05-29 16:57:05,twist,1,2225,success,6,1.1518,1.3061,0,96.0,3.6,100.0,0.0,99.6,0.4
2026-05-29 16:57:12,twist,1,2226,success,6,1.0451,1.4538,0,96.0,3.59,100.0,0.0,99.6,0.4
2026-05-29 16:57:18,twist,1,2227,success,6,0.933,1.6086,0,96.0,3.59,100.0,0.0,99.6,0.4
2026-05-29 16:57:28,twist,1,2228,success,10,0.9783,0.7302,0,96.01,3.59,100.0,0.0,99.6,0.4
2026-05-29 16:57:44,twist,1,2229,success,16,0.746,0.5109,0,96.01,3.59,100.0,0.0,99.6,0.4
2026-05-29 16:57:56,twist,1,2230,success,12,0.4023,1.2099,0,96.01,3.59,100.0,0.0,99.6,0.4
2026-05-29 16:58:09,twist,1,2231,success,12,0.2757,1.6008,0,96.01,3.59,100.0,0.0,99.6,0.4
2026-05-29 16:58:15,twist,1,2232,success,6,1.0135,1.4719,0,96.01,3.58,100.0,0.0,99.6,0.4
2026-05-29 16:58:22,twist,1,2233,success,6,1.1335,1.2087,0,96.01,3.58,100.0,0.0,99.6,0.4
2026-05-29 16:58:34,twist,1,2234,success,12,0.4963,1.1724,0,96.02,3.58,100.0,0.0,99.6,0.4
2026-05-29 16:58:42,twist,1,2235,success,8,0.6773,1.1744,0,96.02,3.58,100.0,0.0,99.6,0.4
2026-05-29 16:58:53,twist,1,2236,success,10,0.7105,1.1711,0,96.02,3.58,100.0,0.0,99.6,0.4
2026-05-29 16:59:01,twist,1,2237,success,8,0.7162,1.1241,0,96.02,3.58,100.0,0.0,99.6,0.4
2026-05-29 16:59:06,twist,1,2238,success,4,1.2621,1.6471,0,96.02,3.57,100.0,0.0,99.6,0.4
2026-05-29 16:59:20,twist,1,2239,success,14,0.8319,0.636,0,96.03,3.57,100.0,0.0,99.6,0.4
2026-05-29 16:59:37,twist,1,2240,success,18,0.5588,0.7825,0,96.03,3.57,100.0,0.0,99.6,0.4
2026-05-29 16:59:50,twist,1,2241,success,14,0.8215,0.8601,0,96.03,3.57,100.0,0.0,99.6,0.4
2026-05-29 16:59:57,twist,1,2242,success,6,0.4322,1.8328,0,96.03,3.57,100.0,0.0,99.6,0.4
2026-05-29 17:00:16,twist,1,2243,success,20,0.9456,0.5291,0,96.03,3.57,100.0,0.0,99.6,0.4
2026-05-29 17:00:21,twist,1,2244,success,4,1.0396,1.6497,0,96.03,3.57,100.0,0.0,99.6,0.4
2026-05-29 17:00:32,twist,1,2245,success,12,0.3101,1.2616,0,96.04,3.56,100.0,0.0,99.6,0.4
2026-05-29 17:00:50,twist,1,2246,success,18,0.5302,1.104,0,96.04,3.56,100.0,0.0,99.6,0.4
2026-05-29 17:01:07,twist,1,2247,success,18,0.3332,1.2568,0,96.04,3.56,100.0,0.0,99.6,0.4
2026-05-29 17:01:23,twist,1,2248,success,16,0.6366,0.7619,0,96.04,3.56,100.0,0.0,99.6,0.4
2026-05-29 17:01:34,twist,1,2249,success,10,0.5619,1.2513,0,96.04,3.56,100.0,0.0,99.6,0.4
2026-05-29 17:01:46,twist,1,2250,success,12,1.0509,0.7272,0,96.04,3.56,100.0,0.0,99.6,0.4
2026-05-29 17:01:54,twist,1,2251,success,9,0.8931,1.3684,0,96.05,3.55,100.0,0.0,99.6,0.4
2026-05-29 17:02:06,twist,1,2252,success,11,0.6256,1.1868,0,96.05,3.55,100.0,0.0,99.6,0.4
2026-05-29 17:02:13,twist,1,2253,success,6,0.6894,1.3134,0,96.05,3.55,100.0,0.0,99.6,0.4
2026-05-29 17:02:18,twist,1,2254,success,4,0.9155,2.0035,0,96.05,3.55,100.0,0.0,99.6,0.4
2026-05-29 17:02:31,twist,1,2255,success,14,0.7793,0.5638,0,96.05,3.55,100.0,0.0,99.6,0.4
2026-05-29 17:02:43,twist,1,2256,success,12,0.5852,1.0927,0,96.05,3.55,100.0,0.0,99.6,0.4
2026-05-29 17:02:58,twist,1,2257,success,16,1.0485,0.6397,0,96.06,3.54,100.0,0.0,99.6,0.4
2026-05-29 17:03:05,twist,1,2258,success,6,1.122,1.4256,0,96.06,3.54,100.0,0.0,99.6,0.4
2026-05-29 17:03:18,twist,1,2259,success,14,0.7871,0.5224,0,96.06,3.54,100.0,0.0,99.6,0.4
2026-05-29 17:03:38,twist,1,2260,success,20,0.3537,1.232,0,96.06,3.54,100.0,0.0,99.6,0.4
2026-05-29 17:03:50,twist,1,2261,success,12,0.9738,0.8199,0,96.06,3.54,100.0,0.0,99.6,0.4
2026-05-29 17:04:03,twist,1,2262,success,12,0.4644,0.7026,0,96.07,3.54,100.0,0.0,99.6,0.4
2026-05-29 17:04:25,twist,1,2263,success,24,0.2688,0.997,0,96.07,3.54,100.0,0.0,99.6,0.4
2026-05-29 17:04:42,twist,1,2264,success,18,0.2396,1.1626,0,96.07,3.53,100.0,0.0,99.6,0.4
2026-05-29 17:04:50,twist,1,2265,success,8,0.8509,0.6753,0,96.07,3.53,100.0,0.0,99.6,0.4
2026-05-29 17:05:08,twist,1,2266,success,18,0.7279,0.6837,0,96.07,3.53,100.0,0.0,99.6,0.4
2026-05-29 17:05:19,twist,1,2267,success,10,0.9313,1.1327,0,96.07,3.53,100.0,0.0,99.6,0.4
2026-05-29 17:05:39,twist,1,2268,success,20,0.447,0.4935,0,96.08,3.53,100.0,0.0,99.6,0.4
2026-05-29 17:05:47,twist,1,2269,success,8,0.3539,1.399,0,96.08,3.53,100.0,0.0,99.6,0.4
2026-05-29 17:06:04,twist,1,2270,success,18,0.8271,0.7268,0,96.08,3.52,100.0,0.0,99.6,0.4
2026-05-29 17:06:11,twist,1,2271,success,6,1.0134,1.5674,0,96.08,3.52,100.0,0.0,99.6,0.4
2026-05-29 17:06:23,twist,1,2272,success,12,0.4302,1.4397,0,96.08,3.52,100.0,0.0,99.6,0.4
2026-05-29 17:06:38,twist,1,2273,success,14,0.1995,1.0156,0,96.08,3.52,100.0,0.0,99.6,0.4
2026-05-29 17:06:44,twist,1,2274,success,6,1.1865,1.9067,0,96.09,3.52,100.0,0.0,99.6,0.4
2026-05-29 17:06:56,twist,1,2275,success,12,0.6444,1.0501,0,96.09,3.52,100.0,0.0,99.6,0.4
2026-05-29 17:07:16,twist,1,2276,success,14,0.8048,0.6645,0,96.09,3.51,100.0,0.0,99.6,0.4
2026-05-29 17:07:27,twist,1,2277,success,10,0.3979,1.2681,0,96.09,3.51,100.0,0.0,99.6,0.4
2026-05-29 17:07:37,twist,1,2278,success,10,1.075,0.9336,0,96.09,3.51,100.0,0.0,99.6,0.4
2026-05-29 17:07:38,twist,1,2279,success,1,8.6565,2.3283,0,96.09,3.51,100.0,0.0,99.6,0.4
2026-05-29 17:07:47,twist,1,2280,success,7,0.5919,1.7659,0,96.1,3.51,100.0,0.0,99.6,0.4
2026-05-29 17:08:07,twist,1,2281,success,20,0.362,0.5323,0,96.1,3.51,100.0,0.0,99.6,0.4
2026-05-29 17:08:19,twist,1,2282,success,10,0.841,1.168,0,96.1,3.51,100.0,0.0,99.6,0.4
2026-05-29 17:08:31,twist,1,2283,success,12,0.3554,1.0607,0,96.1,3.5,100.0,0.0,99.6,0.4
2026-05-29 17:08:49,twist,1,2284,success,18,0.3523,0.787,0,96.1,3.5,100.0,0.0,99.6,0.4
2026-05-29 17:09:03,twist,1,2285,success,14,0.2973,1.0999,0,96.11,3.5,100.0,0.0,99.6,0.4
2026-05-29 17:09:19,twist,1,2286,success,16,0.2274,1.5055,0,96.11,3.5,100.0,0.0,99.6,0.4
2026-05-29 17:09:36,twist,1,2287,success,16,0.443,0.7804,0,96.11,3.5,100.0,0.0,99.6,0.4
2026-05-29 17:09:39,twist,1,2288,success,2,1.045,1.9116,0,96.11,3.5,100.0,0.0,99.6,0.4
2026-05-29 17:09:50,twist,1,2289,success,10,0.7566,0.5306,0,96.11,3.49,100.0,0.0,99.6,0.4
2026-05-29 17:09:51,twist,1,2290,success,1,27.5091,2.3263,0,96.11,3.49,100.0,0.0,99.6,0.4
2026-05-29 17:09:57,twist,1,2291,success,3,0.8038,1.8683,0,96.12,3.49,100.0,0.0,99.6,0.4
2026-05-29 17:10:05,twist,1,2292,success,8,0.8931,1.6694,0,96.12,3.49,100.0,0.0,99.6,0.4
2026-05-29 17:10:21,twist,1,2293,success,16,0.5787,0.3164,0,96.12,3.49,100.0,0.0,99.6,0.4
2026-05-29 17:10:31,twist,1,2294,success,9,1.1044,1.0689,0,96.12,3.49,100.0,0.0,99.6,0.4
2026-05-29 17:10:43,twist,1,2295,success,11,0.9527,0.4648,0,96.12,3.49,100.0,0.0,99.6,0.4
2026-05-29 17:10:59,twist,1,2296,success,16,0.2628,1.07,0,96.12,3.48,100.0,0.0,99.6,0.4
2026-05-29 17:11:08,twist,1,2297,success,8,0.8691,0.6248,0,96.13,3.48,100.0,0.0,99.6,0.4
2026-05-29 17:11:20,twist,1,2298,success,12,0.6831,1.2176,0,96.13,3.48,100.0,0.0,99.6,0.4
2026-05-29 17:11:37,twist,1,2299,success,19,0.5982,1.3088,0,96.13,3.48,100.0,0.0,99.6,0.4
2026-05-29 17:11:46,twist,1,2300,success,7,0.8254,1.2187,0,96.13,3.48,100.0,0.0,99.6,0.4
2026-05-29 17:11:58,twist,1,2301,success,12,0.6038,1.0726,0,96.13,3.48,100.0,0.0,99.6,0.4
2026-05-29 17:12:01,twist,1,2302,success,3,1.8475,1.9341,0,96.13,3.48,100.0,0.0,99.6,0.4
2026-05-29 17:12:21,twist,1,2303,success,19,0.7593,0.8091,0,96.14,3.47,100.0,0.0,99.6,0.4
2026-05-29 17:12:33,twist,1,2304,success,12,0.9833,0.6949,0,96.14,3.47,100.0,0.0,99.6,0.4
2026-05-29 17:12:55,twist,1,2305,success,22,0.4325,0.5087,0,96.14,3.47,100.0,0.0,99.6,0.4
2026-05-29 17:13:08,twist,1,2306,success,14,0.8018,0.6826,0,96.14,3.47,100.0,0.0,99.6,0.4
2026-05-29 17:13:20,twist,1,2307,success,12,0.3757,1.3918,0,96.14,3.47,100.0,0.0,99.6,0.4
2026-05-29 17:13:30,twist,1,2308,success,10,0.4064,1.2437,0,96.14,3.47,100.0,0.0,99.6,0.4
2026-05-29 17:13:49,twist,1,2309,success,20,0.6797,0.653,0,96.15,3.46,100.0,0.0,99.6,0.4
2026-05-29 17:14:01,twist,1,2310,success,10,0.7926,0.6379,0,96.15,3.46,100.0,0.0,99.6,0.4
2026-05-29 17:14:08,twist,1,2311,success,6,0.5345,1.9342,0,96.15,3.46,100.0,0.0,99.6,0.4
2026-05-29 17:14:23,twist,1,2312,success,16,0.5574,1.0099,0,96.15,3.46,100.0,0.0,99.6,0.4
2026-05-29 17:14:30,twist,1,2313,success,6,1.033,1.325,0,96.15,3.46,100.0,0.0,99.6,0.4
2026-05-29 17:14:38,twist,1,2314,success,8,1.0429,1.142,0,96.15,3.46,100.0,0.0,99.6,0.4
2026-05-29 17:14:45,twist,1,2315,success,6,0.869,1.2656,0,96.16,3.46,100.0,0.0,99.6,0.4
2026-05-29 17:14:57,twist,1,2316,success,12,0.563,1.0363,0,96.16,3.45,100.0,0.0,99.6,0.4
2026-05-29 17:15:19,twist,1,2317,success,22,0.4898,0.8508,0,96.16,3.45,100.0,0.0,99.6,0.4
2026-05-29 17:15:36,twist,1,2318,success,16,0.7574,0.9234,0,96.16,3.45,100.0,0.0,99.6,0.4
2026-05-29 17:15:46,twist,1,2319,success,10,0.4131,1.2982,0,96.16,3.45,100.0,0.0,99.6,0.4
2026-05-29 17:16:02,twist,1,2320,success,16,0.2069,1.2219,0,96.16,3.45,100.0,0.0,99.6,0.4
2026-05-29 17:16:13,twist,1,2321,success,10,0.7512,1.0649,0,96.17,3.45,100.0,0.0,99.6,0.4
2026-05-29 17:16:29,twist,1,2322,success,16,0.6701,0.892,0,96.17,3.45,100.0,0.0,99.6,0.4
2026-05-29 17:16:31,twist,1,2323,success,1,281.9415,2.3131,0,96.17,3.44,100.0,0.0,99.6,0.4
2026-05-29 17:16:40,twist,1,2324,success,7,0.98,1.4637,0,96.17,3.44,100.0,0.0,99.6,0.4
2026-05-29 17:16:41,twist,1,2325,success,1,281.93,2.3205,0,96.17,3.44,100.0,0.0,99.6,0.4
2026-05-29 17:16:53,twist,1,2326,success,11,0.2679,1.815,0,96.17,3.44,100.0,0.0,99.6,0.4
2026-05-29 17:17:06,twist,1,2327,success,12,0.4544,1.4318,0,96.18,3.44,100.0,0.0,99.6,0.4
2026-05-29 17:17:16,twist,1,2328,success,10,0.9032,0.5205,0,96.18,3.44,100.0,0.0,99.6,0.4
2026-05-29 17:17:26,twist,1,2329,success,10,0.366,1.7349,0,96.18,3.43,100.0,0.0,99.6,0.4
2026-05-29 17:17:29,twist,1,2330,success,2,0.8642,1.8043,0,96.18,3.43,100.0,0.0,99.6,0.4
2026-05-29 17:17:39,twist,1,2331,success,10,0.5653,1.2893,0,96.18,3.43,100.0,0.0,99.6,0.4
2026-05-29 17:17:42,twist,1,2332,success,2,1.6233,1.943,0,96.18,3.43,100.0,0.0,99.6,0.4
2026-05-29 17:17:44,twist,1,2333,success,1,10.5639,2.3171,0,96.19,3.43,100.0,0.0,99.6,0.4
2026-05-29 17:18:00,twist,1,2334,success,15,0.9584,0.5268,0,96.19,3.43,100.0,0.0,99.6,0.4
2026-05-29 17:18:17,twist,1,2335,success,18,0.7555,0.5402,0,96.19,3.43,100.0,0.0,99.6,0.4
2026-05-29 17:18:26,twist,1,2336,success,8,0.6101,1.3556,0,96.19,3.42,100.0,0.0,99.6,0.4
2026-05-29 17:18:40,twist,1,2337,success,14,0.7297,0.924,0,96.19,3.42,100.0,0.0,99.6,0.4
2026-05-29 17:18:55,twist,1,2338,success,14,0.8258,0.6902,0,96.19,3.42,100.0,0.0,99.6,0.4
2026-05-29 17:19:14,twist,1,2339,success,20,0.8869,0.4865,0,96.19,3.42,100.0,0.0,99.6,0.4
2026-05-29 17:19:23,twist,1,2340,success,8,0.6916,0.7867,0,96.2,3.42,100.0,0.0,99.6,0.4
2026-05-29 17:19:46,twist,1,2341,success,24,0.2766,0.6226,0,96.2,3.42,100.0,0.0,99.6,0.4
2026-05-29 17:19:55,twist,1,2342,success,8,0.8136,0.6605,0,96.2,3.42,100.0,0.0,99.6,0.4
2026-05-29 17:20:12,twist,1,2343,success,16,0.4347,0.9379,0,96.2,3.41,100.0,0.0,99.6,0.4
2026-05-29 17:20:26,twist,1,2344,success,14,0.8434,0.5995,0,96.2,3.41,100.0,0.0,99.6,0.4
2026-05-29 17:20:40,twist,1,2345,success,15,0.2643,1.0864,0,96.2,3.41,100.0,0.0,99.6,0.4
2026-05-29 17:20:52,twist,1,2346,success,11,0.7759,1.0361,0,96.21,3.41,100.0,0.0,99.6,0.4
2026-05-29 17:21:00,twist,1,2347,success,8,0.9926,1.1766,0,96.21,3.41,100.0,0.0,99.6,0.4
2026-05-29 17:21:13,twist,1,2348,success,12,0.9858,0.8076,0,96.21,3.41,100.0,0.0,99.6,0.4
2026-05-29 17:21:19,twist,1,2349,success,6,0.9525,1.1442,0,96.21,3.41,100.0,0.0,99.6,0.4
2026-05-29 17:21:28,twist,1,2350,success,8,0.9466,0.6751,0,96.21,3.4,100.0,0.0,99.6,0.4
2026-05-29 17:21:38,twist,1,2351,success,10,0.8587,0.5931,0,96.21,3.4,100.0,0.0,99.6,0.4
2026-05-29 17:21:51,twist,1,2352,success,12,0.7437,0.8567,0,96.22,3.4,100.0,0.0,99.6,0.4
2026-05-29 17:22:05,twist,1,2353,success,12,0.6071,0.8043,0,96.22,3.4,100.0,0.0,99.6,0.4
2026-05-29 17:22:12,twist,1,2354,success,6,1.0998,1.0054,0,96.22,3.4,100.0,0.0,99.6,0.4
2026-05-29 17:22:25,twist,1,2355,success,12,0.538,0.9487,0,96.22,3.4,100.0,0.0,99.6,0.4
2026-05-29 17:22:37,twist,1,2356,success,12,0.7509,0.9455,0,96.22,3.4,100.0,0.0,99.6,0.4
2026-05-29 17:22:51,twist,1,2357,success,14,0.6958,0.844,0,96.22,3.39,100.0,0.0,99.6,0.4
2026-05-29 17:22:56,twist,1,2358,success,4,1.3075,1.4811,0,96.23,3.39,100.0,0.0,99.6,0.4
2026-05-29 17:23:08,twist,1,2359,success,12,0.6287,1.4846,0,96.23,3.39,100.0,0.0,99.6,0.4
2026-05-29 17:23:18,twist,1,2360,success,10,0.6848,1.057,0,96.23,3.39,100.0,0.0,99.6,0.4
2026-05-29 17:23:26,twist,1,2361,success,6,0.8333,0.9515,0,96.23,3.39,100.0,0.0,99.6,0.4
2026-05-29 17:23:33,twist,1,2362,success,6,0.763,0.9255,0,96.23,3.39,100.0,0.0,99.6,0.4
2026-05-29 17:23:49,twist,1,2363,success,16,0.772,0.6579,0,96.23,3.39,100.0,0.0,99.6,0.4
2026-05-29 17:23:50,twist,1,2364,success,1,278.5737,2.3226,0,96.24,3.38,100.0,0.0,99.6,0.4
2026-05-29 17:23:53,twist,1,2365,success,1,30.1087,2.3313,0,96.24,3.38,100.0,0.0,99.6,0.4
2026-05-29 17:24:02,twist,1,2366,success,8,0.6203,1.1027,0,96.24,3.38,100.0,0.0,99.6,0.4
2026-05-29 17:24:14,twist,1,2367,success,10,0.5545,1.1738,0,96.24,3.38,100.0,0.0,99.6,0.4
2026-05-29 17:24:20,twist,1,2368,success,6,0.7202,1.1941,0,96.24,3.38,100.0,0.0,99.6,0.4
2026-05-29 17:24:37,twist,1,2369,success,17,0.6899,0.7176,0,96.24,3.38,100.0,0.0,99.6,0.4
2026-05-29 17:24:51,twist,1,2370,success,13,0.7807,1.2875,0,96.24,3.38,100.0,0.0,99.6,0.4
2026-05-29 17:25:05,twist,1,2371,success,14,0.4381,0.8947,0,96.25,3.37,100.0,0.0,99.6,0.4
2026-05-29 17:25:13,twist,1,2372,success,8,0.7048,0.8197,0,96.25,3.37,100.0,0.0,99.6,0.4
2026-05-29 17:25:25,twist,1,2373,success,12,0.6917,1.0911,0,96.25,3.37,100.0,0.0,99.6,0.4
2026-05-29 17:25:45,twist,1,2374,success,20,0.4228,0.841,0,96.25,3.37,100.0,0.0,99.6,0.4
2026-05-29 17:25:58,twist,1,2375,success,12,0.2783,1.4674,0,96.25,3.37,100.0,0.0,99.6,0.4
2026-05-29 17:26:04,twist,1,2376,success,4,1.1355,1.5326,0,96.25,3.37,100.0,0.0,99.6,0.4
2026-05-29 17:26:23,twist,1,2377,success,20,0.5686,0.5,0,96.26,3.37,100.0,0.0,99.6,0.4
2026-05-29 17:26:39,twist,1,2378,success,16,0.4257,0.6454,0,96.26,3.36,100.0,0.0,99.6,0.4
2026-05-29 17:26:44,twist,1,2379,success,4,0.9975,1.7714,0,96.26,3.36,100.0,0.0,99.6,0.4
2026-05-29 17:27:00,twist,1,2380,success,16,0.5468,0.5275,0,96.26,3.36,100.0,0.0,99.6,0.4
2026-05-29 17:27:12,twist,1,2381,success,12,0.7702,0.7699,0,96.26,3.36,100.0,0.0,99.6,0.4
2026-05-29 17:27:13,twist,1,2382,success,1,28.9741,2.3237,0,96.26,3.36,100.0,0.0,99.6,0.4
2026-05-29 17:27:26,twist,1,2383,success,11,0.7623,0.394,0,96.27,3.36,100.0,0.0,99.6,0.4
2026-05-29 17:27:33,twist,1,2384,success,6,0.9382,1.108,0,96.27,3.36,100.0,0.0,99.6,0.4
2026-05-29 17:27:58,twist,1,2385,success,26,0.2,0.7693,0,96.27,3.35,100.0,0.0,99.6,0.4
2026-05-29 17:28:10,twist,1,2386,success,12,0.6706,1.0217,0,96.27,3.35,100.0,0.0,99.6,0.4
2026-05-29 17:28:21,twist,1,2387,success,10,0.4024,1.2492,0,96.27,3.35,100.0,0.0,99.6,0.4
2026-05-29 17:28:34,twist,1,2388,success,12,0.6186,0.6029,0,96.27,3.35,100.0,0.0,99.6,0.4
2026-05-29 17:28:52,twist,1,2389,success,18,0.5059,0.9593,0,96.27,3.35,100.0,0.0,99.6,0.4
2026-05-29 17:29:03,twist,1,2390,success,10,0.3062,1.3442,0,96.28,3.35,100.0,0.0,99.6,0.4
2026-05-29 17:29:13,twist,1,2391,success,8,0.2915,1.5479,0,96.28,3.35,100.0,0.0,99.6,0.4
2026-05-29 17:29:26,twist,1,2392,success,14,0.7232,0.7754,0,96.28,3.34,100.0,0.0,99.6,0.4
2026-05-29 17:29:42,twist,1,2393,success,16,0.6851,0.7111,0,96.28,3.34,100.0,0.0,99.6,0.4
2026-05-29 17:29:59,twist,1,2394,success,16,0.6407,0.8626,0,96.28,3.34,100.0,0.0,99.6,0.4
2026-05-29 17:30:15,twist,1,2395,success,16,0.7556,0.9619,0,96.28,3.34,100.0,0.0,99.6,0.4
2026-05-29 17:30:26,twist,1,2396,success,10,0.4736,1.3123,0,96.29,3.34,100.0,0.0,99.6,0.4
2026-05-29 17:30:34,twist,1,2397,success,8,0.3921,1.5995,0,96.29,3.34,100.0,0.0,99.6,0.4
2026-05-29 17:30:44,twist,1,2398,success,8,0.6707,1.4871,0,96.29,3.34,100.0,0.0,99.6,0.4
2026-05-29 17:31:03,twist,1,2399,success,20,0.4086,1.1356,0,96.29,3.33,100.0,0.0,99.6,0.4
2026-05-29 17:31:11,twist,1,2400,success,6,0.4225,1.7437,0,96.29,3.33,100.0,0.0,99.6,0.4
2026-05-29 17:31:32,twist,1,2401,success,22,0.588,0.408,0,96.29,3.33,100.0,0.0,99.6,0.4
2026-05-29 17:31:43,twist,1,2402,success,10,0.7136,1.1249,0,96.29,3.33,100.0,0.0,99.6,0.4
2026-05-29 17:31:50,twist,1,2403,success,6,0.5792,1.5477,0,96.3,3.33,100.0,0.0,99.6,0.4
2026-05-29 17:32:07,twist,1,2404,success,16,0.5105,0.4148,0,96.3,3.33,100.0,0.0,99.6,0.4
2026-05-29 17:32:18,twist,1,2405,success,10,0.8437,0.7574,0,96.3,3.33,100.0,0.0,99.6,0.4
2026-05-29 17:32:26,twist,1,2406,success,8,0.7448,1.0039,0,96.3,3.33,100.0,0.0,99.6,0.4
2026-05-29 17:32:35,twist,1,2407,success,8,0.5948,1.4358,0,96.3,3.32,100.0,0.0,99.6,0.4
2026-05-29 17:32:47,twist,1,2408,success,13,0.7971,0.8733,0,96.3,3.32,100.0,0.0,99.6,0.4
2026-05-29 17:32:56,twist,1,2409,success,7,0.7409,1.6214,0,96.31,3.32,100.0,0.0,99.6,0.4
2026-05-29 17:33:08,twist,1,2410,success,12,0.6661,0.6798,0,96.31,3.32,100.0,0.0,99.6,0.4
2026-05-29 17:33:21,twist,1,2411,success,12,0.3444,1.5897,0,96.31,3.32,100.0,0.0,99.6,0.4
2026-05-29 17:33:39,twist,1,2412,success,19,0.4897,0.9372,0,96.31,3.32,100.0,0.0,99.6,0.4
2026-05-29 17:33:48,twist,1,2413,success,7,0.6593,0.9167,0,96.31,3.32,100.0,0.0,99.6,0.4
2026-05-29 17:34:03,twist,1,2414,success,14,0.4611,0.7154,0,96.31,3.31,100.0,0.0,99.6,0.4
2026-05-29 17:34:08,twist,1,2415,success,4,1.0554,1.3939,0,96.31,3.31,100.0,0.0,99.6,0.4
2026-05-29 17:34:10,twist,1,2416,success,1,21.322,2.3307,0,96.32,3.31,100.0,0.0,99.6,0.4
2026-05-29 17:34:18,twist,1,2417,success,7,0.9265,0.9465,0,96.32,3.31,100.0,0.0,99.6,0.4
2026-05-29 17:34:23,twist,1,2418,success,4,0.9725,1.4282,0,96.32,3.31,100.0,0.0,99.6,0.4
2026-05-29 17:34:30,twist,1,2419,success,6,0.8643,1.0271,0,96.32,3.31,100.0,0.0,99.6,0.4
2026-05-29 17:34:46,twist,1,2420,success,16,0.5026,0.6301,0,96.32,3.31,100.0,0.0,99.6,0.4
2026-05-29 17:34:51,twist,1,2421,success,4,1.1156,1.6131,0,96.32,3.3,100.0,0.0,99.6,0.4
2026-05-29 17:35:03,twist,1,2422,success,12,0.271,1.3809,0,96.33,3.3,100.0,0.0,99.6,0.4
2026-05-29 17:35:16,twist,1,2423,success,12,0.6911,0.717,0,96.33,3.3,100.0,0.0,99.6,0.4
2026-05-29 17:35:29,twist,1,2424,success,12,0.6518,0.73,0,96.33,3.3,100.0,0.0,99.6,0.4
2026-05-29 17:35:39,twist,1,2425,success,10,0.4908,1.3299,0,96.33,3.3,100.0,0.0,99.6,0.4
2026-05-29 17:35:48,twist,1,2426,success,8,0.9169,0.9199,0,96.33,3.3,100.0,0.0,99.6,0.4
2026-05-29 17:35:53,twist,1,2427,success,4,1.0304,1.2845,0,96.33,3.3,100.0,0.0,99.6,0.4
2026-05-29 17:36:00,twist,1,2428,success,6,0.8863,1.2435,0,96.33,3.29,100.0,0.0,99.6,0.4
2026-05-29 17:36:17,twist,1,2429,success,16,0.4792,0.6341,0,96.34,3.29,100.0,0.0,99.6,0.4
2026-05-29 17:36:24,twist,1,2430,success,6,1.0517,1.2779,0,96.34,3.29,100.0,0.0,99.6,0.4
2026-05-29 17:36:36,twist,1,2431,success,12,0.451,1.406,0,96.34,3.29,100.0,0.0,99.6,0.4
2026-05-29 17:36:37,twist,1,2432,success,1,19.8287,2.3317,0,96.34,3.29,100.0,0.0,99.6,0.4
2026-05-29 17:36:46,twist,1,2433,success,7,0.7759,1.056,0,96.34,3.29,100.0,0.0,99.6,0.4
2026-05-29 17:36:57,twist,1,2434,success,10,0.6981,1.0036,0,96.34,3.29,100.0,0.0,99.6,0.4
2026-05-29 17:37:15,twist,1,2435,success,18,0.3213,1.1851,0,96.34,3.29,100.0,0.0,99.6,0.4
2026-05-29 17:37:20,twist,1,2436,success,4,1.0168,1.4038,0,96.35,3.28,100.0,0.0,99.6,0.4
2026-05-29 17:37:29,twist,1,2437,success,8,0.8062,0.6542,0,96.35,3.28,100.0,0.0,99.6,0.4
2026-05-29 17:37:35,twist,1,2438,success,6,1.0192,0.9194,0,96.35,3.28,100.0,0.0,99.6,0.4
2026-05-29 17:37:39,twist,1,2439,success,2,1.5495,1.8757,0,96.35,3.28,100.0,0.0,99.6,0.4
2026-05-29 17:37:49,twist,1,2440,success,10,0.8468,0.7182,0,96.35,3.28,100.0,0.0,99.6,0.4
2026-05-29 17:38:06,twist,1,2441,success,16,0.6695,0.5189,0,96.35,3.28,100.0,0.0,99.6,0.4
2026-05-29 17:38:11,twist,1,2442,success,4,0.6599,1.8147,0,96.36,3.28,100.0,0.0,99.6,0.4
2026-05-29 17:38:31,twist,1,2443,success,20,0.5015,0.6391,0,96.36,3.27,100.0,0.0,99.6,0.4
2026-05-29 17:38:36,twist,1,2444,success,4,1.1288,1.4323,0,96.36,3.27,100.0,0.0,99.6,0.4
2026-05-29 17:38:51,twist,1,2445,success,16,0.5084,0.6529,0,96.36,3.27,100.0,0.0,99.6,0.4
2026-05-29 17:39:11,twist,1,2446,success,20,0.3285,1.0239,0,96.36,3.27,100.0,0.0,99.6,0.4
2026-05-29 17:39:21,twist,1,2447,success,10,0.8977,0.8492,0,96.36,3.27,100.0,0.0,99.6,0.4
2026-05-29 17:39:35,twist,1,2448,success,14,0.523,0.7443,0,96.36,3.27,100.0,0.0,99.6,0.4
2026-05-29 17:39:46,twist,1,2449,success,10,0.8482,0.4468,0,96.37,3.27,100.0,0.0,99.6,0.4
2026-05-29 17:39:53,twist,1,2450,success,6,0.98,0.9247,0,96.37,3.27,100.0,0.0,99.6,0.4
2026-05-29 17:40:02,twist,1,2451,success,8,0.6495,1.3465,0,96.37,3.26,100.0,0.0,99.6,0.4
2026-05-29 17:40:15,twist,1,2452,success,12,0.5014,1.0054,0,96.37,3.26,100.0,0.0,99.6,0.4
2026-05-29 17:40:23,twist,1,2453,success,8,0.4647,1.4448,0,96.37,3.26,100.0,0.0,99.6,0.4
2026-05-29 17:40:39,twist,1,2454,success,16,0.3956,0.8739,0,96.37,3.26,100.0,0.0,99.6,0.4
2026-05-29 17:40:57,twist,1,2455,success,20,0.2721,1.1149,0,96.37,3.26,100.0,0.0,99.6,0.4
2026-05-29 17:41:06,twist,1,2456,success,8,0.6916,1.4968,0,96.38,3.26,100.0,0.0,99.6,0.4
2026-05-29 17:41:13,twist,1,2457,success,6,0.6594,1.7338,0,96.38,3.26,100.0,0.0,99.6,0.4
2026-05-29 17:41:35,twist,1,2458,success,22,0.5045,0.7207,0,96.38,3.25,100.0,0.0,99.6,0.4
2026-05-29 17:41:42,twist,1,2459,success,6,1.0113,1.0407,0,96.38,3.25,100.0,0.0,99.6,0.4
2026-05-29 17:42:02,twist,1,2460,success,21,0.4916,0.9466,0,96.38,3.25,100.0,0.0,99.6,0.4
2026-05-29 17:42:13,twist,1,2461,success,10,0.9168,0.7651,0,96.38,3.25,100.0,0.0,99.6,0.4
2026-05-29 17:42:31,twist,1,2462,success,17,0.6374,0.7089,0,96.39,3.25,100.0,0.0,99.6,0.4
2026-05-29 17:42:49,twist,1,2463,success,18,0.4443,0.7168,0,96.39,3.25,100.0,0.0,99.6,0.4
2026-05-29 17:43:02,twist,1,2464,success,12,0.7357,0.7059,0,96.39,3.25,100.0,0.0,99.6,0.4
2026-05-29 17:43:12,twist,1,2465,success,10,1.0182,0.8713,0,96.39,3.25,100.0,0.0,99.6,0.4
2026-05-29 17:43:22,twist,1,2466,success,10,0.746,1.0893,0,96.39,3.24,100.0,0.0,99.6,0.4
2026-05-29 17:43:38,twist,1,2467,success,16,0.5703,0.6457,0,96.39,3.24,100.0,0.0,99.6,0.4
2026-05-29 17:43:47,twist,1,2468,success,8,1.0953,0.7105,0,96.39,3.24,100.0,0.0,99.6,0.4
2026-05-29 17:43:52,twist,1,2469,success,4,1.1563,1.5353,0,96.4,3.24,100.0,0.0,99.6,0.4
2026-05-29 17:43:59,twist,1,2470,success,6,0.7902,1.1395,0,96.4,3.24,100.0,0.0,99.8,0.2
2026-05-29 17:44:15,twist,1,2471,success,16,0.5309,0.754,0,96.4,3.24,100.0,0.0,99.8,0.2
2026-05-29 17:44:27,twist,1,2472,success,12,0.6679,0.826,0,96.4,3.24,100.0,0.0,99.8,0.2
2026-05-29 17:44:41,twist,1,2473,success,14,0.8364,0.675,0,96.4,3.23,100.0,0.0,99.8,0.2
2026-05-29 17:44:55,twist,1,2474,success,14,0.76,0.5948,0,96.4,3.23,100.0,0.0,99.8,0.2
2026-05-29 17:45:00,twist,1,2475,success,4,1.0595,1.466,0,96.4,3.23,100.0,0.0,99.8,0.2
2026-05-29 17:45:14,twist,1,2476,success,14,0.5916,0.8772,0,96.41,3.23,100.0,0.0,99.8,0.2
2026-05-29 17:45:23,twist,1,2477,success,8,0.9289,0.3953,0,96.41,3.23,100.0,0.0,99.8,0.2
2026-05-29 17:45:33,twist,1,2478,success,10,0.7867,1.0286,0,96.41,3.23,100.0,0.0,99.8,0.2
2026-05-29 17:45:45,twist,1,2479,success,12,0.6372,0.8368,0,96.41,3.23,100.0,0.0,99.8,0.2
2026-05-29 17:45:55,twist,1,2480,success,8,0.9205,0.7757,0,96.41,3.23,100.0,0.0,99.8,0.2
2026-05-29 17:46:09,twist,1,2481,success,14,0.4951,1.0327,0,96.41,3.22,100.0,0.0,99.8,0.2
2026-05-29 17:46:14,twist,1,2482,success,4,1.1367,1.5158,0,96.41,3.22,100.0,0.0,99.8,0.2
2026-05-29 17:46:29,twist,1,2483,success,14,0.2748,1.387,0,96.42,3.22,100.0,0.0,99.8,0.2
2026-05-29 17:46:42,twist,1,2484,success,12,0.634,1.0366,0,96.42,3.22,100.0,0.0,99.8,0.2
2026-05-29 17:46:55,twist,1,2485,success,13,0.297,1.2211,0,96.42,3.22,100.0,0.0,99.8,0.2
2026-05-29 17:47:13,twist,1,2486,success,17,0.5256,0.3838,0,96.42,3.22,100.0,0.0,99.8,0.2
2026-05-29 17:47:25,twist,1,2487,success,12,0.6275,1.0421,0,96.42,3.22,100.0,0.0,99.8,0.2
2026-05-29 17:47:42,twist,1,2488,success,16,0.2904,1.0967,0,96.42,3.22,100.0,0.0,99.8,0.2
2026-05-29 17:47:53,twist,1,2489,success,10,0.3236,1.6563,0,96.42,3.21,100.0,0.0,99.8,0.2
2026-05-29 17:48:04,twist,1,2490,success,10,0.8049,0.4402,0,96.43,3.21,100.0,0.0,99.8,0.2
2026-05-29 17:48:19,twist,1,2491,success,14,0.4931,1.2322,0,96.43,3.21,100.0,0.0,99.8,0.2
2026-05-29 17:48:37,twist,1,2492,success,18,0.5431,0.9676,0,96.43,3.21,100.0,0.0,99.8,0.2
2026-05-29 17:48:42,twist,1,2493,success,4,0.9468,1.6151,0,96.43,3.21,100.0,0.0,99.8,0.2
2026-05-29 17:48:49,twist,1,2494,success,6,1.0381,1.2026,0,96.43,3.21,100.0,0.0,99.8,0.2
2026-05-29 17:49:03,twist,1,2495,success,14,0.3246,1.3803,0,96.43,3.21,100.0,0.0,99.8,0.2
2026-05-29 17:49:11,twist,1,2496,success,6,0.9138,0.7532,0,96.43,3.21,100.0,0.0,99.8,0.2
2026-05-29 17:49:16,twist,1,2497,success,4,1.0213,1.7059,0,96.44,3.2,100.0,0.0,99.8,0.2
2026-05-29 17:49:24,twist,1,2498,success,8,0.8932,0.9976,0,96.44,3.2,100.0,0.0,99.8,0.2
2026-05-29 17:49:33,twist,1,2499,success,8,0.776,1.4621,0,96.44,3.2,100.0,0.0,99.8,0.2
2026-05-29 17:49:41,twist,1,2500,success,8,0.6795,1.5046,0,96.44,3.2,100.0,0.0,99.8,0.2
2026-05-29 17:49:53,twist,1,2501,success,12,0.2886,1.028,0,96.44,3.2,100.0,0.0,99.8,0.2
2026-05-29 17:50:08,twist,1,2502,success,14,0.5116,0.7871,0,96.44,3.2,100.0,0.0,99.8,0.2
2026-05-29 17:50:25,twist,1,2503,success,18,0.7672,0.6953,0,96.44,3.2,100.0,0.0,99.8,0.2
2026-05-29 17:50:38,twist,1,2504,success,12,0.5877,0.6477,0,96.45,3.19,100.0,0.0,99.8,0.2
2026-05-29 17:50:46,twist,1,2505,success,8,0.8104,0.4972,0,96.45,3.19,100.0,0.0,99.8,0.2
2026-05-29 17:50:55,twist,1,2506,success,8,0.9805,1.0314,0,96.45,3.19,100.0,0.0,99.8,0.2
2026-05-29 17:51:10,twist,1,2507,success,14,0.4346,0.7551,0,96.45,3.19,100.0,0.0,99.8,0.2
2026-05-29 17:51:23,twist,1,2508,success,12,0.3101,1.5529,0,96.45,3.19,100.0,0.0,99.8,0.2
2026-05-29 17:51:39,twist,1,2509,success,16,0.7435,0.8069,0,96.45,3.19,100.0,0.0,100.0,0.0
2026-05-29 17:51:40,twist,1,2510,success,1,35.632,2.3152,0,96.45,3.19,100.0,0.0,100.0,0.0
2026-05-29 17:51:51,twist,1,2511,success,9,0.8345,1.0311,0,96.46,3.19,100.0,0.0,100.0,0.0
2026-05-29 17:51:59,twist,1,2512,success,6,0.4719,1.6021,0,96.46,3.18,100.0,0.0,100.0,0.0
2026-05-29 17:52:08,twist,1,2513,success,8,0.5486,1.4938,0,96.46,3.18,100.0,0.0,100.0,0.0
2026-05-29 17:52:22,twist,1,2514,success,14,0.3108,1.1444,0,96.46,3.18,100.0,0.0,100.0,0.0
2026-05-29 17:52:31,twist,1,2515,success,8,0.7057,1.7709,0,96.46,3.18,100.0,0.0,100.0,0.0
2026-05-29 17:52:44,twist,1,2516,success,12,0.3561,0.9113,0,96.46,3.18,100.0,0.0,100.0,0.0
2026-05-29 17:52:54,twist,1,2517,success,10,0.7869,0.6632,0,96.46,3.18,100.0,0.0,100.0,0.0
2026-05-29 17:53:02,twist,1,2518,success,8,0.3874,1.7428,0,96.47,3.18,100.0,0.0,100.0,0.0
2026-05-29 17:53:04,twist,1,2519,success,1,37.1627,2.3304,0,96.47,3.18,100.0,0.0,100.0,0.0
2026-05-29 17:53:20,twist,1,2520,success,15,0.3705,0.9755,0,96.47,3.17,100.0,0.0,100.0,0.0
2026-05-29 17:53:29,twist,1,2521,success,8,0.5792,1.0264,0,96.47,3.17,100.0,0.0,100.0,0.0
2026-05-29 17:53:44,twist,1,2522,success,14,0.906,0.5891,0,96.47,3.17,100.0,0.0,100.0,0.0
2026-05-29 17:53:59,twist,1,2523,success,14,0.4532,0.8446,0,96.47,3.17,100.0,0.0,100.0,0.0
2026-05-29 17:54:11,twist,1,2524,success,10,0.691,0.5239,0,96.47,3.17,100.0,0.0,100.0,0.0
2026-05-29 17:54:26,twist,1,2525,success,14,0.4136,1.1365,0,96.48,3.17,100.0,0.0,100.0,0.0
2026-05-29 17:54:44,twist,1,2526,success,18,0.2341,1.0808,0,96.48,3.17,100.0,0.0,100.0,0.0
2026-05-29 17:54:53,twist,1,2527,success,8,0.864,0.5389,0,96.48,3.17,100.0,0.0,100.0,0.0
2026-05-29 17:55:05,twist,1,2528,success,12,0.5756,1.1929,0,96.48,3.16,100.0,0.0,100.0,0.0
2026-05-29 17:55:17,twist,1,2529,success,12,0.7795,0.7653,0,96.48,3.16,100.0,0.0,100.0,0.0
2026-05-29 17:55:28,twist,1,2530,success,10,0.4693,1.4246,0,96.48,3.16,100.0,0.0,100.0,0.0
2026-05-29 17:55:40,twist,1,2531,success,12,0.6247,1.0623,0,96.48,3.16,100.0,0.0,100.0,0.0
2026-05-29 17:55:56,twist,1,2532,success,16,0.2532,1.0981,0,96.48,3.16,100.0,0.0,100.0,0.0
2026-05-29 17:56:05,twist,1,2533,success,8,0.6491,1.0299,0,96.49,3.16,100.0,0.0,100.0,0.0
2026-05-29 17:56:12,twist,1,2534,success,6,1.1523,1.1534,0,96.49,3.16,100.0,0.0,100.0,0.0
2026-05-29 17:56:27,twist,1,2535,success,16,0.2659,1.0868,0,96.49,3.16,100.0,0.0,100.0,0.0
2026-05-29 17:56:41,twist,1,2536,success,14,0.8608,0.8076,0,96.49,3.15,100.0,0.0,100.0,0.0
2026-05-29 17:56:49,twist,1,2537,success,6,1.0361,0.9353,0,96.49,3.15,100.0,0.0,100.0,0.0
2026-05-29 17:57:01,twist,1,2538,success,12,0.5911,0.9897,0,96.49,3.15,100.0,0.0,100.0,0.0
2026-05-29 17:57:03,twist,1,2539,success,1,232.2903,2.3171,0,96.49,3.15,100.0,0.0,100.0,0.0
2026-05-29 17:57:14,twist,1,2540,success,9,0.9804,1.2292,0,96.5,3.15,100.0,0.0,100.0,0.0
2026-05-29 17:57:23,twist,1,2541,success,8,1.0289,0.8064,0,96.5,3.15,100.0,0.0,100.0,0.0
2026-05-29 17:57:35,twist,1,2542,success,12,0.5823,1.4198,0,96.5,3.15,100.0,0.0,100.0,0.0
2026-05-29 17:57:45,twist,1,2543,success,10,1.0395,0.6417,0,96.5,3.15,100.0,0.0,100.0,0.0
2026-05-29 17:57:52,twist,1,2544,success,6,0.9494,1.0683,0,96.5,3.14,100.0,0.0,100.0,0.0
2026-05-29 17:57:59,twist,1,2545,success,6,1.1554,1.1156,0,96.5,3.14,100.0,0.0,100.0,0.0
2026-05-29 17:58:06,twist,1,2546,success,6,0.9749,0.7974,0,96.5,3.14,100.0,0.0,100.0,0.0
2026-05-29 17:58:19,twist,1,2547,success,12,0.5252,0.879,0,96.51,3.14,100.0,0.0,100.0,0.0
2026-05-29 17:58:32,twist,1,2548,success,12,0.6115,1.378,0,96.51,3.14,100.0,0.0,100.0,0.0
2026-05-29 17:58:42,twist,1,2549,success,10,0.6399,1.3647,0,96.51,3.14,100.0,0.0,100.0,0.0
2026-05-29 17:59:00,twist,1,2550,success,18,0.3126,0.9364,0,96.51,3.14,100.0,0.0,100.0,0.0
2026-05-29 17:59:12,twist,1,2551,success,12,0.6573,1.2286,0,96.51,3.14,100.0,0.0,100.0,0.0
2026-05-29 17:59:19,twist,1,2552,success,6,0.9496,1.054,0,96.51,3.13,100.0,0.0,100.0,0.0
2026-05-29 17:59:26,twist,1,2553,success,6,0.5991,1.1566,0,96.51,3.13,100.0,0.0,100.0,0.0
2026-05-29 17:59:35,twist,1,2554,success,8,0.834,0.6455,0,96.52,3.13,100.0,0.0,100.0,0.0
2026-05-29 17:59:45,twist,1,2555,success,10,0.4827,1.6885,0,96.52,3.13,100.0,0.0,100.0,0.0
2026-05-29 17:59:51,twist,1,2556,success,4,1.0682,1.5475,0,96.52,3.13,100.0,0.0,100.0,0.0
2026-05-29 18:00:02,twist,1,2557,success,10,0.331,1.639,0,96.52,3.13,100.0,0.0,100.0,0.0
2026-05-29 18:00:11,twist,1,2558,success,8,0.5779,1.1539,0,96.52,3.13,100.0,0.0,100.0,0.0
2026-05-29 18:00:21,twist,1,2559,success,11,0.4935,1.6574,0,96.52,3.13,100.0,0.0,100.0,0.0
2026-05-29 18:00:40,twist,1,2560,success,17,0.4513,0.6805,0,96.52,3.12,100.0,0.0,100.0,0.0
2026-05-29 18:00:49,twist,1,2561,success,9,0.7817,1.1816,0,96.52,3.12,100.0,0.0,100.0,0.0
2026-05-29 18:00:57,twist,1,2562,success,5,1.0241,1.4618,0,96.53,3.12,100.0,0.0,100.0,0.0
2026-05-29 18:01:11,twist,1,2563,success,14,0.7779,0.8971,0,96.53,3.12,100.0,0.0,100.0,0.0
2026-05-29 18:01:23,twist,1,2564,success,12,0.658,0.9199,0,96.53,3.12,100.0,0.0,100.0,0.0
2026-05-29 18:01:36,twist,1,2565,success,12,0.7253,0.5943,0,96.53,3.12,100.0,0.0,100.0,0.0
2026-05-29 18:01:42,twist,1,2566,success,6,1.1151,1.2724,0,96.53,3.12,100.0,0.0,100.0,0.0
2026-05-29 18:01:56,twist,1,2567,success,12,0.5658,0.8541,0,96.53,3.12,100.0,0.0,100.0,0.0
2026-05-29 18:02:06,twist,1,2568,success,10,0.6332,1.0665,0,96.53,3.12,100.0,0.0,100.0,0.0
2026-05-29 18:02:13,twist,1,2569,success,6,1.2199,1.1094,0,96.54,3.11,100.0,0.0,100.0,0.0
2026-05-29 18:02:25,twist,1,2570,success,10,0.5739,1.0134,0,96.54,3.11,100.0,0.0,100.0,0.0
2026-05-29 18:02:34,twist,1,2571,success,8,0.6794,1.0394,0,96.54,3.11,100.0,0.0,100.0,0.0
2026-05-29 18:02:39,twist,1,2572,success,4,1.2208,1.4341,0,96.54,3.11,100.0,0.0,100.0,0.0
2026-05-29 18:02:46,twist,1,2573,success,6,0.9439,1.2134,0,96.54,3.11,100.0,0.0,100.0,0.0
2026-05-29 18:02:57,twist,1,2574,success,10,0.816,1.1877,0,96.54,3.11,100.0,0.0,100.0,0.0
2026-05-29 18:03:04,twist,1,2575,success,6,0.8416,1.0636,0,96.54,3.11,100.0,0.0,100.0,0.0
2026-05-29 18:03:16,twist,1,2576,success,12,0.569,1.1384,0,96.55,3.11,100.0,0.0,100.0,0.0
2026-05-29 18:03:22,twist,1,2577,success,4,0.6102,1.6392,0,96.55,3.1,100.0,0.0,100.0,0.0
2026-05-29 18:03:30,twist,1,2578,success,8,0.5401,1.7642,0,96.55,3.1,100.0,0.0,100.0,0.0
2026-05-29 18:03:41,twist,1,2579,success,10,0.7502,0.5763,0,96.55,3.1,100.0,0.0,100.0,0.0
2026-05-29 18:04:00,twist,1,2580,success,18,0.3892,0.7012,0,96.55,3.1,100.0,0.0,100.0,0.0
2026-05-29 18:04:14,twist,1,2581,success,14,0.5891,0.6973,0,96.55,3.1,100.0,0.0,100.0,0.0
2026-05-29 18:04:26,twist,1,2582,success,12,0.4378,1.2369,0,96.55,3.1,100.0,0.0,100.0,0.0
2026-05-29 18:04:39,twist,1,2583,success,12,0.6673,0.5224,0,96.55,3.1,100.0,0.0,100.0,0.0
2026-05-29 18:04:57,twist,1,2584,success,18,0.3246,0.3226,0,96.56,3.1,100.0,0.0,100.0,0.0
2026-05-29 18:05:04,twist,1,2585,success,6,0.8578,1.0782,0,96.56,3.09,100.0,0.0,100.0,0.0
2026-05-29 18:05:10,twist,1,2586,success,4,0.9754,1.454,0,96.56,3.09,100.0,0.0,100.0,0.0
2026-05-29 18:05:17,twist,1,2587,success,6,1.1791,0.9058,0,96.56,3.09,100.0,0.0,100.0,0.0
2026-05-29 18:05:31,twist,1,2588,success,14,0.3991,1.515,0,96.56,3.09,100.0,0.0,100.0,0.0
2026-05-29 18:05:42,twist,1,2589,success,10,0.3852,1.7451,0,96.56,3.09,100.0,0.0,100.0,0.0
2026-05-29 18:05:49,twist,1,2590,success,6,0.7857,1.2165,0,96.56,3.09,100.0,0.0,100.0,0.0
2026-05-29 18:05:54,twist,1,2591,success,4,0.8622,1.7096,0,96.57,3.09,100.0,0.0,100.0,0.0
2026-05-29 18:06:07,twist,1,2592,success,12,0.8103,0.8784,0,96.57,3.09,100.0,0.0,100.0,0.0
2026-05-29 18:06:15,twist,1,2593,success,8,0.721,0.8453,0,96.57,3.09,100.0,0.0,100.0,0.0
2026-05-29 18:06:20,twist,1,2594,success,4,0.9647,1.6311,0,96.57,3.08,100.0,0.0,100.0,0.0
2026-05-29 18:06:34,twist,1,2595,success,14,0.5924,0.7051,0,96.57,3.08,100.0,0.0,100.0,0.0
2026-05-29 18:06:46,twist,1,2596,success,12,0.7262,0.9865,0,96.57,3.08,100.0,0.0,100.0,0.0
2026-05-29 18:06:59,twist,1,2597,success,12,0.5417,1.2598,0,96.57,3.08,100.0,0.0,100.0,0.0
2026-05-29 18:07:01,twist,1,2598,success,1,16.2062,2.3181,0,96.57,3.08,100.0,0.0,100.0,0.0
2026-05-29 18:07:13,twist,1,2599,success,11,0.6243,0.3823,0,96.58,3.08,100.0,0.0,100.0,0.0
2026-05-29 18:07:24,twist,1,2600,success,10,0.5257,1.2395,0,96.58,3.08,100.0,0.0,100.0,0.0
2026-05-29 18:07:33,twist,1,2601,success,8,0.5707,1.4088,0,96.58,3.08,100.0,0.0,100.0,0.0
2026-05-29 18:07:42,twist,1,2602,success,8,0.6336,1.3748,0,96.58,3.07,100.0,0.0,100.0,0.0
2026-05-29 18:07:54,twist,1,2603,success,12,0.2437,1.0585,0,96.58,3.07,100.0,0.0,100.0,0.0
2026-05-29 18:08:10,twist,1,2604,success,16,0.2195,1.1839,0,96.58,3.07,100.0,0.0,100.0,0.0
2026-05-29 18:08:27,twist,1,2605,success,16,0.4523,0.2518,2,96.58,3.07,100.0,0.0,100.0,0.0
2026-05-29 18:08:36,twist,1,2606,success,8,0.7837,0.6213,0,96.58,3.07,100.0,0.0,100.0,0.0
2026-05-29 18:08:42,twist,1,2607,success,4,1.0187,1.4395,0,96.59,3.07,100.0,0.0,100.0,0.0
2026-05-29 18:09:04,twist,1,2608,success,22,0.3797,0.4716,0,96.59,3.07,100.0,0.0,100.0,0.0
2026-05-29 18:09:11,twist,1,2609,success,6,0.9577,1.2191,0,96.59,3.07,100.0,0.0,100.0,0.0
2026-05-29 18:09:18,twist,1,2610,success,6,0.988,1.4662,0,96.59,3.07,100.0,0.0,100.0,0.0
2026-05-29 18:09:33,twist,1,2611,success,16,0.5468,0.5897,0,96.59,3.06,100.0,0.0,100.0,0.0
2026-05-29 18:09:50,twist,1,2612,success,16,0.471,0.7049,0,96.59,3.06,100.0,0.0,100.0,0.0
2026-05-29 18:09:57,twist,1,2613,success,6,0.81,1.3039,0,96.59,3.06,100.0,0.0,100.0,0.0
2026-05-29 18:10:04,twist,1,2614,success,6,0.684,1.3235,0,96.6,3.06,100.0,0.0,100.0,0.0
2026-05-29 18:10:17,twist,1,2615,success,12,0.5153,1.1967,0,96.6,3.06,100.0,0.0,100.0,0.0
2026-05-29 18:10:29,twist,1,2616,success,12,0.7416,0.7515,0,96.6,3.06,100.0,0.0,100.0,0.0
2026-05-29 18:10:40,twist,1,2617,success,10,0.8974,0.6774,0,96.6,3.06,100.0,0.0,100.0,0.0
2026-05-29 18:10:54,twist,1,2618,success,14,0.6602,0.4851,0,96.6,3.06,100.0,0.0,100.0,0.0
2026-05-29 18:11:02,twist,1,2619,success,8,1.0201,1.0279,0,96.6,3.05,100.0,0.0,100.0,0.0
2026-05-29 18:11:11,twist,1,2620,success,8,0.8007,0.8121,0,96.6,3.05,100.0,0.0,100.0,0.0
2026-05-29 18:11:24,twist,1,2621,success,12,0.499,1.0955,0,96.6,3.05,100.0,0.0,100.0,0.0
2026-05-29 18:11:31,twist,1,2622,success,6,1.0271,1.1745,0,96.61,3.05,100.0,0.0,100.0,0.0
2026-05-29 18:11:38,twist,1,2623,success,6,1.1584,1.2375,0,96.61,3.05,100.0,0.0,100.0,0.0
2026-05-29 18:11:43,twist,1,2624,success,5,1.2497,1.5985,0,96.61,3.05,100.0,0.0,100.0,0.0
2026-05-29 18:11:55,twist,1,2625,success,11,0.7778,0.942,0,96.61,3.05,100.0,0.0,100.0,0.0
2026-05-29 18:12:04,twist,1,2626,success,8,0.6079,1.5977,0,96.61,3.05,100.0,0.0,100.0,0.0
2026-05-29 18:12:11,twist,1,2627,success,6,1.1907,1.2695,0,96.61,3.05,100.0,0.0,100.0,0.0
2026-05-29 18:12:19,twist,1,2628,success,6,0.9117,0.7988,0,96.61,3.04,100.0,0.0,100.0,0.0
2026-05-29 18:12:29,twist,1,2629,success,10,0.7391,0.6413,0,96.61,3.04,100.0,0.0,100.0,0.0
2026-05-29 18:12:36,twist,1,2630,success,6,0.7684,1.2646,0,96.62,3.04,100.0,0.0,100.0,0.0
2026-05-29 18:12:43,twist,1,2631,success,6,0.8552,0.9238,0,96.62,3.04,100.0,0.0,100.0,0.0
2026-05-29 18:12:52,twist,1,2632,success,8,0.7143,0.7889,0,96.62,3.04,100.0,0.0,100.0,0.0
2026-05-29 18:13:03,twist,1,2633,success,10,0.7148,0.5858,0,96.62,3.04,100.0,0.0,100.0,0.0
2026-05-29 18:13:08,twist,1,2634,success,4,1.1605,1.5774,0,96.62,3.04,100.0,0.0,100.0,0.0
2026-05-29 18:13:15,twist,1,2635,success,6,1.0763,1.2059,0,96.62,3.04,100.0,0.0,100.0,0.0
2026-05-29 18:13:25,twist,1,2636,success,10,0.651,0.8522,0,96.62,3.03,100.0,0.0,100.0,0.0
2026-05-29 18:13:46,twist,1,2637,success,20,0.535,0.6707,0,96.62,3.03,100.0,0.0,100.0,0.0
2026-05-29 18:13:57,twist,1,2638,success,10,0.6264,1.0681,0,96.63,3.03,100.0,0.0,100.0,0.0
2026-05-29 18:13:58,twist,1,2639,success,1,286.0516,2.3174,0,96.63,3.03,100.0,0.0,100.0,0.0
2026-05-29 18:14:05,twist,1,2640,success,5,1.1804,1.7683,0,96.63,3.03,100.0,0.0,100.0,0.0
2026-05-29 18:14:10,twist,1,2641,success,4,0.9841,1.8719,0,96.63,3.03,100.0,0.0,100.0,0.0
2026-05-29 18:14:23,twist,1,2642,success,12,0.6878,0.963,0,96.63,3.03,100.0,0.0,100.0,0.0
2026-05-29 18:14:33,twist,1,2643,success,10,0.7839,1.2805,0,96.63,3.03,100.0,0.0,100.0,0.0
2026-05-29 18:14:43,twist,1,2644,success,8,0.7942,0.6553,0,96.63,3.03,100.0,0.0,100.0,0.0
2026-05-29 18:14:52,twist,1,2645,success,8,0.8719,0.7986,0,96.64,3.02,100.0,0.0,100.0,0.0
2026-05-29 18:15:01,twist,1,2646,success,8,0.7104,0.6205,0,96.64,3.02,100.0,0.0,100.0,0.0
2026-05-29 18:15:14,twist,1,2647,success,12,0.6128,1.0818,0,96.64,3.02,100.0,0.0,100.0,0.0
2026-05-29 18:15:32,twist,1,2648,success,18,0.3197,0.7827,0,96.64,3.02,100.0,0.0,100.0,0.0
2026-05-29 18:15:41,twist,1,2649,success,8,0.9256,0.3947,0,96.64,3.02,100.0,0.0,100.0,0.0
2026-05-29 18:15:48,twist,1,2650,success,6,1.0114,0.9952,0,96.64,3.02,100.0,0.0,100.0,0.0
2026-05-29 18:15:58,twist,1,2651,success,10,0.9414,0.836,0,96.64,3.02,100.0,0.0,100.0,0.0
2026-05-29 18:16:07,twist,1,2652,success,8,0.9279,0.5681,0,96.64,3.02,100.0,0.0,100.0,0.0
2026-05-29 18:16:18,twist,1,2653,success,10,0.9413,0.9152,0,96.65,3.02,100.0,0.0,100.0,0.0
2026-05-29 18:16:28,twist,1,2654,success,8,0.9075,0.6895,0,96.65,3.01,100.0,0.0,100.0,0.0
2026-05-29 18:16:38,twist,1,2655,success,10,0.8844,0.4249,0,96.65,3.01,100.0,0.0,100.0,0.0
2026-05-29 18:16:52,twist,1,2656,success,13,0.6729,0.8348,0,96.65,3.01,100.0,0.0,100.0,0.0
2026-05-29 18:17:01,twist,1,2657,success,7,1.0353,0.825,0,96.65,3.01,100.0,0.0,100.0,0.0
2026-05-29 18:17:15,twist,1,2658,success,14,0.6767,1.1322,0,96.65,3.01,100.0,0.0,100.0,0.0
2026-05-29 18:17:26,twist,1,2659,success,10,0.3058,1.4761,0,96.65,3.01,100.0,0.0,100.0,0.0
2026-05-29 18:17:39,twist,1,2660,success,12,0.2698,1.472,0,96.65,3.01,100.0,0.0,100.0,0.0
2026-05-29 18:17:52,twist,1,2661,success,12,0.5615,0.8274,0,96.66,3.01,100.0,0.0,100.0,0.0
2026-05-29 18:18:03,twist,1,2662,success,10,0.1826,1.4761,0,96.66,3.01,100.0,0.0,100.0,0.0
2026-05-29 18:18:18,twist,1,2663,success,14,0.805,0.5396,0,96.66,3.0,100.0,0.0,100.0,0.0
2026-05-29 18:18:28,twist,1,2664,success,10,0.5945,1.5853,0,96.66,3.0,100.0,0.0,100.0,0.0
2026-05-29 18:18:37,twist,1,2665,success,8,0.7872,1.0674,0,96.66,3.0,100.0,0.0,100.0,0.0
2026-05-29 18:18:50,twist,1,2666,success,12,0.317,1.4688,0,96.66,3.0,100.0,0.0,100.0,0.0
2026-05-29 18:19:01,twist,1,2667,success,11,0.647,1.5107,0,96.66,3.0,100.0,0.0,100.0,0.0
2026-05-29 18:19:08,twist,1,2668,success,5,1.2113,1.5323,0,96.66,3.0,100.0,0.0,100.0,0.0
2026-05-29 18:19:22,twist,1,2669,success,14,0.5066,0.8192,0,96.67,3.0,100.0,0.0,100.0,0.0
2026-05-29 18:19:24,twist,1,2670,success,1,51.544,2.3333,0,96.67,3.0,100.0,0.0,100.0,0.0
2026-05-29 18:19:32,twist,1,2671,success,7,1.0018,0.941,0,96.67,3.0,100.0,0.0,100.0,0.0
2026-05-29 18:19:34,twist,1,2672,success,1,147.8793,2.3147,0,96.67,2.99,100.0,0.0,100.0,0.0
2026-05-29 18:19:48,twist,1,2673,success,13,0.7378,0.3601,0,96.67,2.99,100.0,0.0,100.0,0.0
2026-05-29 18:20:00,twist,1,2674,success,11,1.0712,0.8679,0,96.67,2.99,100.0,0.0,100.0,0.0
2026-05-29 18:20:16,twist,1,2675,success,15,0.8082,0.8687,0,96.67,2.99,100.0,0.0,100.0,0.0
2026-05-29 18:20:23,twist,1,2676,success,6,0.9353,0.9715,0,96.67,2.99,100.0,0.0,100.0,0.0
2026-05-29 18:20:37,twist,1,2677,success,14,0.4896,0.6696,0,96.68,2.99,100.0,0.0,100.0,0.0
2026-05-29 18:20:50,twist,1,2678,success,12,0.5363,0.912,0,96.68,2.99,100.0,0.0,100.0,0.0
2026-05-29 18:20:56,twist,1,2679,success,6,0.8021,1.5886,0,96.68,2.99,100.0,0.0,100.0,0.0
2026-05-29 18:21:09,twist,1,2680,success,12,0.8055,0.5953,0,96.68,2.99,100.0,0.0,100.0,0.0
2026-05-29 18:21:22,twist,1,2681,success,12,0.2779,1.2859,0,96.68,2.98,100.0,0.0,100.0,0.0
2026-05-29 18:21:33,twist,1,2682,success,10,0.3728,1.1688,0,96.68,2.98,100.0,0.0,100.0,0.0
2026-05-29 18:21:42,twist,1,2683,success,8,0.5549,1.4524,0,96.68,2.98,100.0,0.0,100.0,0.0
2026-05-29 18:21:54,twist,1,2684,success,12,0.9308,0.62,0,96.68,2.98,100.0,0.0,100.0,0.0
2026-05-29 18:22:06,twist,1,2685,success,12,0.5765,1.0731,0,96.69,2.98,100.0,0.0,100.0,0.0
2026-05-29 18:22:19,twist,1,2686,success,12,0.4974,1.2183,0,96.69,2.98,100.0,0.0,100.0,0.0
2026-05-29 18:22:32,twist,1,2687,success,12,0.4028,1.0074,0,96.69,2.98,100.0,0.0,100.0,0.0
2026-05-29 18:22:43,twist,1,2688,success,10,0.5747,1.2087,0,96.69,2.98,100.0,0.0,100.0,0.0
2026-05-29 18:22:44,twist,1,2689,success,1,19.9626,2.3126,0,96.69,2.98,100.0,0.0,100.0,0.0
2026-05-29 18:22:55,twist,1,2690,success,9,0.5253,0.9784,0,96.69,2.97,100.0,0.0,100.0,0.0
2026-05-29 18:23:01,twist,1,2691,success,4,0.7959,1.3975,0,96.69,2.97,100.0,0.0,100.0,0.0
2026-05-29 18:23:17,twist,1,2692,success,17,0.6525,0.501,0,96.69,2.97,100.0,0.0,100.0,0.0
2026-05-29 18:23:27,twist,1,2693,success,9,1.0136,1.6392,0,96.7,2.97,100.0,0.0,100.0,0.0
2026-05-29 18:23:47,twist,1,2694,success,20,0.4869,0.4132,0,96.7,2.97,100.0,0.0,100.0,0.0
2026-05-29 18:23:56,twist,1,2695,success,8,0.6007,1.0769,0,96.7,2.97,100.0,0.0,100.0,0.0
2026-05-29 18:24:22,twist,1,2696,success,26,0.2123,0.8819,0,96.7,2.97,100.0,0.0,100.0,0.0
2026-05-29 18:24:29,twist,1,2697,success,6,0.804,0.834,0,96.7,2.97,100.0,0.0,100.0,0.0
2026-05-29 18:24:44,twist,1,2698,success,14,0.4379,1.4057,0,96.7,2.97,100.0,0.0,100.0,0.0
2026-05-29 18:24:58,twist,1,2699,success,14,0.4775,1.0269,0,96.7,2.96,100.0,0.0,100.0,0.0
2026-05-29 18:25:10,twist,1,2700,success,12,0.6325,0.8703,0,96.7,2.96,100.0,0.0,100.0,0.0
2026-05-29 18:25:20,twist,1,2701,success,10,0.7772,0.9787,0,96.7,2.96,100.0,0.0,100.0,0.0
2026-05-29 18:25:35,twist,1,2702,success,14,0.7103,0.8148,0,96.71,2.96,100.0,0.0,100.0,0.0
2026-05-29 18:25:47,twist,1,2703,success,12,0.9351,0.6234,0,96.71,2.96,100.0,0.0,100.0,0.0
2026-05-29 18:25:59,twist,1,2704,success,12,0.3047,1.593,0,96.71,2.96,100.0,0.0,100.0,0.0
2026-05-29 18:26:10,twist,1,2705,success,10,0.7128,1.3425,0,96.71,2.96,100.0,0.0,100.0,0.0
2026-05-29 18:26:20,twist,1,2706,success,10,0.9735,0.7887,0,96.71,2.96,100.0,0.0,100.0,0.0
2026-05-29 18:26:43,twist,1,2707,success,22,0.5495,0.5751,0,96.71,2.96,100.0,0.0,100.0,0.0
2026-05-29 18:26:52,twist,1,2708,success,8,0.8214,1.1883,0,96.71,2.95,100.0,0.0,100.0,0.0
2026-05-29 18:26:59,twist,1,2709,success,6,0.8533,0.8245,0,96.71,2.95,100.0,0.0,100.0,0.0
2026-05-29 18:27:13,twist,1,2710,success,12,0.982,0.7816,0,96.72,2.95,100.0,0.0,100.0,0.0
2026-05-29 18:27:21,twist,1,2711,success,8,0.4465,1.753,0,96.72,2.95,100.0,0.0,100.0,0.0
2026-05-29 18:27:37,twist,1,2712,success,16,0.4317,1.0544,0,96.72,2.95,100.0,0.0,100.0,0.0
2026-05-29 18:27:38,twist,1,2713,success,1,182.9336,2.3168,0,96.72,2.95,100.0,0.0,100.0,0.0
2026-05-29 18:28:03,twist,1,2714,success,23,0.8326,0.5152,0,96.72,2.95,100.0,0.0,100.0,0.0
2026-05-29 18:28:14,twist,1,2715,success,10,0.6926,1.4428,0,96.72,2.95,100.0,0.0,100.0,0.0
2026-05-29 18:28:30,twist,1,2716,success,16,0.4265,0.6778,0,96.72,2.95,100.0,0.0,100.0,0.0
2026-05-29 18:28:43,twist,1,2717,success,12,0.8251,0.7989,0,96.72,2.94,100.0,0.0,100.0,0.0
2026-05-29 18:28:47,twist,1,2718,success,2,1.4828,1.9365,0,96.73,2.94,100.0,0.0,100.0,0.0
2026-05-29 18:28:54,twist,1,2719,success,6,1.0019,0.732,0,96.73,2.94,100.0,0.0,100.0,0.0
2026-05-29 18:29:02,twist,1,2720,success,8,0.272,1.756,0,96.73,2.94,100.0,0.0,100.0,0.0
2026-05-29 18:29:15,twist,1,2721,success,12,0.2027,1.4387,0,96.73,2.94,100.0,0.0,100.0,0.0
2026-05-29 18:29:28,twist,1,2722,success,12,0.4828,1.0406,0,96.73,2.94,100.0,0.0,100.0,0.0
2026-05-29 18:29:34,twist,1,2723,success,6,0.9384,1.0515,0,96.73,2.94,100.0,0.0,100.0,0.0
2026-05-29 18:29:43,twist,1,2724,success,8,0.8357,0.8993,0,96.73,2.94,100.0,0.0,100.0,0.0
2026-05-29 18:30:02,twist,1,2725,success,18,0.8129,0.7738,0,96.73,2.94,100.0,0.0,100.0,0.0
2026-05-29 18:30:14,twist,1,2726,success,12,0.7979,0.4927,0,96.74,2.93,100.0,0.0,100.0,0.0
2026-05-29 18:30:29,twist,1,2727,success,14,0.3837,1.2596,0,96.74,2.93,100.0,0.0,100.0,0.0
2026-05-29 18:30:42,twist,1,2728,success,12,0.4163,1.1603,0,96.74,2.93,100.0,0.0,100.0,0.0
2026-05-29 18:30:55,twist,1,2729,success,12,0.6961,0.8496,0,96.74,2.93,100.0,0.0,100.0,0.0
2026-05-29 18:31:06,twist,1,2730,success,10,0.6394,0.8404,0,96.74,2.93,100.0,0.0,100.0,0.0
2026-05-29 18:31:17,twist,1,2731,success,10,0.7562,0.7707,0,96.74,2.93,100.0,0.0,100.0,0.0
2026-05-29 18:31:24,twist,1,2732,success,6,1.1039,0.7239,0,96.74,2.93,100.0,0.0,100.0,0.0
2026-05-29 18:31:39,twist,1,2733,success,14,0.6135,0.8489,0,96.74,2.93,100.0,0.0,100.0,0.0
2026-05-29 18:31:55,twist,1,2734,success,16,0.6699,0.6198,0,96.74,2.93,100.0,0.0,100.0,0.0
2026-05-29 18:32:03,twist,1,2735,success,6,1.0291,0.9451,0,96.75,2.93,100.0,0.0,100.0,0.0
2026-05-29 18:32:04,twist,1,2736,success,1,218.8339,2.318,0,96.75,2.92,100.0,0.0,100.0,0.0
2026-05-29 18:32:16,twist,1,2737,success,9,0.6784,1.0634,0,96.75,2.92,100.0,0.0,100.0,0.0
2026-05-29 18:32:25,twist,1,2738,success,8,0.5073,1.5934,0,96.75,2.92,100.0,0.0,100.0,0.0
2026-05-29 18:32:32,twist,1,2739,success,6,0.5936,1.6884,0,96.75,2.92,100.0,0.0,100.0,0.0
2026-05-29 18:32:33,twist,1,2740,success,1,46.1028,2.3235,0,96.75,2.92,100.0,0.0,100.0,0.0
2026-05-29 18:32:42,twist,1,2741,success,7,0.7372,1.5194,0,96.75,2.92,100.0,0.0,100.0,0.0
2026-05-29 18:32:51,twist,1,2742,success,8,0.8004,0.5186,0,96.75,2.92,100.0,0.0,100.0,0.0
2026-05-29 18:33:00,twist,1,2743,success,8,0.4851,1.3304,0,96.76,2.92,100.0,0.0,100.0,0.0
2026-05-29 18:33:03,twist,1,2744,success,2,1.2013,1.923,0,96.76,2.92,100.0,0.0,100.0,0.0
2026-05-29 18:33:04,twist,1,2745,success,1,33.8775,2.325,0,96.76,2.91,100.0,0.0,100.0,0.0
2026-05-29 18:33:15,twist,1,2746,success,9,0.8168,1.4918,0,96.76,2.91,100.0,0.0,100.0,0.0
2026-05-29 18:33:27,twist,1,2747,success,12,0.7188,1.1083,0,96.76,2.91,100.0,0.0,100.0,0.0
2026-05-29 18:33:38,twist,1,2748,success,10,0.3803,1.6077,0,96.76,2.91,100.0,0.0,100.0,0.0
2026-05-29 18:33:51,twist,1,2749,success,12,0.6353,0.7028,0,96.76,2.91,100.0,0.0,100.0,0.0
2026-05-29 18:33:58,twist,1,2750,success,6,1.0289,1.1128,0,96.76,2.91,100.0,0.0,100.0,0.0
2026-05-29 18:34:12,twist,1,2751,success,12,0.5788,0.8031,0,96.76,2.91,100.0,0.0,100.0,0.0
2026-05-29 18:34:29,twist,1,2752,success,16,0.4002,0.6397,0,96.77,2.91,100.0,0.0,100.0,0.0
2026-05-29 18:34:36,twist,1,2753,success,6,0.6383,1.1321,0,96.77,2.91,100.0,0.0,100.0,0.0
2026-05-29 18:34:45,twist,1,2754,success,8,0.4547,1.7154,0,96.77,2.9,100.0,0.0,100.0,0.0
2026-05-29 18:34:52,twist,1,2755,success,6,0.8579,1.0227,0,96.77,2.9,100.0,0.0,100.0,0.0
2026-05-29 18:34:59,twist,1,2756,success,6,0.966,1.0575,0,96.77,2.9,100.0,0.0,100.0,0.0
2026-05-29 18:35:09,twist,1,2757,success,10,0.8516,0.5914,0,96.77,2.9,100.0,0.0,100.0,0.0
2026-05-29 18:35:14,twist,1,2758,success,4,0.7915,1.5781,0,96.77,2.9,100.0,0.0,100.0,0.0
2026-05-29 18:35:27,twist,1,2759,success,12,0.6947,0.6683,0,96.77,2.9,100.0,0.0,100.0,0.0
2026-05-29 18:35:34,twist,1,2760,success,6,0.3978,1.6787,0,96.78,2.9,100.0,0.0,100.0,0.0
2026-05-29 18:35:54,twist,1,2761,success,8,0.7019,0.7171,0,96.78,2.9,100.0,0.0,100.0,0.0
2026-05-29 18:36:08,twist,1,2762,success,14,0.4629,1.531,0,96.78,2.9,100.0,0.0,100.0,0.0
2026-05-29 18:36:17,twist,1,2763,success,8,1.047,0.3986,0,96.78,2.9,100.0,0.0,100.0,0.0
2026-05-29 18:36:26,twist,1,2764,success,8,0.6163,1.1815,0,96.78,2.89,100.0,0.0,100.0,0.0
2026-05-29 18:36:36,twist,1,2765,success,10,0.7001,1.1167,0,96.78,2.89,100.0,0.0,100.0,0.0
2026-05-29 18:36:43,twist,1,2766,success,6,0.5534,1.1836,0,96.78,2.89,100.0,0.0,100.0,0.0
2026-05-29 18:36:56,twist,1,2767,success,13,0.7517,1.0105,0,96.78,2.89,100.0,0.0,100.0,0.0
2026-05-29 18:37:07,twist,1,2768,success,9,0.6265,1.5063,0,96.78,2.89,100.0,0.0,100.0,0.0
2026-05-29 18:37:21,twist,1,2769,success,14,0.5994,0.9749,0,96.79,2.89,100.0,0.0,100.0,0.0
2026-05-29 18:37:34,twist,1,2770,success,13,0.7199,1.3753,0,96.79,2.89,100.0,0.0,100.0,0.0
2026-05-29 18:37:50,twist,1,2771,success,15,0.6383,0.68,0,96.79,2.89,100.0,0.0,100.0,0.0
2026-05-29 18:37:59,twist,1,2772,success,8,0.8579,0.6393,0,96.79,2.89,100.0,0.0,100.0,0.0
2026-05-29 18:38:08,twist,1,2773,success,8,0.8165,0.5913,0,96.79,2.88,100.0,0.0,100.0,0.0
2026-05-29 18:38:34,twist,1,2774,success,26,0.4996,0.7651,0,96.79,2.88,100.0,0.0,100.0,0.0
2026-05-29 18:38:47,twist,1,2775,success,12,0.4482,1.2195,0,96.79,2.88,100.0,0.0,100.0,0.0
2026-05-29 18:39:01,twist,1,2776,success,14,0.5936,0.9631,0,96.79,2.88,100.0,0.0,100.0,0.0
2026-05-29 18:39:02,twist,1,2777,success,1,36.3698,2.3167,0,96.8,2.88,100.0,0.0,100.0,0.0
2026-05-29 18:39:15,twist,1,2778,success,11,0.9662,0.8063,0,96.8,2.88,100.0,0.0,100.0,0.0
2026-05-29 18:39:22,twist,1,2779,success,6,1.036,1.1348,0,96.8,2.88,100.0,0.0,100.0,0.0
2026-05-29 18:39:34,twist,1,2780,success,12,0.6857,1.1603,0,96.8,2.88,100.0,0.0,100.0,0.0
2026-05-29 18:39:47,twist,1,2781,success,12,0.5134,0.9736,0,96.8,2.88,100.0,0.0,100.0,0.0
2026-05-29 18:39:57,twist,1,2782,success,10,0.6058,1.2905,0,96.8,2.88,100.0,0.0,100.0,0.0
2026-05-29 18:40:07,twist,1,2783,success,8,0.8964,0.67,0,96.8,2.87,100.0,0.0,100.0,0.0
2026-05-29 18:40:19,twist,1,2784,success,12,0.7053,0.8282,0,96.8,2.87,100.0,0.0,100.0,0.0
2026-05-29 18:40:33,twist,1,2785,success,12,0.4794,0.9463,0,96.8,2.87,100.0,0.0,100.0,0.0
2026-05-29 18:40:43,twist,1,2786,success,10,0.8654,0.9896,0,96.81,2.87,100.0,0.0,100.0,0.0
2026-05-29 18:40:52,twist,1,2787,success,8,0.8924,0.594,0,96.81,2.87,100.0,0.0,100.0,0.0
2026-05-29 18:41:01,twist,1,2788,success,8,0.6701,1.5541,0,96.81,2.87,100.0,0.0,100.0,0.0
2026-05-29 18:41:12,twist,1,2789,success,10,0.6849,0.8538,0,96.81,2.87,100.0,0.0,100.0,0.0
2026-05-29 18:41:25,twist,1,2790,success,12,0.1761,1.4568,0,96.81,2.87,100.0,0.0,100.0,0.0
2026-05-29 18:41:40,twist,1,2791,success,14,0.7084,0.7878,0,96.81,2.87,100.0,0.0,100.0,0.0
2026-05-29 18:41:45,twist,1,2792,success,4,1.2046,1.3645,0,96.81,2.87,100.0,0.0,100.0,0.0
2026-05-29 18:41:58,twist,1,2793,success,12,0.7334,1.1286,0,96.81,2.86,100.0,0.0,100.0,0.0
2026-05-29 18:42:07,twist,1,2794,success,8,0.6091,1.5548,0,96.81,2.86,100.0,0.0,100.0,0.0
2026-05-29 18:42:31,twist,1,2795,success,24,0.7305,0.172,1,96.82,2.86,100.0,0.0,100.0,0.0
2026-05-29 18:42:42,twist,1,2796,success,10,0.9559,0.8237,0,96.82,2.86,100.0,0.0,100.0,0.0
2026-05-29 18:42:45,twist,1,2797,success,2,1.2927,1.9197,0,96.82,2.86,100.0,0.0,100.0,0.0
2026-05-29 18:42:56,twist,1,2798,success,10,0.734,0.7275,0,96.82,2.86,100.0,0.0,100.0,0.0
2026-05-29 18:43:07,twist,1,2799,success,10,0.3611,1.4782,0,96.82,2.86,100.0,0.0,100.0,0.0
2026-05-29 18:43:25,twist,1,2800,success,18,0.6586,0.7681,0,96.82,2.86,100.0,0.0,100.0,0.0
2026-05-29 18:43:42,twist,1,2801,collision,-1,0.4986,0.1473,1,96.79,2.89,99.0,1.0,99.8,0.2
2026-05-29 18:43:52,twist,1,2802,success,10,1.074,0.9775,0,96.79,2.89,99.0,1.0,99.8,0.2
2026-05-29 18:44:00,twist,1,2803,success,6,0.864,0.9508,0,96.79,2.89,99.0,1.0,99.8,0.2
2026-05-29 18:44:13,twist,1,2804,success,12,0.6263,0.5261,0,96.79,2.89,99.0,1.0,99.8,0.2
2026-05-29 18:44:22,twist,1,2805,success,8,0.6186,1.5796,0,96.79,2.89,99.0,1.0,99.8,0.2
2026-05-29 18:44:37,twist,1,2806,success,14,0.6423,0.7488,0,96.79,2.89,99.0,1.0,99.8,0.2
2026-05-29 18:44:49,twist,1,2807,success,12,0.9522,0.6286,0,96.79,2.89,99.0,1.0,99.8,0.2
2026-05-29 18:44:58,twist,1,2808,success,8,1.0311,0.7625,0,96.79,2.88,99.0,1.0,99.8,0.2
2026-05-29 18:45:08,twist,1,2809,success,10,0.3744,1.0373,0,96.8,2.88,99.0,1.0,99.8,0.2
2026-05-29 18:45:09,twist,1,2810,success,1,44.0172,2.319,0,96.8,2.88,99.0,1.0,99.8,0.2
2026-05-29 18:45:13,twist,1,2811,success,1,92.7585,2.3182,0,96.8,2.88,99.0,1.0,99.8,0.2
2026-05-29 18:45:25,twist,1,2812,success,12,0.7059,0.9624,0,96.8,2.88,99.0,1.0,99.8,0.2
2026-05-29 18:45:35,twist,1,2813,success,10,1.033,0.6835,0,96.8,2.88,99.0,1.0,99.8,0.2
2026-05-29 18:45:38,twist,1,2814,success,2,1.2369,1.7581,0,96.8,2.88,99.0,1.0,99.8,0.2
2026-05-29 18:45:45,twist,1,2815,success,6,0.8917,0.7679,0,96.8,2.88,99.0,1.0,99.8,0.2
2026-05-29 18:45:53,twist,1,2816,success,6,0.9193,0.7768,0,96.8,2.88,99.0,1.0,99.8,0.2
2026-05-29 18:46:05,twist,1,2817,success,12,0.53,1.3726,0,96.81,2.88,99.0,1.0,99.8,0.2
2026-05-29 18:46:16,twist,1,2818,success,10,0.7109,0.7307,0,96.81,2.87,99.0,1.0,99.8,0.2
2026-05-29 18:46:24,twist,1,2819,success,6,0.423,1.3125,0,96.81,2.87,99.0,1.0,99.8,0.2
2026-05-29 18:46:31,twist,1,2820,success,6,1.0427,0.811,0,96.81,2.87,99.0,1.0,99.8,0.2
2026-05-29 18:46:41,twist,1,2821,success,10,0.4043,1.2936,0,96.81,2.87,99.0,1.0,99.8,0.2
2026-05-29 18:46:54,twist,1,2822,success,12,0.6344,0.7535,0,96.81,2.87,99.0,1.0,99.8,0.2
2026-05-29 18:47:06,twist,1,2823,success,12,0.5602,0.7911,0,96.81,2.87,99.0,1.0,99.8,0.2
2026-05-29 18:47:20,twist,1,2824,success,14,0.6079,0.6909,0,96.81,2.87,99.0,1.0,99.8,0.2
2026-05-29 18:47:26,twist,1,2825,success,4,0.9392,1.5264,0,96.81,2.87,99.0,1.0,99.8,0.2
2026-05-29 18:47:33,twist,1,2826,success,6,1.0347,0.7744,0,96.82,2.87,99.0,1.0,99.8,0.2
2026-05-29 18:47:42,twist,1,2827,success,8,0.8353,0.7274,0,96.82,2.87,99.0,1.0,99.8,0.2
2026-05-29 18:47:56,twist,1,2828,success,14,0.5995,0.8777,0,96.82,2.86,99.0,1.0,99.8,0.2
2026-05-29 18:48:07,twist,1,2829,success,10,0.9476,0.6114,0,96.82,2.86,99.0,1.0,99.8,0.2
2026-05-29 18:48:19,twist,1,2830,success,12,0.82,0.6499,0,96.82,2.86,99.0,1.0,99.8,0.2
2026-05-29 18:48:30,twist,1,2831,success,10,0.3411,1.1599,0,96.82,2.86,99.0,1.0,99.8,0.2
2026-05-29 18:48:40,twist,1,2832,success,10,0.222,1.304,0,96.82,2.86,99.0,1.0,99.8,0.2
2026-05-29 18:48:51,twist,1,2833,success,10,0.4103,1.6919,0,96.82,2.86,99.0,1.0,99.8,0.2
2026-05-29 18:49:04,twist,1,2834,success,12,0.4168,1.2001,0,96.82,2.86,99.0,1.0,99.8,0.2
2026-05-29 18:49:17,twist,1,2835,success,12,0.6985,0.5165,0,96.83,2.86,99.0,1.0,99.8,0.2
2026-05-29 18:49:32,twist,1,2836,success,14,0.4878,0.3918,0,96.83,2.86,99.0,1.0,99.8,0.2
2026-05-29 18:49:43,twist,1,2837,success,11,0.8403,0.7337,0,96.83,2.86,99.0,1.0,99.8,0.2
2026-05-29 18:49:54,twist,1,2838,success,9,0.8984,0.8039,0,96.83,2.85,99.0,1.0,99.8,0.2
2026-05-29 18:50:05,twist,1,2839,success,10,0.5458,1.1324,0,96.83,2.85,99.0,1.0,99.8,0.2
2026-05-29 18:50:09,twist,1,2840,success,3,1.4637,1.7194,0,96.83,2.85,99.0,1.0,99.8,0.2
2026-05-29 18:50:15,twist,1,2841,success,5,1.1913,1.555,0,96.83,2.85,99.0,1.0,99.8,0.2
2026-05-29 18:50:24,twist,1,2842,success,8,0.7417,1.4514,0,96.83,2.85,99.0,1.0,99.8,0.2
2026-05-29 18:50:33,twist,1,2843,success,8,0.643,1.4186,0,96.83,2.85,99.0,1.0,99.8,0.2
2026-05-29 18:50:40,twist,1,2844,success,6,0.7892,1.806,0,96.84,2.85,99.0,1.0,99.8,0.2
2026-05-29 18:50:51,twist,1,2845,success,10,0.5297,1.4721,0,96.84,2.85,99.0,1.0,99.8,0.2
2026-05-29 18:51:02,twist,1,2846,success,10,0.5903,1.2766,0,96.84,2.85,99.0,1.0,99.8,0.2
2026-05-29 18:51:15,twist,1,2847,success,12,0.8708,0.9824,0,96.84,2.85,99.0,1.0,99.8,0.2
2026-05-29 18:51:26,twist,1,2848,success,10,0.8642,0.8125,0,96.84,2.84,99.0,1.0,99.8,0.2
2026-05-29 18:51:43,twist,1,2849,success,18,0.4983,0.703,0,96.84,2.84,99.0,1.0,99.8,0.2
2026-05-29 18:51:53,twist,1,2850,success,8,0.8881,0.4187,0,96.84,2.84,99.0,1.0,99.8,0.2
2026-05-29 18:52:04,twist,1,2851,success,10,0.7477,0.3613,0,96.84,2.84,99.0,1.0,99.8,0.2
2026-05-29 18:52:13,twist,1,2852,success,8,0.6533,1.7014,0,96.84,2.84,99.0,1.0,99.8,0.2
2026-05-29 18:52:20,twist,1,2853,success,6,0.8954,1.1355,0,96.85,2.84,99.0,1.0,99.8,0.2
2026-05-29 18:52:31,twist,1,2854,success,10,0.56,1.3913,0,96.85,2.84,99.0,1.0,99.8,0.2
2026-05-29 18:52:43,twist,1,2855,success,12,0.5134,1.4786,0,96.85,2.84,99.0,1.0,99.8,0.2
2026-05-29 18:52:58,twist,1,2856,success,14,0.7733,0.6549,0,96.85,2.84,99.0,1.0,99.8,0.2
2026-05-29 18:53:14,twist,1,2857,success,16,0.5948,0.6109,0,96.85,2.84,99.0,1.0,99.8,0.2
2026-05-29 18:53:26,twist,1,2858,success,12,0.6562,0.764,0,96.85,2.83,99.0,1.0,99.8,0.2
2026-05-29 18:53:35,twist,1,2859,success,6,0.7318,1.0088,0,96.85,2.83,99.0,1.0,99.8,0.2
2026-05-29 18:53:44,twist,1,2860,success,8,0.461,1.8549,0,96.85,2.83,99.0,1.0,99.8,0.2
2026-05-29 18:53:47,twist,1,2861,success,2,1.6453,1.8731,0,96.85,2.83,99.0,1.0,99.8,0.2
2026-05-29 18:54:00,twist,1,2862,success,12,0.6858,1.0663,0,96.86,2.83,99.0,1.0,99.8,0.2
2026-05-29 18:54:07,twist,1,2863,success,6,0.9239,0.916,0,96.86,2.83,99.0,1.0,99.8,0.2
2026-05-29 18:54:11,twist,1,2864,success,2,1.579,1.9061,0,96.86,2.83,99.0,1.0,99.8,0.2
2026-05-29 18:54:24,twist,1,2865,success,12,0.5489,1.075,0,96.86,2.83,99.0,1.0,99.8,0.2
2026-05-29 18:54:39,twist,1,2866,success,16,0.9807,0.7332,0,96.86,2.83,99.0,1.0,99.8,0.2
2026-05-29 18:54:44,twist,1,2867,success,4,0.9574,1.4064,0,96.86,2.83,99.0,1.0,99.8,0.2
2026-05-29 18:54:46,twist,1,2868,success,1,18.8843,2.3333,0,96.86,2.82,99.0,1.0,99.8,0.2
2026-05-29 18:55:00,twist,1,2869,success,13,0.6034,1.1781,0,96.86,2.82,99.0,1.0,99.8,0.2
2026-05-29 18:55:07,twist,1,2870,success,6,0.9943,0.7793,0,96.86,2.82,99.0,1.0,99.8,0.2
2026-05-29 18:55:22,twist,1,2871,success,14,0.3513,0.4299,0,96.87,2.82,99.0,1.0,99.8,0.2
2026-05-29 18:55:33,twist,1,2872,success,10,0.8232,1.2342,0,96.87,2.82,99.0,1.0,99.8,0.2
2026-05-29 18:55:48,twist,1,2873,success,14,0.6899,0.7687,0,96.87,2.82,99.0,1.0,99.8,0.2
2026-05-29 18:56:01,twist,1,2874,success,12,0.4321,1.0715,0,96.87,2.82,99.0,1.0,99.8,0.2
2026-05-29 18:56:08,twist,1,2875,success,6,0.8297,1.0835,0,96.87,2.82,99.0,1.0,99.8,0.2
2026-05-29 18:56:11,twist,1,2876,success,2,1.4771,1.927,0,96.87,2.82,99.0,1.0,99.8,0.2
2026-05-29 18:56:23,twist,1,2877,success,12,0.3253,1.5579,0,96.87,2.82,99.0,1.0,99.8,0.2
2026-05-29 18:56:25,twist,1,2878,success,1,24.6765,2.3284,0,96.87,2.81,99.0,1.0,99.8,0.2
2026-05-29 18:56:34,twist,1,2879,success,9,0.8939,0.8201,0,96.87,2.81,99.0,1.0,99.8,0.2
2026-05-29 18:56:45,twist,1,2880,success,10,0.7589,1.158,0,96.88,2.81,99.0,1.0,99.8,0.2
2026-05-29 18:56:47,twist,1,2881,success,1,312.7987,2.3019,0,96.88,2.81,99.0,1.0,99.8,0.2
2026-05-29 18:56:57,twist,1,2882,success,9,0.6978,1.3672,0,96.88,2.81,99.0,1.0,99.8,0.2
2026-05-29 18:57:06,twist,1,2883,success,8,1.0016,0.9452,0,96.88,2.81,99.0,1.0,99.8,0.2
2026-05-29 18:57:13,twist,1,2884,success,6,0.6843,1.635,0,96.88,2.81,99.0,1.0,99.8,0.2
2026-05-29 18:57:23,twist,1,2885,success,10,0.7292,1.0608,0,96.88,2.81,99.0,1.0,99.8,0.2
2026-05-29 18:57:30,twist,1,2886,success,6,0.8728,1.0593,0,96.88,2.81,99.0,1.0,99.8,0.2
2026-05-29 18:57:41,twist,1,2887,success,10,0.7896,1.1085,0,96.88,2.81,99.0,1.0,99.8,0.2
2026-05-29 18:57:48,twist,1,2888,success,6,0.8859,1.0737,0,96.88,2.8,99.0,1.0,99.8,0.2
2026-05-29 18:57:56,twist,1,2889,success,6,1.0982,1.0922,0,96.88,2.8,99.0,1.0,99.8,0.2
2026-05-29 18:58:06,twist,1,2890,success,10,0.6881,0.5603,0,96.89,2.8,99.0,1.0,99.8,0.2
2026-05-29 18:58:15,twist,1,2891,success,8,0.8182,0.507,0,96.89,2.8,99.0,1.0,99.8,0.2
2026-05-29 18:58:30,twist,1,2892,success,14,0.6618,0.9212,0,96.89,2.8,99.0,1.0,99.8,0.2
2026-05-29 18:58:43,twist,1,2893,success,12,0.825,0.6496,0,96.89,2.8,99.0,1.0,99.8,0.2
2026-05-29 18:58:48,twist,1,2894,success,4,0.9107,1.3581,0,96.89,2.8,99.0,1.0,99.8,0.2
2026-05-29 18:59:10,twist,1,2895,success,22,0.6569,0.6159,0,96.89,2.8,99.0,1.0,99.8,0.2
2026-05-29 18:59:26,twist,1,2896,success,16,0.3386,0.7368,0,96.89,2.8,99.0,1.0,99.8,0.2
2026-05-29 18:59:33,twist,1,2897,success,6,1.1217,0.9196,0,96.89,2.8,99.0,1.0,99.8,0.2
2026-05-29 18:59:47,twist,1,2898,success,12,0.7134,0.5571,0,96.89,2.8,99.0,1.0,99.8,0.2
2026-05-29 18:59:48,twist,1,2899,success,1,20.4659,2.3275,0,96.9,2.79,99.0,1.0,99.8,0.2
2026-05-29 19:00:01,twist,1,2900,success,11,0.8908,0.9048,0,96.9,2.79,99.0,1.0,99.8,0.2
2026-05-29 19:00:17,twist,1,2901,success,16,0.6057,0.8783,0,96.9,2.79,100.0,0.0,99.8,0.2
2026-05-29 19:00:24,twist,1,2902,success,6,0.8046,1.2223,0,96.9,2.79,100.0,0.0,99.8,0.2
2026-05-29 19:00:29,twist,1,2903,success,4,0.8101,1.467,0,96.9,2.79,100.0,0.0,99.8,0.2
2026-05-29 19:00:45,twist,1,2904,success,16,0.5187,1.0606,0,96.9,2.79,100.0,0.0,99.8,0.2
2026-05-29 19:00:52,twist,1,2905,success,6,0.5216,1.4052,0,96.9,2.79,100.0,0.0,99.8,0.2
2026-05-29 19:01:00,twist,1,2906,success,6,1.0128,0.9093,0,96.9,2.79,100.0,0.0,99.8,0.2
2026-05-29 19:01:08,twist,1,2907,success,8,0.6158,0.9853,0,96.9,2.79,100.0,0.0,99.8,0.2
2026-05-29 19:01:23,twist,1,2908,success,14,0.5743,0.9821,0,96.91,2.79,100.0,0.0,99.8,0.2
2026-05-29 19:01:29,twist,1,2909,success,6,0.5571,2.0198,0,96.91,2.78,100.0,0.0,99.8,0.2
2026-05-29 19:01:45,twist,1,2910,success,14,0.6583,0.5498,0,96.91,2.78,100.0,0.0,99.8,0.2
2026-05-29 19:01:55,twist,1,2911,success,10,0.731,0.4981,0,96.91,2.78,100.0,0.0,99.8,0.2
2026-05-29 19:02:08,twist,1,2912,success,12,0.5074,1.1825,0,96.91,2.78,100.0,0.0,99.8,0.2
2026-05-29 19:02:17,twist,1,2913,success,8,0.7171,1.6112,0,96.91,2.78,100.0,0.0,99.8,0.2
2026-05-29 19:02:30,twist,1,2914,success,12,0.8327,0.7884,0,96.91,2.78,100.0,0.0,99.8,0.2
2026-05-29 19:02:38,twist,1,2915,success,8,0.8042,0.6489,0,96.91,2.78,100.0,0.0,99.8,0.2
2026-05-29 19:02:45,twist,1,2916,success,6,1.0782,0.8417,0,96.91,2.78,100.0,0.0,99.8,0.2
2026-05-29 19:03:00,twist,1,2917,success,14,0.5039,0.917,0,96.91,2.78,100.0,0.0,99.8,0.2
2026-05-29 19:03:03,twist,1,2918,success,2,1.3974,1.8502,0,96.92,2.78,100.0,0.0,99.8,0.2
2026-05-29 19:03:12,twist,1,2919,success,8,0.8363,1.1534,0,96.92,2.77,100.0,0.0,99.8,0.2
2026-05-29 19:03:21,twist,1,2920,success,8,0.5914,1.6523,0,96.92,2.77,100.0,0.0,99.8,0.2
2026-05-29 19:03:30,twist,1,2921,success,8,0.5219,1.1747,0,96.92,2.77,100.0,0.0,99.8,0.2
2026-05-29 19:03:37,twist,1,2922,success,6,0.9839,0.9644,0,96.92,2.77,100.0,0.0,99.8,0.2
2026-05-29 19:03:44,twist,1,2923,success,6,0.4596,1.6042,0,96.92,2.77,100.0,0.0,99.8,0.2
2026-05-29 19:03:57,twist,1,2924,success,12,0.7805,0.6313,0,96.92,2.77,100.0,0.0,99.8,0.2
2026-05-29 19:04:02,twist,1,2925,success,4,1.1925,1.4187,0,96.92,2.77,100.0,0.0,99.8,0.2
2026-05-29 19:04:12,twist,1,2926,success,8,0.6812,1.3009,0,96.92,2.77,100.0,0.0,99.8,0.2
2026-05-29 19:04:23,twist,1,2927,success,10,0.3518,1.7156,0,96.93,2.77,100.0,0.0,99.8,0.2
2026-05-29 19:04:30,twist,1,2928,success,6,0.9507,1.0408,0,96.93,2.77,100.0,0.0,99.8,0.2
2026-05-29 19:04:35,twist,1,2929,success,4,0.8472,1.3771,0,96.93,2.77,100.0,0.0,99.8,0.2
2026-05-29 19:04:48,twist,1,2930,success,12,0.8418,1.0556,0,96.93,2.76,100.0,0.0,99.8,0.2
2026-05-29 19:04:55,twist,1,2931,success,6,1.0568,0.8937,0,96.93,2.76,100.0,0.0,99.8,0.2
2026-05-29 19:05:07,twist,1,2932,success,12,0.3963,1.0891,0,96.93,2.76,100.0,0.0,99.8,0.2
2026-05-29 19:05:09,twist,1,2933,success,1,284.1964,2.3182,0,96.93,2.76,100.0,0.0,99.8,0.2
2026-05-29 19:05:16,twist,1,2934,success,5,1.2174,1.6434,0,96.93,2.76,100.0,0.0,99.8,0.2
2026-05-29 19:05:21,twist,1,2935,success,4,1.0705,1.2722,0,96.93,2.76,100.0,0.0,99.8,0.2
2026-05-29 19:05:28,twist,1,2936,success,6,0.7978,1.0518,0,96.93,2.76,100.0,0.0,99.8,0.2
2026-05-29 19:05:31,twist,1,2937,success,2,1.6546,1.8992,0,96.94,2.76,100.0,0.0,99.8,0.2
2026-05-29 19:05:44,twist,1,2938,success,12,0.72,0.5968,0,96.94,2.76,100.0,0.0,99.8,0.2
2026-05-29 19:05:51,twist,1,2939,success,6,1.0901,1.1354,0,96.94,2.76,100.0,0.0,99.8,0.2
2026-05-29 19:06:04,twist,1,2940,success,12,0.4551,1.1967,0,96.94,2.76,100.0,0.0,99.8,0.2
2026-05-29 19:06:18,twist,1,2941,success,14,0.6793,0.6059,0,96.94,2.75,100.0,0.0,99.8,0.2
2026-05-29 19:06:27,twist,1,2942,success,8,0.7325,1.7201,0,96.94,2.75,100.0,0.0,99.8,0.2
2026-05-29 19:06:40,twist,1,2943,success,12,0.7459,0.8494,0,96.94,2.75,100.0,0.0,99.8,0.2
2026-05-29 19:06:50,twist,1,2944,success,10,0.9107,1.0205,0,96.94,2.75,100.0,0.0,99.8,0.2
2026-05-29 19:07:02,twist,1,2945,success,12,0.506,0.8527,0,96.94,2.75,100.0,0.0,99.8,0.2
2026-05-29 19:07:13,twist,1,2946,collision,-1,0.8958,0.1997,2,96.91,2.78,99.0,1.0,99.6,0.4
2026-05-29 19:07:24,twist,1,2947,success,9,0.7723,0.752,0,96.91,2.78,99.0,1.0,99.6,0.4
2026-05-29 19:07:36,twist,1,2948,collision,-1,0.5752,0.1979,1,96.88,2.82,98.0,2.0,99.4,0.6
2026-05-29 19:07:41,twist,1,2949,success,4,0.9725,1.6287,0,96.88,2.81,98.0,2.0,99.4,0.6
2026-05-29 19:07:48,twist,1,2950,success,6,1.0971,0.8832,0,96.88,2.81,98.0,2.0,99.4,0.6
2026-05-29 19:07:57,twist,1,2951,success,8,0.6718,1.6873,0,96.88,2.81,98.0,2.0,99.4,0.6
2026-05-29 19:08:10,twist,1,2952,success,12,0.7054,1.1981,0,96.88,2.81,98.0,2.0,99.4,0.6
2026-05-29 19:08:15,twist,1,2953,success,4,0.9796,1.322,0,96.88,2.81,98.0,2.0,99.4,0.6
2026-05-29 19:08:24,twist,1,2954,success,8,0.5461,1.2838,0,96.89,2.81,98.0,2.0,99.4,0.6
2026-05-29 19:08:32,twist,1,2955,success,6,0.6952,0.91,0,96.89,2.81,98.0,2.0,99.4,0.6
2026-05-29 19:08:39,twist,1,2956,success,6,0.7691,0.9652,0,96.89,2.81,98.0,2.0,99.4,0.6
2026-05-29 19:08:54,twist,1,2957,success,14,0.5931,0.4427,0,96.89,2.81,98.0,2.0,99.4,0.6
2026-05-29 19:09:01,twist,1,2958,success,6,0.7708,1.1009,0,96.89,2.81,98.0,2.0,99.4,0.6
2026-05-29 19:09:03,twist,1,2959,success,1,327.7032,2.317,0,96.89,2.81,98.0,2.0,99.4,0.6
2026-05-29 19:09:15,twist,1,2960,collision,-1,0.6511,0.1224,1,96.86,2.84,97.0,3.0,99.2,0.8
2026-05-29 19:09:28,twist,1,2961,success,12,0.7329,0.795,0,96.86,2.84,97.0,3.0,99.2,0.8
2026-05-29 19:09:35,twist,1,2962,success,6,0.8956,1.0551,0,96.86,2.84,97.0,3.0,99.2,0.8
2026-05-29 19:09:47,twist,1,2963,success,12,0.525,1.2611,0,96.86,2.83,97.0,3.0,99.2,0.8
2026-05-29 19:10:00,twist,1,2964,success,12,0.6795,0.8066,0,96.86,2.83,97.0,3.0,99.2,0.8
2026-05-29 19:10:06,twist,1,2965,success,6,1.1399,1.6456,0,96.86,2.83,97.0,3.0,99.2,0.8
2026-05-29 19:10:08,twist,1,2966,success,1,14.9226,2.3178,0,96.86,2.83,97.0,3.0,99.2,0.8
2026-05-29 19:10:20,twist,1,2967,success,11,0.6623,0.7153,0,96.87,2.83,97.0,3.0,99.2,0.8
2026-05-29 19:10:32,twist,1,2968,success,10,0.6812,0.648,0,96.87,2.83,97.0,3.0,99.2,0.8
2026-05-29 19:10:56,twist,1,2969,success,24,0.3011,0.2527,2,96.87,2.83,97.0,3.0,99.2,0.8
2026-05-29 19:11:11,twist,1,2970,success,16,0.7641,0.74,0,96.87,2.83,97.0,3.0,99.2,0.8
2026-05-29 19:11:21,twist,1,2971,success,8,0.6082,0.9412,0,96.87,2.83,97.0,3.0,99.2,0.8
2026-05-29 19:11:34,twist,1,2972,success,12,0.6532,0.6543,0,96.87,2.83,97.0,3.0,99.2,0.8
2026-05-29 19:11:45,twist,1,2973,success,10,1.0072,0.6313,0,96.87,2.83,97.0,3.0,99.2,0.8
2026-05-29 19:12:00,twist,1,2974,success,14,0.4484,1.1015,0,96.87,2.82,97.0,3.0,99.2,0.8
2026-05-29 19:12:11,twist,1,2975,success,10,0.6468,1.0954,0,96.87,2.82,97.0,3.0,99.2,0.8
2026-05-29 19:12:16,twist,1,2976,success,4,1.0258,1.4696,0,96.88,2.82,97.0,3.0,99.2,0.8
2026-05-29 19:12:22,twist,1,2977,success,4,1.2296,1.3873,0,96.88,2.82,97.0,3.0,99.2,0.8
2026-05-29 19:12:36,twist,1,2978,success,14,0.5553,0.9726,0,96.88,2.82,97.0,3.0,99.2,0.8
2026-05-29 19:12:48,twist,1,2979,success,12,0.6479,0.7696,0,96.88,2.82,97.0,3.0,99.2,0.8
2026-05-29 19:13:03,twist,1,2980,success,14,0.6613,0.8127,0,96.88,2.82,97.0,3.0,99.2,0.8
2026-05-29 19:13:11,twist,1,2981,success,8,0.3648,1.5562,0,96.88,2.82,97.0,3.0,99.2,0.8
2026-05-29 19:13:26,twist,1,2982,success,14,0.5992,0.4909,0,96.88,2.82,97.0,3.0,99.2,0.8
2026-05-29 19:13:37,twist,1,2983,success,10,0.8132,0.6093,0,96.88,2.82,97.0,3.0,99.2,0.8
2026-05-29 19:13:50,twist,1,2984,success,12,0.7283,0.91,0,96.88,2.82,97.0,3.0,99.2,0.8
2026-05-29 19:14:01,twist,1,2985,success,10,0.9337,0.8223,0,96.88,2.81,97.0,3.0,99.2,0.8
2026-05-29 19:14:15,twist,1,2986,success,14,0.3881,1.5257,0,96.89,2.81,97.0,3.0,99.2,0.8
2026-05-29 19:14:18,twist,1,2987,success,2,1.4416,1.9938,0,96.89,2.81,97.0,3.0,99.2,0.8
2026-05-29 19:14:30,twist,1,2988,success,12,0.9712,0.7057,0,96.89,2.81,97.0,3.0,99.2,0.8
2026-05-29 19:14:38,twist,1,2989,success,8,0.4778,1.8061,0,96.89,2.81,97.0,3.0,99.2,0.8
2026-05-29 19:14:47,twist,1,2990,success,8,1.1246,1.2423,0,96.89,2.81,97.0,3.0,99.2,0.8
2026-05-29 19:14:55,twist,1,2991,success,8,1.0531,1.1811,0,96.89,2.81,97.0,3.0,99.2,0.8
2026-05-29 19:15:02,twist,1,2992,success,6,0.8344,1.8196,0,96.89,2.81,97.0,3.0,99.2,0.8
2026-05-29 19:15:15,twist,1,2993,success,12,0.7409,0.9085,0,96.89,2.81,97.0,3.0,99.2,0.8
2026-05-29 19:15:22,twist,1,2994,success,6,0.9108,0.8251,0,96.89,2.81,97.0,3.0,99.2,0.8
2026-05-29 19:15:29,twist,1,2995,success,6,0.9729,0.9292,0,96.89,2.8,97.0,3.0,99.2,0.8
2026-05-29 19:15:37,twist,1,2996,success,6,0.8623,0.9067,0,96.9,2.8,97.0,3.0,99.2,0.8
2026-05-29 19:15:46,twist,1,2997,success,8,0.5552,1.8227,0,96.9,2.8,97.0,3.0,99.2,0.8
2026-05-29 19:15:57,twist,1,2998,success,10,0.7301,0.5738,0,96.9,2.8,97.0,3.0,99.2,0.8
2026-05-29 19:16:05,twist,1,2999,success,6,1.0805,1.0481,0,96.9,2.8,97.0,3.0,99.2,0.8
2026-05-29 19:16:14,twist,1,3000,success,8,0.5903,1.1024,0,96.9,2.8,97.0,3.0,99.2,0.8
2026-05-29 19:16:23,twist,1,3001,success,8,0.918,0.736,0,96.9,2.8,97.0,3.0,99.2,0.8
2026-05-29 19:16:34,twist,1,3002,success,10,0.4135,1.5545,0,96.9,2.8,97.0,3.0,99.2,0.8
2026-05-29 19:16:50,twist,1,3003,success,14,0.6357,0.3525,0,96.9,2.8,97.0,3.0,99.2,0.8
2026-05-29 19:16:59,twist,1,3004,success,8,0.3237,1.6988,0,96.9,2.8,97.0,3.0,99.2,0.8
2026-05-29 19:17:04,twist,1,3005,success,4,1.1946,1.5377,0,96.91,2.8,97.0,3.0,99.2,0.8
2026-05-29 19:17:09,twist,1,3006,success,4,1.0971,1.6941,0,96.91,2.79,97.0,3.0,99.2,0.8
2026-05-29 19:17:16,twist,1,3007,success,7,1.1423,0.7946,0,96.91,2.79,97.0,3.0,99.2,0.8
2026-05-29 19:17:23,twist,1,3008,success,5,0.9579,1.4216,0,96.91,2.79,97.0,3.0,99.2,0.8
2026-05-29 19:17:33,twist,1,3009,success,10,0.4267,1.6068,0,96.91,2.79,97.0,3.0,99.2,0.8
2026-05-29 19:17:42,twist,1,3010,success,8,0.367,1.6422,0,96.91,2.79,97.0,3.0,99.2,0.8
2026-05-29 19:17:53,twist,1,3011,success,10,0.548,1.3118,0,96.91,2.79,97.0,3.0,99.2,0.8
2026-05-29 19:18:04,twist,1,3012,success,10,0.7241,1.2426,0,96.91,2.79,97.0,3.0,99.2,0.8
2026-05-29 19:18:14,twist,1,3013,success,8,0.643,1.0773,0,96.91,2.79,97.0,3.0,99.2,0.8
2026-05-29 19:18:23,twist,1,3014,success,8,0.5019,1.7104,0,96.91,2.79,97.0,3.0,99.2,0.8
2026-05-29 19:18:26,twist,1,3015,success,2,1.531,1.8977,0,96.92,2.79,97.0,3.0,99.2,0.8
2026-05-29 19:18:31,twist,1,3016,success,4,1.3489,1.4847,0,96.92,2.79,97.0,3.0,99.2,0.8
2026-05-29 19:18:40,twist,1,3017,success,8,0.8492,0.4058,0,96.92,2.78,97.0,3.0,99.2,0.8
2026-05-29 19:18:49,twist,1,3018,success,8,0.6907,0.843,0,96.92,2.78,97.0,3.0,99.2,0.8
2026-05-29 19:18:59,twist,1,3019,success,8,0.5593,0.6461,0,96.92,2.78,97.0,3.0,99.2,0.8
2026-05-29 19:19:08,twist,1,3020,success,8,0.777,0.9677,0,96.92,2.78,97.0,3.0,99.2,0.8
2026-05-29 19:19:22,twist,1,3021,success,14,0.4997,0.5466,0,96.92,2.78,97.0,3.0,99.2,0.8
2026-05-29 19:19:33,twist,1,3022,success,10,0.7434,1.0149,0,96.92,2.78,97.0,3.0,99.2,0.8
2026-05-29 19:19:58,twist,1,3023,success,24,0.3828,0.2316,4,96.92,2.78,97.0,3.0,99.2,0.8
2026-05-29 19:20:09,twist,1,3024,success,10,0.9062,0.6748,0,96.92,2.78,97.0,3.0,99.2,0.8
2026-05-29 19:20:23,twist,1,3025,success,12,0.5973,0.5903,0,96.93,2.78,97.0,3.0,99.2,0.8
2026-05-29 19:20:33,twist,1,3026,success,8,0.6246,1.6015,0,96.93,2.78,97.0,3.0,99.2,0.8
2026-05-29 19:20:44,twist,1,3027,success,10,0.7594,0.5165,0,96.93,2.78,97.0,3.0,99.2,0.8
2026-05-29 19:20:49,twist,1,3028,success,4,1.0083,1.2296,0,96.93,2.77,97.0,3.0,99.2,0.8
2026-05-29 19:20:57,twist,1,3029,success,6,1.1356,1.0708,0,96.93,2.77,97.0,3.0,99.2,0.8
2026-05-29 19:21:13,twist,1,3030,success,16,0.6172,0.605,0,96.93,2.77,97.0,3.0,99.2,0.8
2026-05-29 19:21:23,twist,1,3031,success,8,0.6954,0.6301,0,96.93,2.77,97.0,3.0,99.2,0.8
2026-05-29 19:21:39,twist,1,3032,success,16,0.513,0.5425,0,96.93,2.77,97.0,3.0,99.2,0.8
2026-05-29 19:21:48,twist,1,3033,success,8,0.6175,1.452,0,96.93,2.77,97.0,3.0,99.2,0.8
2026-05-29 19:21:55,twist,1,3034,success,6,0.936,0.6716,0,96.93,2.77,97.0,3.0,99.2,0.8
2026-05-29 19:22:03,twist,1,3035,success,6,0.8854,0.8811,0,96.94,2.77,97.0,3.0,99.2,0.8
2026-05-29 19:22:16,twist,1,3036,success,12,0.4551,1.3523,0,96.94,2.77,97.0,3.0,99.2,0.8
2026-05-29 19:22:21,twist,1,3037,success,4,1.0249,1.3979,0,96.94,2.77,97.0,3.0,99.2,0.8
2026-05-29 19:22:32,twist,1,3038,success,10,0.8271,1.0254,0,96.94,2.76,97.0,3.0,99.2,0.8
2026-05-29 19:22:41,twist,1,3039,success,8,0.8326,1.182,0,96.94,2.76,97.0,3.0,99.2,0.8
2026-05-29 19:22:55,twist,1,3040,success,14,0.6212,1.0087,0,96.94,2.76,97.0,3.0,99.2,0.8
2026-05-29 19:23:08,twist,1,3041,success,12,0.6476,1.0868,0,96.94,2.76,97.0,3.0,99.2,0.8
2026-05-29 19:23:19,twist,1,3042,success,10,0.4646,1.3633,0,96.94,2.76,97.0,3.0,99.2,0.8
2026-05-29 19:23:25,twist,1,3043,success,4,1.0676,1.0821,0,96.94,2.76,97.0,3.0,99.2,0.8
2026-05-29 19:23:32,twist,1,3044,success,6,0.7183,1.095,0,96.94,2.76,97.0,3.0,99.2,0.8
2026-05-29 19:23:41,twist,1,3045,success,8,0.833,0.2391,1,96.95,2.76,97.0,3.0,99.2,0.8
2026-05-29 19:23:51,twist,1,3046,success,8,0.9082,0.3916,0,96.95,2.76,98.0,2.0,99.2,0.8
2026-05-29 19:24:03,twist,1,3047,success,12,0.5027,0.9285,0,96.95,2.76,98.0,2.0,99.2,0.8
2026-05-29 19:24:21,twist,1,3048,success,16,0.667,0.7506,0,96.95,2.76,99.0,1.0,99.2,0.8
2026-05-29 19:24:28,twist,1,3049,success,6,0.9106,0.7741,0,96.95,2.76,99.0,1.0,99.2,0.8
2026-05-29 19:24:32,twist,1,3050,success,2,1.2727,1.7858,0,96.95,2.75,99.0,1.0,99.2,0.8
2026-05-29 19:24:45,twist,1,3051,success,12,0.5919,0.844,0,96.95,2.75,99.0,1.0,99.2,0.8
2026-05-29 19:24:50,twist,1,3052,success,4,1.0449,1.467,0,96.95,2.75,99.0,1.0,99.2,0.8
2026-05-29 19:25:01,twist,1,3053,success,10,0.6356,1.1327,0,96.95,2.75,99.0,1.0,99.2,0.8
2026-05-29 19:25:13,twist,1,3054,success,12,0.3918,1.2457,0,96.95,2.75,99.0,1.0,99.2,0.8
2026-05-29 19:25:26,twist,1,3055,success,12,0.609,0.7154,0,96.96,2.75,99.0,1.0,99.2,0.8
2026-05-29 19:25:31,twist,1,3056,success,4,1.1863,1.485,0,96.96,2.75,99.0,1.0,99.2,0.8
2026-05-29 19:25:40,twist,1,3057,success,8,0.8097,0.3777,0,96.96,2.75,99.0,1.0,99.2,0.8
2026-05-29 19:25:48,twist,1,3058,success,6,0.8441,1.2795,0,96.96,2.75,99.0,1.0,99.2,0.8
2026-05-29 19:26:07,twist,1,3059,success,18,0.3159,0.4829,0,96.96,2.75,99.0,1.0,99.2,0.8
2026-05-29 19:26:14,twist,1,3060,success,6,0.8034,1.3631,0,96.96,2.75,100.0,0.0,99.2,0.8
2026-05-29 19:26:15,twist,1,3061,success,1,2.9012,2.3319,0,96.96,2.74,100.0,0.0,99.2,0.8
2026-05-29 19:26:30,twist,1,3062,success,13,0.444,1.3258,0,96.96,2.74,100.0,0.0,99.2,0.8
2026-05-29 19:26:35,twist,1,3063,success,4,0.8554,1.2007,0,96.96,2.74,100.0,0.0,99.2,0.8
2026-05-29 19:26:47,twist,1,3064,success,12,0.6786,0.4328,0,96.96,2.74,100.0,0.0,99.2,0.8
2026-05-29 19:26:57,twist,1,3065,success,10,0.9701,0.6995,0,96.97,2.74,100.0,0.0,99.2,0.8
2026-05-29 19:27:06,twist,1,3066,success,8,0.8886,0.8027,0,96.97,2.74,100.0,0.0,99.2,0.8
2026-05-29 19:27:19,twist,1,3067,success,12,0.604,0.6551,0,96.97,2.74,100.0,0.0,99.2,0.8
2026-05-29 19:27:34,twist,1,3068,success,14,0.5093,0.6066,0,96.97,2.74,100.0,0.0,99.2,0.8
2026-05-29 19:27:35,twist,1,3069,success,1,17.7785,2.322,0,96.97,2.74,100.0,0.0,99.2,0.8
2026-05-29 19:27:50,twist,1,3070,success,14,0.5654,0.2941,1,96.97,2.74,100.0,0.0,99.2,0.8
2026-05-29 19:28:01,twist,1,3071,success,9,0.8673,0.7704,0,96.97,2.74,100.0,0.0,99.2,0.8
2026-05-29 19:28:09,twist,1,3072,success,6,0.8573,0.9251,0,96.97,2.73,100.0,0.0,99.2,0.8
2026-05-29 19:28:24,twist,1,3073,success,14,0.2398,1.3345,0,96.97,2.73,100.0,0.0,99.2,0.8
2026-05-29 19:28:50,twist,1,3074,success,26,0.2715,0.263,2,96.97,2.73,100.0,0.0,99.2,0.8
2026-05-29 19:28:57,twist,1,3075,success,6,0.8355,1.0672,0,96.98,2.73,100.0,0.0,99.2,0.8
2026-05-29 19:29:11,twist,1,3076,success,14,0.4419,0.7878,0,96.98,2.73,100.0,0.0,99.2,0.8
2026-05-29 19:29:21,twist,1,3077,success,8,0.5526,1.4721,0,96.98,2.73,100.0,0.0,99.2,0.8
2026-05-29 19:29:30,twist,1,3078,success,8,0.7755,0.6697,0,96.98,2.73,100.0,0.0,99.2,0.8
2026-05-29 19:29:51,twist,1,3079,success,20,0.314,0.5161,0,96.98,2.73,100.0,0.0,99.2,0.8
2026-05-29 19:29:56,twist,1,3080,success,4,1.1257,1.2555,0,96.98,2.73,100.0,0.0,99.2,0.8
2026-05-29 19:30:05,twist,1,3081,success,8,0.8379,0.6972,0,96.98,2.73,100.0,0.0,99.2,0.8
2026-05-29 19:30:12,twist,1,3082,success,6,0.9973,0.9271,0,96.98,2.73,100.0,0.0,99.2,0.8
2026-05-29 19:30:24,twist,1,3083,success,12,0.4739,1.1398,0,96.98,2.72,100.0,0.0,99.2,0.8
2026-05-29 19:30:39,twist,1,3084,success,14,0.3841,1.1421,0,96.98,2.72,100.0,0.0,99.2,0.8
2026-05-29 19:30:47,twist,1,3085,success,6,0.8274,0.9353,0,96.99,2.72,100.0,0.0,99.2,0.8
2026-05-29 19:30:50,twist,1,3086,success,2,0.9615,1.8707,0,96.99,2.72,100.0,0.0,99.2,0.8
2026-05-29 19:31:01,twist,1,3087,success,10,0.5604,1.3013,0,96.99,2.72,100.0,0.0,99.2,0.8
2026-05-29 19:31:06,twist,1,3088,success,4,1.2679,1.7831,0,96.99,2.72,100.0,0.0,99.2,0.8
2026-05-29 19:31:14,twist,1,3089,success,6,1.0239,0.9973,0,96.99,2.72,100.0,0.0,99.2,0.8
2026-05-29 19:31:20,twist,1,3090,success,6,1.151,0.7818,0,96.99,2.72,100.0,0.0,99.2,0.8
2026-05-29 19:31:29,twist,1,3091,success,8,0.756,0.3059,0,96.99,2.72,100.0,0.0,99.2,0.8
2026-05-29 19:31:44,twist,1,3092,success,14,0.7046,0.6953,0,96.99,2.72,100.0,0.0,99.2,0.8
2026-05-29 19:31:49,twist,1,3093,success,4,1.0505,1.5926,0,96.99,2.72,100.0,0.0,99.2,0.8
2026-05-29 19:31:56,twist,1,3094,success,6,0.4339,1.8455,0,96.99,2.71,100.0,0.0,99.2,0.8
2026-05-29 19:32:03,twist,1,3095,success,6,0.3652,1.7469,0,97.0,2.71,100.0,0.0,99.2,0.8
2026-05-29 19:32:14,twist,1,3096,success,10,0.6676,1.0001,0,97.0,2.71,100.0,0.0,99.2,0.8
2026-05-29 19:32:24,twist,1,3097,success,10,0.6204,1.0952,0,97.0,2.71,100.0,0.0,99.2,0.8
2026-05-29 19:32:36,twist,1,3098,success,11,0.6724,1.099,0,97.0,2.71,100.0,0.0,99.2,0.8
2026-05-29 19:32:44,twist,1,3099,success,7,1.05,0.9877,0,97.0,2.71,100.0,0.0,99.2,0.8
2026-05-29 19:32:51,twist,1,3100,success,6,0.9121,1.0502,0,97.0,2.71,100.0,0.0,99.2,0.8
2026-05-29 19:32:57,twist,1,3101,success,4,1.0455,1.1454,0,97.0,2.71,100.0,0.0,99.2,0.8
2026-05-29 19:33:00,twist,1,3102,success,2,0.8821,1.92,0,97.0,2.71,100.0,0.0,99.2,0.8
2026-05-29 19:33:09,twist,1,3103,success,8,0.4004,1.5741,0,97.0,2.71,100.0,0.0,99.2,0.8
2026-05-29 19:33:14,twist,1,3104,success,4,1.0612,1.3189,0,97.0,2.71,100.0,0.0,99.2,0.8
2026-05-29 19:33:24,twist,1,3105,success,10,0.7034,1.0093,0,97.0,2.71,100.0,0.0,99.2,0.8
2026-05-29 19:33:35,twist,1,3106,success,10,0.4309,1.6641,0,97.01,2.7,100.0,0.0,99.2,0.8
2026-05-29 19:33:40,twist,1,3107,success,4,1.0842,1.468,0,97.01,2.7,100.0,0.0,99.2,0.8
2026-05-29 19:33:53,twist,1,3108,success,12,0.2085,1.1874,0,97.01,2.7,100.0,0.0,99.2,0.8
2026-05-29 19:34:17,twist,1,3109,collision,-1,0.4659,0.12,1,96.98,2.73,99.0,1.0,99.0,1.0
2026-05-29 19:34:18,twist,1,3110,success,1,192.1128,2.3226,0,96.98,2.73,99.0,1.0,99.0,1.0
2026-05-29 19:34:25,twist,1,3111,success,5,1.0042,1.3126,0,96.98,2.73,99.0,1.0,99.0,1.0
2026-05-29 19:34:35,twist,1,3112,success,8,0.868,0.5565,0,96.98,2.73,99.0,1.0,99.0,1.0
2026-05-29 19:34:40,twist,1,3113,success,4,1.2396,1.373,0,96.98,2.73,99.0,1.0,99.0,1.0
2026-05-29 19:34:52,twist,1,3114,success,12,0.6601,0.7553,0,96.98,2.73,99.0,1.0,99.0,1.0
2026-05-29 19:34:54,twist,1,3115,success,1,283.3232,2.3176,0,96.98,2.73,99.0,1.0,99.0,1.0
2026-05-29 19:35:01,twist,1,3116,success,5,0.8767,1.4111,0,96.98,2.73,99.0,1.0,99.0,1.0
2026-05-29 19:35:03,twist,1,3117,success,1,36.8491,2.3198,0,96.98,2.73,99.0,1.0,99.0,1.0
2026-05-29 19:35:15,twist,1,3118,success,11,0.9232,0.793,0,96.99,2.73,99.0,1.0,99.0,1.0
2026-05-29 19:35:22,twist,1,3119,success,7,1.0739,0.781,0,96.99,2.73,99.0,1.0,99.0,1.0
2026-05-29 19:35:36,twist,1,3120,success,13,0.5453,0.8186,0,96.99,2.72,99.0,1.0,99.0,1.0
2026-05-29 19:35:49,twist,1,3121,success,12,0.6877,0.8786,0,96.99,2.72,99.0,1.0,99.0,1.0
2026-05-29 19:36:02,twist,1,3122,success,12,0.6834,0.8396,0,96.99,2.72,99.0,1.0,99.0,1.0
2026-05-29 19:36:10,twist,1,3123,success,6,0.929,1.4532,0,96.99,2.72,99.0,1.0,99.0,1.0
2026-05-29 19:36:17,twist,1,3124,success,6,0.6682,0.8333,0,96.99,2.72,99.0,1.0,99.0,1.0
2026-05-29 19:36:18,twist,1,3125,success,1,14.2922,2.3299,0,96.99,2.72,99.0,1.0,99.0,1.0
2026-05-29 19:36:24,twist,1,3126,success,3,0.903,1.7686,0,96.99,2.72,99.0,1.0,99.0,1.0
2026-05-29 19:36:33,twist,1,3127,success,8,0.8908,0.5545,0,96.99,2.72,99.0,1.0,99.0,1.0
2026-05-29 19:36:47,twist,1,3128,success,14,0.7282,0.5454,0,96.99,2.72,99.0,1.0,99.0,1.0
2026-05-29 19:37:05,twist,1,3129,success,18,0.5127,0.6266,0,97.0,2.72,99.0,1.0,99.0,1.0
2026-05-29 19:37:16,twist,1,3130,success,10,0.6426,1.136,0,97.0,2.72,99.0,1.0,99.0,1.0
2026-05-29 19:37:26,twist,1,3131,success,8,0.4796,1.5601,0,97.0,2.71,99.0,1.0,99.0,1.0
2026-05-29 19:37:42,twist,1,3132,success,16,0.3138,0.6763,0,97.0,2.71,99.0,1.0,99.0,1.0
2026-05-29 19:37:53,twist,1,3133,success,10,0.4024,1.4025,0,97.0,2.71,99.0,1.0,99.0,1.0
2026-05-29 19:38:08,twist,1,3134,success,14,0.6464,0.7878,0,97.0,2.71,99.0,1.0,99.0,1.0
2026-05-29 19:38:20,twist,1,3135,success,12,0.5024,1.3277,0,97.0,2.71,99.0,1.0,99.0,1.0
2026-05-29 19:38:34,twist,1,3136,success,12,0.7264,0.7601,0,97.0,2.71,99.0,1.0,99.0,1.0
2026-05-29 19:38:41,twist,1,3137,success,6,0.8034,1.0049,0,97.0,2.71,99.0,1.0,99.0,1.0
2026-05-29 19:38:52,twist,1,3138,success,10,0.7957,1.3249,0,97.0,2.71,99.0,1.0,99.0,1.0
2026-05-29 19:39:04,twist,1,3139,success,12,0.8468,0.5911,0,97.01,2.71,99.0,1.0,99.0,1.0
2026-05-29 19:39:09,twist,1,3140,success,4,0.9656,1.4963,0,97.01,2.71,99.0,1.0,99.0,1.0
2026-05-29 19:39:19,twist,1,3141,success,11,0.3905,1.5099,0,97.01,2.71,99.0,1.0,99.0,1.0
2026-05-29 19:39:32,twist,1,3142,success,11,0.7846,0.5753,0,97.01,2.71,99.0,1.0,99.0,1.0
2026-05-29 19:39:45,twist,1,3143,success,12,0.4068,1.1841,0,97.01,2.7,99.0,1.0,99.0,1.0
2026-05-29 19:39:56,twist,1,3144,success,10,0.7915,0.7296,0,97.01,2.7,99.0,1.0,99.0,1.0
2026-05-29 19:40:02,twist,1,3145,success,4,0.7866,1.4011,0,97.01,2.7,99.0,1.0,99.0,1.0
2026-05-29 19:40:14,twist,1,3146,success,12,0.2917,1.3072,0,97.01,2.7,99.0,1.0,99.0,1.0
2026-05-29 19:40:20,twist,1,3147,success,4,1.2727,1.4788,0,97.01,2.7,99.0,1.0,99.0,1.0
2026-05-29 19:40:37,twist,1,3148,success,16,0.4907,0.3786,0,97.01,2.7,99.0,1.0,99.0,1.0
2026-05-29 19:40:43,twist,1,3149,success,6,0.6643,1.514,0,97.01,2.7,99.0,1.0,99.0,1.0
2026-05-29 19:40:54,twist,1,3150,success,11,0.9028,1.0251,0,97.02,2.7,99.0,1.0,99.0,1.0
2026-05-29 19:40:57,twist,1,3151,success,1,70.2811,2.3196,0,97.02,2.7,99.0,1.0,99.0,1.0
2026-05-29 19:41:06,twist,1,3152,success,8,0.5443,1.5379,0,97.02,2.7,99.0,1.0,99.0,1.0
2026-05-29 19:41:24,twist,1,3153,success,18,0.6613,0.4823,0,97.02,2.7,99.0,1.0,99.0,1.0
2026-05-29 19:41:33,twist,1,3154,success,8,1.0211,0.6754,0,97.02,2.69,99.0,1.0,99.0,1.0
2026-05-29 19:41:46,twist,1,3155,success,12,0.5853,0.9034,0,97.02,2.69,99.0,1.0,99.0,1.0
2026-05-29 19:41:59,twist,1,3156,success,12,0.4824,1.3304,0,97.02,2.69,99.0,1.0,99.0,1.0
2026-05-29 19:42:06,twist,1,3157,success,6,0.9297,0.7364,0,97.02,2.69,99.0,1.0,99.0,1.0
2026-05-29 19:42:15,twist,1,3158,success,8,0.8065,1.05,0,97.02,2.69,99.0,1.0,99.0,1.0
2026-05-29 19:42:19,twist,1,3159,success,3,1.2411,1.8235,0,97.02,2.69,99.0,1.0,99.0,1.0
2026-05-29 19:42:33,twist,1,3160,success,13,0.8347,0.4984,0,97.03,2.69,99.0,1.0,99.0,1.0
2026-05-29 19:42:48,twist,1,3161,success,14,0.6554,0.5826,0,97.03,2.69,99.0,1.0,99.0,1.0
2026-05-29 19:43:00,twist,1,3162,collision,-1,0.4941,0.1507,1,97.0,2.72,98.0,2.0,98.8,1.2
2026-05-29 19:43:06,twist,1,3163,success,4,1.3789,1.5716,0,97.0,2.72,98.0,2.0,98.8,1.2
2026-05-29 19:43:13,twist,1,3164,success,6,1.0466,0.6556,0,97.0,2.72,98.0,2.0,98.8,1.2
2026-05-29 19:43:20,twist,1,3165,success,6,0.9151,0.9319,0,97.0,2.72,98.0,2.0,98.8,1.2
2026-05-29 19:43:32,twist,1,3166,success,10,0.7196,0.3733,0,97.0,2.72,98.0,2.0,98.8,1.2
2026-05-29 19:43:34,twist,1,3167,success,1,261.7912,2.3152,0,97.0,2.72,98.0,2.0,98.8,1.2
2026-05-29 19:43:45,twist,1,3168,success,9,0.347,1.6363,0,97.0,2.71,98.0,2.0,98.8,1.2
2026-05-29 19:43:48,twist,1,3169,success,2,1.1295,1.7915,0,97.0,2.71,98.0,2.0,98.8,1.2
2026-05-29 19:43:57,twist,1,3170,success,8,0.4507,1.4537,0,97.0,2.71,98.0,2.0,98.8,1.2
2026-05-29 19:44:09,twist,1,3171,success,12,0.2712,1.7288,0,97.0,2.71,98.0,2.0,98.8,1.2
2026-05-29 19:44:17,twist,1,3172,success,8,0.409,1.8515,0,97.01,2.71,98.0,2.0,98.8,1.2
2026-05-29 19:44:27,twist,1,3173,success,8,0.8742,0.6197,0,97.01,2.71,98.0,2.0,98.8,1.2
2026-05-29 19:44:33,twist,1,3174,success,6,0.9308,1.2513,0,97.01,2.71,98.0,2.0,98.8,1.2
2026-05-29 19:44:42,twist,1,3175,success,8,0.8719,0.6243,0,97.01,2.71,98.0,2.0,98.8,1.2
2026-05-29 19:44:51,twist,1,3176,success,8,0.7564,0.6337,0,97.01,2.71,98.0,2.0,98.8,1.2
2026-05-29 19:45:04,twist,1,3177,success,12,0.6595,0.8291,0,97.01,2.71,98.0,2.0,98.8,1.2
2026-05-29 19:45:18,twist,1,3178,success,14,0.3794,1.1182,0,97.01,2.71,98.0,2.0,98.8,1.2
2026-05-29 19:45:25,twist,1,3179,success,6,1.1545,0.7025,0,97.01,2.71,98.0,2.0,98.8,1.2
2026-05-29 19:45:29,twist,1,3180,success,2,1.5003,1.9143,0,97.01,2.7,98.0,2.0,98.8,1.2
2026-05-29 19:45:38,twist,1,3181,success,8,0.6009,1.6573,0,97.01,2.7,98.0,2.0,98.8,1.2
2026-05-29 19:45:50,twist,1,3182,success,12,0.7832,0.8332,0,97.01,2.7,98.0,2.0,98.8,1.2
2026-05-29 19:45:57,twist,1,3183,success,6,0.6544,1.8065,0,97.02,2.7,98.0,2.0,98.8,1.2
2026-05-29 19:46:06,twist,1,3184,success,8,0.6353,0.8332,0,97.02,2.7,98.0,2.0,98.8,1.2
2026-05-29 19:46:17,twist,1,3185,success,10,0.538,1.4015,0,97.02,2.7,98.0,2.0,98.8,1.2
2026-05-29 19:46:21,twist,1,3186,success,2,0.8663,1.8901,0,97.02,2.7,98.0,2.0,98.8,1.2
2026-05-29 19:46:36,twist,1,3187,success,14,0.7503,0.5217,0,97.02,2.7,98.0,2.0,98.8,1.2
2026-05-29 19:46:44,twist,1,3188,success,8,1.1261,0.752,0,97.02,2.7,98.0,2.0,98.8,1.2
2026-05-29 19:46:56,twist,1,3189,success,12,0.6103,1.4445,0,97.02,2.7,98.0,2.0,98.8,1.2
2026-05-29 19:47:07,twist,1,3190,success,10,0.7897,0.2542,1,97.02,2.7,98.0,2.0,98.8,1.2
2026-05-29 19:47:16,twist,1,3191,success,8,0.6594,1.057,0,97.02,2.7,98.0,2.0,98.8,1.2
2026-05-29 19:47:23,twist,1,3192,success,6,1.1197,1.1395,0,97.02,2.69,98.0,2.0,98.8,1.2
2026-05-29 19:47:30,twist,1,3193,success,6,0.9303,1.0656,0,97.02,2.69,98.0,2.0,98.8,1.2
2026-05-29 19:47:39,twist,1,3194,success,8,0.3769,1.7212,0,97.03,2.69,98.0,2.0,98.8,1.2
2026-05-29 19:47:47,twist,1,3195,success,6,0.5302,1.8609,0,97.03,2.69,98.0,2.0,98.8,1.2
2026-05-29 19:47:52,twist,1,3196,success,4,1.0638,1.2786,0,97.03,2.69,98.0,2.0,98.8,1.2
2026-05-29 19:47:57,twist,1,3197,success,4,0.9911,1.781,0,97.03,2.69,98.0,2.0,98.8,1.2
2026-05-29 19:48:02,twist,1,3198,success,4,1.0323,1.1917,0,97.03,2.69,98.0,2.0,98.8,1.2
2026-05-29 19:48:13,twist,1,3199,success,10,0.6512,1.4129,0,97.03,2.69,98.0,2.0,98.8,1.2
2026-05-29 19:48:24,twist,1,3200,success,10,0.4999,1.2228,0,97.03,2.69,98.0,2.0,98.8,1.2
2026-05-29 19:48:29,twist,1,3201,success,4,1.0466,1.6384,0,97.03,2.69,98.0,2.0,98.8,1.2
2026-05-29 19:48:40,twist,1,3202,success,10,0.6996,1.4823,0,97.03,2.69,98.0,2.0,98.8,1.2
2026-05-29 19:48:49,twist,1,3203,success,8,1.0495,0.7821,0,97.03,2.68,98.0,2.0,98.8,1.2
2026-05-29 19:48:54,twist,1,3204,success,4,1.2793,1.2669,0,97.03,2.68,98.0,2.0,98.8,1.2
2026-05-29 19:49:07,twist,1,3205,success,12,0.673,0.7451,0,97.04,2.68,98.0,2.0,98.8,1.2
2026-05-29 19:49:21,twist,1,3206,success,14,0.4702,0.8494,0,97.04,2.68,98.0,2.0,98.8,1.2
2026-05-29 19:49:28,twist,1,3207,success,6,0.9137,0.7849,0,97.04,2.68,98.0,2.0,98.8,1.2
2026-05-29 19:49:40,twist,1,3208,success,10,0.9304,0.4351,0,97.04,2.68,98.0,2.0,98.8,1.2
2026-05-29 19:49:41,twist,1,3209,success,1,55.3577,2.3177,0,97.04,2.68,99.0,1.0,98.8,1.2
2026-05-29 19:50:01,twist,1,3210,success,17,0.358,1.0705,0,97.04,2.68,99.0,1.0,98.8,1.2
2026-05-29 19:50:10,twist,1,3211,success,8,0.7379,1.3291,0,97.04,2.68,99.0,1.0,98.8,1.2
2026-05-29 19:50:21,twist,1,3212,success,10,0.6035,1.7869,0,97.04,2.68,99.0,1.0,98.8,1.2
2026-05-29 19:50:33,twist,1,3213,success,10,0.4226,1.5937,0,97.04,2.68,99.0,1.0,98.8,1.2
2026-05-29 19:50:36,twist,1,3214,success,2,0.775,1.8114,0,97.04,2.68,99.0,1.0,98.8,1.2
2026-05-29 19:50:43,twist,1,3215,success,6,1.2179,0.9693,0,97.05,2.67,99.0,1.0,98.8,1.2
2026-05-29 19:51:00,twist,1,3216,success,16,0.7569,0.4876,0,97.05,2.67,99.0,1.0,98.8,1.2
2026-05-29 19:51:11,twist,1,3217,success,10,0.6098,1.0541,0,97.05,2.67,99.0,1.0,98.8,1.2
2026-05-29 19:51:21,twist,1,3218,success,8,0.9737,0.7451,0,97.05,2.67,99.0,1.0,98.8,1.2
2026-05-29 19:51:28,twist,1,3219,success,6,0.4082,1.8654,0,97.05,2.67,99.0,1.0,98.8,1.2
2026-05-29 19:51:49,twist,1,3220,success,20,0.1882,0.7754,0,97.05,2.67,99.0,1.0,98.8,1.2
2026-05-29 19:51:54,twist,1,3221,success,4,0.9177,1.0153,0,97.05,2.67,99.0,1.0,98.8,1.2
2026-05-29 19:52:01,twist,1,3222,success,6,0.9822,1.34,0,97.05,2.67,99.0,1.0,98.8,1.2
2026-05-29 19:52:06,twist,1,3223,success,4,1.2017,1.1436,0,97.05,2.67,99.0,1.0,98.8,1.2
2026-05-29 19:52:30,twist,1,3224,success,22,0.1991,1.0615,0,97.05,2.67,99.0,1.0,98.8,1.2
2026-05-29 19:52:43,twist,1,3225,success,12,0.6669,0.5391,0,97.05,2.67,99.0,1.0,98.8,1.2
2026-05-29 19:52:52,twist,1,3226,success,8,0.8555,0.611,0,97.06,2.67,99.0,1.0,98.8,1.2
2026-05-29 19:53:07,twist,1,3227,success,14,0.5174,0.895,0,97.06,2.67,99.0,1.0,98.8,1.2
2026-05-29 19:53:18,twist,1,3228,success,10,0.8265,0.959,0,97.06,2.66,99.0,1.0,98.8,1.2
2026-05-29 19:53:21,twist,1,3229,success,2,1.313,1.6707,0,97.06,2.66,99.0,1.0,98.8,1.2
2026-05-29 19:53:32,twist,1,3230,success,10,0.6936,0.8227,0,97.06,2.66,99.0,1.0,98.8,1.2
2026-05-29 19:53:45,twist,1,3231,success,12,0.8633,0.5651,0,97.06,2.66,99.0,1.0,98.8,1.2
2026-05-29 19:53:52,twist,1,3232,success,6,0.9392,1.0701,0,97.06,2.66,99.0,1.0,98.8,1.2
2026-05-29 19:54:05,twist,1,3233,success,12,0.6005,0.6975,0,97.06,2.66,99.0,1.0,98.8,1.2
2026-05-29 19:54:17,twist,1,3234,success,10,0.8315,0.8581,0,97.06,2.66,99.0,1.0,98.8,1.2
2026-05-29 19:54:24,twist,1,3235,success,6,0.3265,1.702,0,97.06,2.66,99.0,1.0,98.8,1.2
2026-05-29 19:54:34,twist,1,3236,success,8,0.6983,1.0629,0,97.06,2.66,99.0,1.0,98.8,1.2
2026-05-29 19:54:47,twist,1,3237,success,12,0.6044,0.5847,0,97.07,2.66,99.0,1.0,98.8,1.2
2026-05-29 19:54:58,twist,1,3238,success,10,0.6448,1.1379,0,97.07,2.66,99.0,1.0,98.8,1.2
2026-05-29 19:55:03,twist,1,3239,success,4,1.0348,1.5583,0,97.07,2.66,99.0,1.0,98.8,1.2
2026-05-29 19:55:10,twist,1,3240,success,6,0.7877,1.1362,0,97.07,2.65,99.0,1.0,98.8,1.2
2026-05-29 19:55:28,twist,1,3241,success,18,0.4338,1.019,0,97.07,2.65,99.0,1.0,98.8,1.2
2026-05-29 19:55:46,twist,1,3242,success,16,0.7246,0.4493,0,97.07,2.65,99.0,1.0,98.8,1.2
2026-05-29 19:56:01,twist,1,3243,success,14,0.5089,0.5737,0,97.07,2.65,99.0,1.0,98.8,1.2
2026-05-29 19:56:12,twist,1,3244,success,10,0.6851,1.109,0,97.07,2.65,99.0,1.0,98.8,1.2
2026-05-29 19:56:25,twist,1,3245,success,12,0.6927,0.6983,0,97.07,2.65,99.0,1.0,98.8,1.2
2026-05-29 19:56:37,twist,1,3246,success,10,0.4989,0.4808,0,97.07,2.65,99.0,1.0,98.8,1.2
2026-05-29 19:56:50,twist,1,3247,success,12,0.7807,0.4513,0,97.07,2.65,99.0,1.0,98.8,1.2
2026-05-29 19:57:03,twist,1,3248,success,12,0.6668,1.1316,0,97.08,2.65,99.0,1.0,98.8,1.2
2026-05-29 19:57:10,twist,1,3249,success,6,1.0283,1.1846,0,97.08,2.65,99.0,1.0,98.8,1.2
2026-05-29 19:57:17,twist,1,3250,success,6,1.0886,1.1552,0,97.08,2.65,99.0,1.0,98.8,1.2
2026-05-29 19:57:26,twist,1,3251,success,8,0.4443,1.1916,0,97.08,2.65,99.0,1.0,98.8,1.2
2026-05-29 19:57:34,twist,1,3252,success,6,0.7409,1.2698,0,97.08,2.64,99.0,1.0,98.8,1.2
2026-05-29 19:57:44,twist,1,3253,success,10,0.577,0.9633,0,97.08,2.64,99.0,1.0,98.8,1.2
2026-05-29 19:57:46,twist,1,3254,success,1,62.6353,2.327,0,97.08,2.64,99.0,1.0,98.8,1.2
2026-05-29 19:57:50,twist,1,3255,success,1,40.412,2.3135,0,97.08,2.64,99.0,1.0,98.8,1.2
2026-05-29 19:57:57,twist,1,3256,success,6,0.4368,1.5256,0,97.08,2.64,99.0,1.0,98.8,1.2
2026-05-29 19:58:12,twist,1,3257,success,14,0.3881,1.4397,0,97.08,2.64,99.0,1.0,98.8,1.2
2026-05-29 19:58:26,twist,1,3258,success,14,0.7263,0.2802,1,97.08,2.64,99.0,1.0,98.8,1.2
2026-05-29 19:58:36,twist,1,3259,success,8,0.815,0.787,0,97.08,2.64,99.0,1.0,98.8,1.2
2026-05-29 19:58:45,twist,1,3260,success,8,0.648,1.7514,0,97.09,2.64,99.0,1.0,98.8,1.2
2026-05-29 19:58:54,twist,1,3261,success,8,0.7983,0.8443,0,97.09,2.64,99.0,1.0,98.8,1.2
2026-05-29 19:59:07,twist,1,3262,success,12,0.7466,0.9561,0,97.09,2.64,100.0,0.0,98.8,1.2
2026-05-29 19:59:23,twist,1,3263,success,16,0.4939,0.7562,0,97.09,2.64,100.0,0.0,98.8,1.2
2026-05-29 19:59:32,twist,1,3264,success,8,0.951,0.4613,0,97.09,2.63,100.0,0.0,98.8,1.2
2026-05-29 19:59:41,twist,1,3265,success,9,0.9046,0.9099,0,97.09,2.63,100.0,0.0,98.8,1.2
2026-05-29 19:59:48,twist,1,3266,success,5,0.7772,1.6682,0,97.09,2.63,100.0,0.0,98.8,1.2
2026-05-29 19:59:55,twist,1,3267,success,6,1.053,1.2714,0,97.09,2.63,100.0,0.0,98.8,1.2
2026-05-29 20:00:13,twist,1,3268,success,18,0.5401,0.6805,0,97.09,2.63,100.0,0.0,98.8,1.2
2026-05-29 20:00:20,twist,1,3269,success,6,1.1016,0.9278,0,97.09,2.63,100.0,0.0,98.8,1.2
2026-05-29 20:00:23,twist,1,3270,success,2,0.9813,1.783,0,97.09,2.63,100.0,0.0,98.8,1.2
2026-05-29 20:00:33,twist,1,3271,success,8,0.4382,1.6519,0,97.1,2.63,100.0,0.0,98.8,1.2
2026-05-29 20:00:38,twist,1,3272,success,4,0.7737,1.0245,0,97.1,2.63,100.0,0.0,98.8,1.2
2026-05-29 20:00:48,twist,1,3273,success,8,0.7765,0.8648,0,97.1,2.63,100.0,0.0,98.8,1.2
2026-05-29 20:01:12,twist,1,3274,success,22,0.1291,0.9725,0,97.1,2.63,100.0,0.0,98.8,1.2
2026-05-29 20:01:19,twist,1,3275,success,6,0.9279,0.8549,0,97.1,2.63,100.0,0.0,98.8,1.2
2026-05-29 20:01:30,twist,1,3276,success,10,0.6343,1.3507,0,97.1,2.63,100.0,0.0,98.8,1.2
2026-05-29 20:01:40,twist,1,3277,success,10,0.5266,1.7114,0,97.1,2.62,100.0,0.0,98.8,1.2
2026-05-29 20:01:51,twist,1,3278,success,10,1.0379,0.6423,0,97.1,2.62,100.0,0.0,98.8,1.2
2026-05-29 20:01:56,twist,1,3279,success,4,1.0754,1.6174,0,97.1,2.62,100.0,0.0,98.8,1.2
2026-05-29 20:02:03,twist,1,3280,success,6,0.6418,1.3553,0,97.1,2.62,100.0,0.0,98.8,1.2
2026-05-29 20:02:09,twist,1,3281,success,4,1.1359,1.2387,0,97.1,2.62,100.0,0.0,98.8,1.2
2026-05-29 20:02:10,twist,1,3282,success,1,59.235,2.3266,0,97.11,2.62,100.0,0.0,98.8,1.2
2026-05-29 20:02:21,twist,1,3283,success,9,0.7017,0.5991,0,97.11,2.62,100.0,0.0,98.8,1.2
2026-05-29 20:02:30,twist,1,3284,success,8,0.8801,0.425,0,97.11,2.62,100.0,0.0,98.8,1.2
2026-05-29 20:02:45,twist,1,3285,success,14,0.4633,0.9699,0,97.11,2.62,100.0,0.0,98.8,1.2
2026-05-29 20:02:54,twist,1,3286,success,8,1.0551,0.8065,0,97.11,2.62,100.0,0.0,98.8,1.2
2026-05-29 20:03:05,twist,1,3287,success,10,0.6962,1.3479,0,97.11,2.62,100.0,0.0,98.8,1.2
2026-05-29 20:03:18,twist,1,3288,success,12,0.7024,0.7157,0,97.11,2.62,100.0,0.0,98.8,1.2
2026-05-29 20:03:31,twist,1,3289,success,12,0.5368,1.2643,0,97.11,2.61,100.0,0.0,98.8,1.2
2026-05-29 20:03:39,twist,1,3290,success,7,1.2298,1.5668,0,97.11,2.61,100.0,0.0,98.8,1.2
2026-05-29 20:03:52,twist,1,3291,success,11,0.5743,1.3422,0,97.11,2.61,100.0,0.0,98.8,1.2
2026-05-29 20:03:59,twist,1,3292,success,6,0.9199,1.1855,0,97.11,2.61,100.0,0.0,98.8,1.2
2026-05-29 20:04:13,twist,1,3293,success,14,0.6798,0.6869,0,97.12,2.61,100.0,0.0,98.8,1.2
2026-05-29 20:04:20,twist,1,3294,success,6,0.8747,1.0788,0,97.12,2.61,100.0,0.0,98.8,1.2
2026-05-29 20:04:29,twist,1,3295,success,8,0.9617,0.7892,0,97.12,2.61,100.0,0.0,98.8,1.2
2026-05-29 20:04:36,twist,1,3296,success,6,0.8541,1.1329,0,97.12,2.61,100.0,0.0,98.8,1.2
2026-05-29 20:04:44,twist,1,3297,success,6,1.0097,1.2662,0,97.12,2.61,100.0,0.0,98.8,1.2
2026-05-29 20:04:55,twist,1,3298,success,10,0.8398,0.4775,0,97.12,2.61,100.0,0.0,98.8,1.2
2026-05-29 20:05:07,twist,1,3299,success,10,0.2408,1.6366,0,97.12,2.61,100.0,0.0,98.8,1.2
2026-05-29 20:05:13,twist,1,3300,success,6,0.8572,1.1745,0,97.12,2.61,100.0,0.0,98.8,1.2
2026-05-29 20:05:21,twist,1,3301,success,7,0.7003,1.6463,0,97.12,2.61,100.0,0.0,99.0,1.0
2026-05-29 20:05:33,twist,1,3302,success,11,0.8348,0.9333,0,97.12,2.6,100.0,0.0,99.0,1.0
2026-05-29 20:05:48,twist,1,3303,success,14,0.5511,0.7693,0,97.12,2.6,100.0,0.0,99.0,1.0
2026-05-29 20:05:59,twist,1,3304,success,10,0.6319,0.8415,0,97.12,2.6,100.0,0.0,99.0,1.0
2026-05-29 20:06:09,twist,1,3305,success,10,0.6453,0.9008,0,97.13,2.6,100.0,0.0,99.0,1.0
2026-05-29 20:06:16,twist,1,3306,success,6,0.8382,1.0815,0,97.13,2.6,100.0,0.0,99.0,1.0
2026-05-29 20:06:24,twist,1,3307,success,6,0.8987,0.6106,0,97.13,2.6,100.0,0.0,99.0,1.0
2026-05-29 20:06:29,twist,1,3308,success,4,0.8307,1.3526,0,97.13,2.6,100.0,0.0,99.0,1.0
2026-05-29 20:06:36,twist,1,3309,success,7,0.9997,0.7691,0,97.13,2.6,100.0,0.0,99.0,1.0
2026-05-29 20:06:47,twist,1,3310,success,9,0.7564,1.535,0,97.13,2.6,100.0,0.0,99.0,1.0
2026-05-29 20:06:57,twist,1,3311,success,8,0.8965,0.4424,0,97.13,2.6,100.0,0.0,99.0,1.0
2026-05-29 20:07:04,twist,1,3312,success,6,0.6324,1.4212,0,97.13,2.6,100.0,0.0,99.0,1.0
2026-05-29 20:07:17,twist,1,3313,success,12,0.7198,0.6095,0,97.13,2.6,100.0,0.0,99.0,1.0
2026-05-29 20:07:34,twist,1,3314,collision,-1,0.4601,0.12,1,97.1,2.63,99.0,1.0,98.8,1.2
2026-05-29 20:07:43,twist,1,3315,success,8,0.5111,1.802,0,97.1,2.62,99.0,1.0,98.8,1.2
2026-05-29 20:07:44,twist,1,3316,success,1,21.7583,2.3365,0,97.1,2.62,99.0,1.0,98.8,1.2
2026-05-29 20:07:51,twist,1,3317,success,5,1.3122,1.4716,0,97.11,2.62,99.0,1.0,98.8,1.2
2026-05-29 20:08:00,twist,1,3318,success,8,0.85,0.6021,0,97.11,2.62,99.0,1.0,98.8,1.2
2026-05-29 20:19:23,twist,1,3319,success,8,1.0393,0.6664,0,97.11,2.62,99.0,1.0,98.8,1.2
2026-05-29 20:19:29,twist,1,3320,success,4,0.8367,1.2387,0,97.11,2.62,99.0,1.0,98.8,1.2
2026-05-29 20:19:40,twist,1,3321,success,10,0.6454,1.2998,0,97.11,2.62,99.0,1.0,98.8,1.2
2026-05-29 20:19:49,twist,1,3322,success,8,0.2864,1.7329,0,97.11,2.62,99.0,1.0,98.8,1.2
2026-05-29 20:19:54,twist,1,3323,success,4,0.8894,1.4375,0,97.11,2.62,99.0,1.0,98.8,1.2
2026-05-29 20:20:03,twist,1,3324,success,8,1.0746,1.0051,0,97.11,2.62,99.0,1.0,98.8,1.2
2026-05-29 20:20:15,twist,1,3325,success,10,0.6499,1.2356,0,97.11,2.62,99.0,1.0,98.8,1.2
2026-05-29 20:20:22,twist,1,3326,success,6,0.9553,1.0421,0,97.11,2.62,99.0,1.0,98.8,1.2
2026-05-29 20:20:24,twist,1,3327,success,1,54.4864,2.3153,0,97.11,2.61,99.0,1.0,98.8,1.2
2026-05-29 20:20:35,twist,1,3328,success,9,0.7959,0.954,0,97.12,2.61,99.0,1.0,98.8,1.2
2026-05-29 20:20:45,twist,1,3329,success,8,0.4411,1.7828,0,97.12,2.61,99.0,1.0,98.8,1.2
2026-05-29 20:20:50,twist,1,3330,success,4,0.9267,1.5015,0,97.12,2.61,99.0,1.0,98.8,1.2
2026-05-29 20:20:55,twist,1,3331,success,4,0.715,1.5061,0,97.12,2.61,99.0,1.0,98.8,1.2
2026-05-29 20:21:00,twist,1,3332,success,4,1.0838,1.4792,0,97.12,2.61,99.0,1.0,98.8,1.2
2026-05-29 20:21:10,twist,1,3333,success,8,0.8327,0.7656,0,97.12,2.61,99.0,1.0,98.8,1.2
2026-05-29 20:21:25,twist,1,3334,success,14,0.6727,0.8011,0,97.12,2.61,99.0,1.0,98.8,1.2
2026-05-29 20:21:37,twist,1,3335,success,10,0.5684,1.0557,0,97.12,2.61,99.0,1.0,98.8,1.2
2026-05-29 20:21:51,twist,1,3336,success,12,0.5423,0.9493,0,97.12,2.61,99.0,1.0,98.8,1.2
2026-05-29 20:21:58,twist,1,3337,success,6,0.8479,1.2203,0,97.12,2.61,99.0,1.0,98.8,1.2
2026-05-29 20:22:04,twist,1,3338,success,4,0.8145,1.5597,0,97.12,2.61,99.0,1.0,98.8,1.2
2026-05-29 20:22:09,twist,1,3339,success,4,1.0939,1.4129,0,97.12,2.61,99.0,1.0,98.8,1.2
2026-05-29 20:22:16,twist,1,3340,success,6,0.6075,1.6891,0,97.13,2.6,99.0,1.0,98.8,1.2
2026-05-29 20:22:21,twist,1,3341,success,4,1.1189,1.0638,0,97.13,2.6,99.0,1.0,98.8,1.2
2026-05-29 20:22:29,twist,1,3342,success,2,1.0407,1.0708,0,97.13,2.6,99.0,1.0,98.8,1.2
2026-05-29 20:22:38,twist,1,3343,success,8,0.8639,0.5514,0,97.13,2.6,99.0,1.0,98.8,1.2
2026-05-29 20:22:50,twist,1,3344,success,10,0.3822,1.4429,0,97.13,2.6,99.0,1.0,98.8,1.2
2026-05-29 20:22:58,twist,1,3345,success,6,0.7446,1.3599,0,97.13,2.6,99.0,1.0,98.8,1.2
2026-05-29 20:23:07,twist,1,3346,success,8,0.2259,1.7475,0,97.13,2.6,99.0,1.0,98.8,1.2
2026-05-29 20:23:14,twist,1,3347,success,6,0.895,0.779,0,97.13,2.6,99.0,1.0,98.8,1.2
2026-05-29 20:23:24,twist,1,3348,success,8,0.7674,1.0677,0,97.13,2.6,99.0,1.0,98.8,1.2
2026-05-29 20:23:33,twist,1,3349,success,8,0.3082,1.7438,0,97.13,2.6,99.0,1.0,98.8,1.2
2026-05-29 20:23:41,twist,1,3350,success,6,1.0045,1.1626,0,97.13,2.6,99.0,1.0,98.8,1.2
2026-05-29 20:23:50,twist,1,3351,success,8,0.8735,0.5137,0,97.14,2.6,99.0,1.0,98.8,1.2
2026-05-29 20:23:55,twist,1,3352,success,4,1.0881,1.7195,0,97.14,2.6,99.0,1.0,98.8,1.2
2026-05-29 20:24:09,twist,1,3353,success,14,0.5971,0.7434,0,97.14,2.59,99.0,1.0,98.8,1.2
2026-05-29 20:24:19,twist,1,3354,success,8,0.4373,1.6718,0,97.14,2.59,99.0,1.0,98.8,1.2
2026-05-29 20:24:30,twist,1,3355,success,10,0.6202,1.1068,0,97.14,2.59,99.0,1.0,98.8,1.2
2026-05-29 20:24:40,twist,1,3356,success,8,0.9324,0.8088,0,97.14,2.59,99.0,1.0,98.8,1.2
2026-05-29 20:24:41,twist,1,3357,success,1,222.2879,2.3159,0,97.14,2.59,99.0,1.0,98.8,1.2
2026-05-29 20:24:57,twist,1,3358,success,13,0.5454,0.3784,0,97.14,2.59,99.0,1.0,98.8,1.2
2026-05-29 20:25:11,twist,1,3359,success,14,0.3872,1.5589,0,97.14,2.59,99.0,1.0,98.8,1.2
2026-05-29 20:25:18,twist,1,3360,success,6,0.5178,1.6702,0,97.14,2.59,99.0,1.0,98.8,1.2
2026-05-29 20:25:22,twist,1,3361,success,3,1.3664,1.8069,0,97.14,2.59,99.0,1.0,98.8,1.2
2026-05-29 20:25:36,twist,1,3362,success,13,0.8143,0.8642,0,97.14,2.59,99.0,1.0,98.8,1.2
2026-05-29 20:25:45,twist,1,3363,success,8,0.5684,1.5228,0,97.15,2.59,99.0,1.0,98.8,1.2
2026-05-29 20:25:56,twist,1,3364,success,10,0.8645,0.8228,0,97.15,2.59,99.0,1.0,98.8,1.2
2026-05-29 20:26:11,twist,1,3365,success,14,0.6332,0.6833,0,97.15,2.59,99.0,1.0,98.8,1.2
2026-05-29 20:26:22,twist,1,3366,success,10,0.8805,0.7716,0,97.15,2.58,99.0,1.0,98.8,1.2
2026-05-29 20:26:30,twist,1,3367,success,6,0.6101,1.4167,0,97.15,2.58,99.0,1.0,98.8,1.2
2026-05-29 20:26:35,twist,1,3368,success,5,1.0875,1.6599,0,97.15,2.58,99.0,1.0,98.8,1.2
2026-05-29 20:26:39,twist,1,3369,success,1,28.8949,2.3237,0,97.15,2.58,99.0,1.0,98.8,1.2
2026-05-29 20:26:52,twist,1,3370,success,12,0.6073,1.2086,0,97.15,2.58,99.0,1.0,98.8,1.2
2026-05-29 20:27:01,twist,1,3371,success,8,1.0754,0.5076,0,97.15,2.58,99.0,1.0,98.8,1.2
2026-05-29 20:27:14,twist,1,3372,success,12,0.5997,0.9007,0,97.15,2.58,99.0,1.0,98.8,1.2
2026-05-29 20:27:22,twist,1,3373,success,6,0.9366,0.7872,0,97.15,2.58,99.0,1.0,98.8,1.2
2026-05-29 20:27:29,twist,1,3374,success,6,1.0346,0.8951,0,97.15,2.58,99.0,1.0,98.8,1.2
2026-05-29 20:27:38,twist,1,3375,success,8,0.7243,1.1673,0,97.16,2.58,99.0,1.0,98.8,1.2
2026-05-29 20:27:47,twist,1,3376,success,8,0.9001,0.6998,0,97.16,2.58,99.0,1.0,98.8,1.2
2026-05-29 20:27:54,twist,1,3377,success,6,1.1028,1.3517,0,97.16,2.58,99.0,1.0,98.8,1.2
2026-05-29 20:28:03,twist,1,3378,success,8,0.3655,1.556,0,97.16,2.58,99.0,1.0,98.8,1.2
2026-05-29 20:28:09,twist,1,3379,success,4,1.0626,1.6028,0,97.16,2.57,99.0,1.0,98.8,1.2
2026-05-29 20:28:18,twist,1,3380,success,8,0.3459,1.7078,0,97.16,2.57,99.0,1.0,98.8,1.2
2026-05-29 20:28:29,twist,1,3381,success,10,0.6218,1.0404,0,97.16,2.57,99.0,1.0,98.8,1.2
2026-05-29 20:28:38,twist,1,3382,success,8,0.3944,1.6978,0,97.16,2.57,99.0,1.0,98.8,1.2
2026-05-29 20:28:47,twist,1,3383,success,8,0.8591,0.7625,0,97.16,2.57,99.0,1.0,98.8,1.2
2026-05-29 20:28:54,twist,1,3384,success,6,0.9554,1.1179,0,97.16,2.57,99.0,1.0,98.8,1.2
2026-05-29 20:29:05,twist,1,3385,success,10,0.6227,1.377,0,97.16,2.57,99.0,1.0,98.8,1.2
2026-05-29 20:29:12,twist,1,3386,success,6,0.6002,1.587,0,97.16,2.57,99.0,1.0,98.8,1.2
2026-05-29 20:29:24,twist,1,3387,success,12,0.5228,1.0106,0,97.17,2.57,99.0,1.0,98.8,1.2
2026-05-29 20:29:31,twist,1,3388,success,6,0.6627,1.4766,0,97.17,2.57,99.0,1.0,98.8,1.2
2026-05-29 20:29:46,twist,1,3389,success,14,0.7482,0.7463,0,97.17,2.57,99.0,1.0,98.8,1.2
2026-05-29 20:29:55,twist,1,3390,success,8,0.9208,0.5834,0,97.17,2.57,99.0,1.0,98.8,1.2
2026-05-29 20:30:13,twist,1,3391,success,16,0.4968,0.6506,0,97.17,2.57,99.0,1.0,98.8,1.2
2026-05-29 20:30:24,twist,1,3392,success,10,0.6501,0.8618,0,97.17,2.56,99.0,1.0,98.8,1.2
2026-05-29 20:30:38,twist,1,3393,success,12,0.5433,1.0537,0,97.17,2.56,99.0,1.0,98.8,1.2
2026-05-29 20:30:49,twist,1,3394,success,10,0.2197,1.7318,0,97.17,2.56,99.0,1.0,98.8,1.2
2026-05-29 20:31:01,twist,1,3395,success,10,0.7538,1.489,0,97.17,2.56,99.0,1.0,98.8,1.2
2026-05-29 20:31:08,twist,1,3396,success,6,1.1138,0.9618,0,97.17,2.56,99.0,1.0,98.8,1.2
2026-05-29 20:31:15,twist,1,3397,success,6,0.7459,1.3851,0,97.17,2.56,99.0,1.0,98.8,1.2
2026-05-29 20:31:17,twist,1,3398,success,1,20.9015,2.3063,0,97.17,2.56,99.0,1.0,98.8,1.2
2026-05-29 20:31:29,twist,1,3399,success,11,0.7052,0.9453,0,97.18,2.56,99.0,1.0,98.8,1.2
2026-05-29 20:31:35,twist,1,3400,success,4,0.8474,1.3566,0,97.18,2.56,99.0,1.0,98.8,1.2
2026-05-29 20:31:40,twist,1,3401,success,4,0.9621,1.445,0,97.18,2.56,99.0,1.0,98.8,1.2
2026-05-29 20:31:45,twist,1,3402,success,4,0.9134,1.43,0,97.18,2.56,99.0,1.0,98.8,1.2
2026-05-29 20:31:53,twist,1,3403,success,6,0.7933,1.2141,0,97.18,2.56,99.0,1.0,98.8,1.2
2026-05-29 20:32:08,twist,1,3404,success,14,0.7346,0.7473,0,97.18,2.56,99.0,1.0,98.8,1.2
2026-05-29 20:32:14,twist,1,3405,success,6,1.2302,1.2477,0,97.18,2.56,99.0,1.0,98.8,1.2
2026-05-29 20:32:24,twist,1,3406,success,8,0.6637,1.277,0,97.18,2.55,99.0,1.0,98.8,1.2
2026-05-29 20:32:36,twist,1,3407,success,10,0.5497,1.0981,0,97.18,2.55,99.0,1.0,98.8,1.2
2026-05-29 20:32:39,twist,1,3408,success,2,1.4286,1.8791,0,97.18,2.55,99.0,1.0,98.8,1.2
2026-05-29 20:32:48,twist,1,3409,success,8,0.684,0.9651,0,97.18,2.55,99.0,1.0,98.8,1.2
2026-05-29 20:32:59,twist,1,3410,success,10,0.4664,1.2112,0,97.18,2.55,99.0,1.0,98.8,1.2
2026-05-29 20:33:10,twist,1,3411,success,10,0.7452,0.6524,0,97.19,2.55,99.0,1.0,98.8,1.2
2026-05-29 20:33:25,twist,1,3412,success,14,0.6615,0.6678,0,97.19,2.55,99.0,1.0,98.8,1.2
2026-05-29 20:33:34,twist,1,3413,success,8,0.9982,0.5316,0,97.19,2.55,99.0,1.0,98.8,1.2
2026-05-29 20:33:41,twist,1,3414,success,6,0.9371,0.6172,0,97.19,2.55,100.0,0.0,98.8,1.2
2026-05-29 20:33:54,twist,1,3415,success,12,0.6387,0.7768,0,97.19,2.55,100.0,0.0,98.8,1.2
2026-05-29 20:33:56,twist,1,3416,success,1,26.97,2.3144,0,97.19,2.55,100.0,0.0,98.8,1.2
2026-05-29 20:34:10,twist,1,3417,success,11,0.7392,0.4811,0,97.19,2.55,100.0,0.0,98.8,1.2
2026-05-29 20:34:24,twist,1,3418,success,12,0.6285,1.1169,0,97.19,2.55,100.0,0.0,98.8,1.2
2026-05-29 20:34:35,twist,1,3419,success,10,0.7616,0.9171,0,97.19,2.54,100.0,0.0,98.8,1.2
2026-05-29 20:34:46,twist,1,3420,success,10,0.5681,1.5837,0,97.19,2.54,100.0,0.0,98.8,1.2
2026-05-29 20:34:53,twist,1,3421,success,6,0.9405,0.921,0,97.19,2.54,100.0,0.0,98.8,1.2
2026-05-29 20:35:06,twist,1,3422,success,12,0.5187,0.7121,0,97.19,2.54,100.0,0.0,98.8,1.2
2026-05-29 20:35:20,twist,1,3423,success,12,0.556,0.755,0,97.2,2.54,100.0,0.0,98.8,1.2
2026-05-29 20:35:27,twist,1,3424,success,6,0.5157,1.2961,0,97.2,2.54,100.0,0.0,98.8,1.2
2026-05-29 20:35:33,twist,1,3425,success,4,0.7898,1.5567,0,97.2,2.54,100.0,0.0,98.8,1.2
2026-05-29 20:35:38,twist,1,3426,success,4,0.8896,1.4494,0,97.2,2.54,100.0,0.0,98.8,1.2
2026-05-29 20:35:48,twist,1,3427,success,8,0.9895,0.7874,0,97.2,2.54,100.0,0.0,98.8,1.2
2026-05-29 20:36:00,twist,1,3428,success,10,0.5818,1.3174,0,97.2,2.54,100.0,0.0,98.8,1.2
2026-05-29 20:36:07,twist,1,3429,success,6,0.9181,0.7366,0,97.2,2.54,100.0,0.0,98.8,1.2
2026-05-29 20:36:24,twist,1,3430,success,16,0.6031,0.6033,0,97.2,2.54,100.0,0.0,98.8,1.2
2026-05-29 20:36:34,twist,1,3431,success,8,0.622,1.5471,0,97.2,2.54,100.0,0.0,98.8,1.2
2026-05-29 20:36:41,twist,1,3432,success,6,0.3624,1.7697,0,97.2,2.53,100.0,0.0,98.8,1.2
2026-05-29 20:36:50,twist,1,3433,success,8,0.9577,0.8307,0,97.2,2.53,100.0,0.0,98.8,1.2
2026-05-29 20:37:05,twist,1,3434,success,14,0.561,0.1742,3,97.2,2.53,100.0,0.0,98.8,1.2
2026-05-29 20:37:11,twist,1,3435,success,4,1.2076,1.4132,0,97.21,2.53,100.0,0.0,98.8,1.2
2026-05-29 20:37:24,twist,1,3436,success,12,0.7192,0.681,0,97.21,2.53,100.0,0.0,98.8,1.2
2026-05-29 20:37:45,twist,1,3437,success,18,0.5116,0.5097,0,97.21,2.53,100.0,0.0,98.8,1.2
2026-05-29 20:37:54,twist,1,3438,success,8,1.0999,0.7368,0,97.21,2.53,100.0,0.0,98.8,1.2
2026-05-29 20:38:01,twist,1,3439,success,6,1.0891,0.8959,0,97.21,2.53,100.0,0.0,98.8,1.2
2026-05-29 20:38:13,twist,1,3440,success,10,0.7435,0.6398,0,97.21,2.53,100.0,0.0,98.8,1.2
2026-05-29 20:38:18,twist,1,3441,success,4,1.0766,1.1986,0,97.21,2.53,100.0,0.0,98.8,1.2
2026-05-29 20:38:28,twist,1,3442,success,8,0.8881,0.6662,0,97.21,2.53,100.0,0.0,98.8,1.2
2026-05-29 20:38:39,twist,1,3443,success,10,0.5442,1.243,0,97.21,2.53,100.0,0.0,98.8,1.2
2026-05-29 20:38:51,twist,1,3444,success,10,0.6183,1.0817,0,97.21,2.53,100.0,0.0,98.8,1.2
2026-05-29 20:39:01,twist,1,3445,success,8,0.5227,1.4212,0,97.21,2.53,100.0,0.0,98.8,1.2
2026-05-29 20:39:08,twist,1,3446,success,6,1.024,0.9561,0,97.21,2.52,100.0,0.0,99.0,1.0
2026-05-29 20:39:15,twist,1,3447,success,6,0.8242,0.9703,0,97.21,2.52,100.0,0.0,99.0,1.0
2026-05-29 20:39:18,twist,1,3448,success,2,1.3769,1.7356,0,97.22,2.52,100.0,0.0,99.2,0.8
2026-05-29 20:39:22,twist,1,3449,success,2,1.1488,1.8224,0,97.22,2.52,100.0,0.0,99.2,0.8
2026-05-29 20:39:31,twist,1,3450,success,8,0.2817,1.6957,0,97.22,2.52,100.0,0.0,99.2,0.8
2026-05-29 20:39:41,twist,1,3451,success,8,0.6823,0.5776,0,97.22,2.52,100.0,0.0,99.2,0.8
2026-05-29 20:39:52,twist,1,3452,success,10,0.8766,0.4102,0,97.22,2.52,100.0,0.0,99.2,0.8
2026-05-29 20:40:02,twist,1,3453,success,8,0.5116,0.8007,0,97.22,2.52,100.0,0.0,99.2,0.8
2026-05-29 20:40:11,twist,1,3454,success,8,1.0458,0.4792,0,97.22,2.52,100.0,0.0,99.2,0.8
2026-05-29 20:40:16,twist,1,3455,success,4,1.0312,1.12,0,97.22,2.52,100.0,0.0,99.2,0.8
2026-05-29 20:40:25,twist,1,3456,success,8,0.7548,0.8539,0,97.22,2.52,100.0,0.0,99.2,0.8
2026-05-29 20:40:31,twist,1,3457,success,4,0.8074,1.2525,0,97.22,2.52,100.0,0.0,99.2,0.8
2026-05-29 20:40:40,twist,1,3458,success,8,0.5166,1.7469,0,97.22,2.52,100.0,0.0,99.2,0.8
2026-05-29 20:40:46,twist,1,3459,success,4,1.1185,1.0759,0,97.22,2.52,100.0,0.0,99.2,0.8
2026-05-29 20:40:57,twist,1,3460,success,10,0.5191,1.1698,0,97.23,2.51,100.0,0.0,99.4,0.6
2026-05-29 20:41:05,twist,1,3461,success,8,0.9565,0.8582,0,97.23,2.51,100.0,0.0,99.4,0.6
2026-05-29 20:41:11,twist,1,3462,success,4,0.788,1.3332,0,97.23,2.51,100.0,0.0,99.4,0.6
2026-05-29 20:41:21,twist,1,3463,success,10,0.5295,1.2315,0,97.23,2.51,100.0,0.0,99.4,0.6
2026-05-29 20:41:29,twist,1,3464,success,6,1.0285,1.0371,0,97.23,2.51,100.0,0.0,99.4,0.6
2026-05-29 20:41:36,twist,1,3465,success,6,0.9763,1.0595,0,97.23,2.51,100.0,0.0,99.4,0.6
2026-05-29 20:41:45,twist,1,3466,success,8,0.3848,1.5337,0,97.23,2.51,100.0,0.0,99.4,0.6
2026-05-29 20:41:53,twist,1,3467,success,6,1.0233,0.6301,0,97.23,2.51,100.0,0.0,99.4,0.6
2026-05-29 20:42:03,twist,1,3468,success,8,0.5496,1.3028,0,97.23,2.51,100.0,0.0,99.4,0.6
2026-05-29 20:42:14,twist,1,3469,success,10,0.2648,1.2403,0,97.23,2.51,100.0,0.0,99.4,0.6
2026-05-29 20:42:21,twist,1,3470,success,6,0.9371,0.6919,0,97.23,2.51,100.0,0.0,99.4,0.6
2026-05-29 20:42:29,twist,1,3471,success,6,1.0741,0.9054,0,97.23,2.51,100.0,0.0,99.4,0.6
2026-05-29 20:42:38,twist,1,3472,success,8,0.9318,0.6533,0,97.24,2.51,100.0,0.0,99.4,0.6
2026-05-29 20:42:50,twist,1,3473,success,12,0.4021,1.2854,0,97.24,2.51,100.0,0.0,99.4,0.6
2026-05-29 20:42:56,twist,1,3474,success,4,1.0383,1.4686,0,97.24,2.5,100.0,0.0,99.4,0.6
2026-05-29 20:43:01,twist,1,3475,success,4,1.2203,1.1066,0,97.24,2.5,100.0,0.0,99.4,0.6
2026-05-29 20:43:10,twist,1,3476,success,8,0.8512,0.6335,0,97.24,2.5,100.0,0.0,99.4,0.6
2026-05-29 20:43:17,twist,1,3477,success,6,1.0315,0.7933,0,97.24,2.5,100.0,0.0,99.4,0.6
2026-05-29 20:43:27,twist,1,3478,success,8,0.5497,1.5688,0,97.24,2.5,100.0,0.0,99.4,0.6
2026-05-29 20:43:48,twist,1,3479,success,20,0.5448,0.5546,0,97.24,2.5,100.0,0.0,99.4,0.6
2026-05-29 20:44:00,twist,1,3480,success,12,0.2936,1.1253,0,97.24,2.5,100.0,0.0,99.4,0.6
2026-05-29 20:44:10,twist,1,3481,success,8,0.8016,1.0007,0,97.24,2.5,100.0,0.0,99.4,0.6
2026-05-29 20:44:15,twist,1,3482,success,4,1.0365,1.1354,0,97.24,2.5,100.0,0.0,99.4,0.6
2026-05-29 20:44:32,twist,1,3483,success,16,0.4937,0.7747,0,97.24,2.5,100.0,0.0,99.4,0.6
2026-05-29 20:44:44,twist,1,3484,success,12,0.787,0.8911,0,97.24,2.5,100.0,0.0,99.4,0.6
2026-05-29 20:44:59,twist,1,3485,success,14,0.6244,0.8132,0,97.25,2.5,100.0,0.0,99.4,0.6
2026-05-29 20:45:04,twist,1,3486,success,4,0.6683,1.7017,0,97.25,2.5,100.0,0.0,99.4,0.6
2026-05-29 20:45:15,twist,1,3487,success,10,0.9645,0.8746,0,97.25,2.49,100.0,0.0,99.4,0.6
2026-05-29 20:45:28,twist,1,3488,success,12,0.4877,1.0061,0,97.25,2.49,100.0,0.0,99.4,0.6
2026-05-29 20:45:39,twist,1,3489,success,10,0.5997,1.0577,0,97.25,2.49,100.0,0.0,99.4,0.6
2026-05-29 20:45:51,twist,1,3490,success,10,0.5469,1.0707,0,97.25,2.49,100.0,0.0,99.4,0.6
2026-05-29 20:45:56,twist,1,3491,success,4,0.8523,1.4849,0,97.25,2.49,100.0,0.0,99.4,0.6
2026-05-29 20:45:59,twist,1,3492,success,2,1.4745,1.8377,0,97.25,2.49,100.0,0.0,99.4,0.6
2026-05-29 20:46:14,twist,1,3493,success,14,0.6685,0.7828,0,97.25,2.49,100.0,0.0,99.4,0.6
2026-05-29 20:46:26,twist,1,3494,success,10,0.5089,1.0452,0,97.25,2.49,100.0,0.0,99.4,0.6
2026-05-29 20:46:43,twist,1,3495,success,16,0.6601,0.4885,0,97.25,2.49,100.0,0.0,99.4,0.6
2026-05-29 20:46:55,twist,1,3496,success,10,0.5094,0.7095,0,97.25,2.49,100.0,0.0,99.4,0.6
2026-05-29 20:47:06,twist,1,3497,success,10,0.7118,0.2861,1,97.25,2.49,100.0,0.0,99.4,0.6
2026-05-29 20:47:19,twist,1,3498,success,12,0.5492,1.0939,0,97.26,2.49,100.0,0.0,99.4,0.6
2026-05-29 20:47:26,twist,1,3499,success,6,0.7956,0.9342,0,97.26,2.49,100.0,0.0,99.4,0.6
2026-05-29 20:47:41,twist,1,3500,success,14,0.5407,0.793,0,97.26,2.49,100.0,0.0,99.4,0.6
2026-05-29 20:47:48,twist,1,3501,success,6,0.8273,1.2119,0,97.26,2.49,100.0,0.0,99.4,0.6
2026-05-29 20:47:53,twist,1,3502,success,4,0.9367,1.6361,0,97.26,2.48,100.0,0.0,99.4,0.6
2026-05-29 20:48:11,twist,1,3503,success,18,0.6936,0.3693,0,97.26,2.48,100.0,0.0,99.4,0.6
2026-05-29 20:48:18,twist,1,3504,success,6,0.8987,0.8821,0,97.26,2.48,100.0,0.0,99.4,0.6
2026-05-29 20:48:22,twist,1,3505,success,2,1.0779,1.7465,0,97.26,2.48,100.0,0.0,99.4,0.6
2026-05-29 20:48:31,twist,1,3506,success,8,0.4422,1.8237,0,97.26,2.48,100.0,0.0,99.4,0.6
2026-05-29 20:48:34,twist,1,3507,success,2,0.6596,1.7983,0,97.26,2.48,100.0,0.0,99.4,0.6
2026-05-29 20:48:47,twist,1,3508,success,12,0.6406,1.2242,0,97.26,2.48,100.0,0.0,99.4,0.6
2026-05-29 20:48:54,twist,1,3509,success,6,0.7158,1.757,0,97.26,2.48,100.0,0.0,99.4,0.6
2026-05-29 20:49:02,twist,1,3510,success,6,0.8774,1.0993,0,97.26,2.48,100.0,0.0,99.4,0.6
2026-05-29 20:49:09,twist,1,3511,success,6,0.8793,1.1163,0,97.27,2.48,100.0,0.0,99.4,0.6
2026-05-29 20:49:20,twist,1,3512,success,10,0.8965,0.6906,0,97.27,2.48,100.0,0.0,99.4,0.6
2026-05-29 20:49:35,twist,1,3513,success,14,0.4574,1.027,0,97.27,2.48,100.0,0.0,99.4,0.6
2026-05-29 20:49:46,twist,1,3514,success,10,0.5855,1.4227,0,97.27,2.48,100.0,0.0,99.4,0.6
2026-05-29 20:49:51,twist,1,3515,success,4,1.0036,1.4601,0,97.27,2.48,100.0,0.0,99.4,0.6
2026-05-29 20:50:13,twist,1,3516,success,22,0.4844,0.2202,6,97.27,2.47,100.0,0.0,99.4,0.6
2026-05-29 20:50:26,twist,1,3517,success,12,0.7149,0.8299,0,97.27,2.47,100.0,0.0,99.4,0.6
2026-05-29 20:50:36,twist,1,3518,success,8,0.5932,1.1845,0,97.27,2.47,100.0,0.0,99.4,0.6
2026-05-29 20:50:41,twist,1,3519,success,4,0.8758,1.1129,0,97.27,2.47,100.0,0.0,99.4,0.6
2026-05-29 20:50:51,twist,1,3520,success,10,0.7382,0.5683,0,97.27,2.47,100.0,0.0,99.4,0.6
2026-05-29 20:51:01,twist,1,3521,success,9,0.6108,1.8971,0,97.27,2.47,100.0,0.0,99.4,0.6
2026-05-29 20:51:04,twist,1,3522,success,1,111.8469,2.315,0,97.27,2.47,100.0,0.0,99.4,0.6
2026-05-29 20:51:15,twist,1,3523,success,10,0.4137,1.5933,0,97.28,2.47,100.0,0.0,99.4,0.6
2026-05-29 20:51:26,twist,1,3524,success,10,0.5886,1.2114,0,97.28,2.47,100.0,0.0,99.4,0.6
2026-05-29 20:51:37,twist,1,3525,success,10,0.4499,1.4574,0,97.28,2.47,100.0,0.0,99.4,0.6
2026-05-29 20:51:46,twist,1,3526,success,8,0.9283,0.4964,0,97.28,2.47,100.0,0.0,99.4,0.6
2026-05-29 20:52:00,twist,1,3527,success,12,0.7282,0.8838,0,97.28,2.47,100.0,0.0,99.4,0.6
2026-05-29 20:52:13,twist,1,3528,success,12,0.6369,1.1135,0,97.28,2.47,100.0,0.0,99.4,0.6
2026-05-29 20:52:21,twist,1,3529,success,8,0.921,0.6248,0,97.28,2.47,100.0,0.0,99.4,0.6
2026-05-29 20:52:34,twist,1,3530,success,12,0.4993,0.794,0,97.28,2.46,100.0,0.0,99.4,0.6
2026-05-29 20:52:41,twist,1,3531,success,6,1.0814,1.129,0,97.28,2.46,100.0,0.0,99.4,0.6
2026-05-29 20:52:50,twist,1,3532,success,8,0.8519,0.5401,0,97.28,2.46,100.0,0.0,99.4,0.6
2026-05-29 20:52:57,twist,1,3533,success,6,1.0722,1.2109,0,97.28,2.46,100.0,0.0,99.4,0.6
2026-05-29 20:53:03,twist,1,3534,success,4,0.9414,1.4756,0,97.28,2.46,100.0,0.0,99.4,0.6
2026-05-29 20:53:11,twist,1,3535,success,9,0.6432,1.4623,0,97.28,2.46,100.0,0.0,99.4,0.6
2026-05-29 20:53:27,twist,1,3536,success,13,0.4355,0.9663,0,97.29,2.46,100.0,0.0,99.4,0.6
2026-05-29 20:53:34,twist,1,3537,success,6,0.5979,1.2626,0,97.29,2.46,100.0,0.0,99.4,0.6
2026-05-29 20:53:41,twist,1,3538,success,6,0.661,1.6666,0,97.29,2.46,100.0,0.0,99.4,0.6
2026-05-29 20:53:52,twist,1,3539,success,10,0.6174,0.9535,0,97.29,2.46,100.0,0.0,99.4,0.6
2026-05-29 20:54:09,twist,1,3540,success,12,0.4257,0.5196,0,97.29,2.46,100.0,0.0,99.4,0.6
2026-05-29 20:54:10,twist,1,3541,success,1,271.8014,2.318,0,97.29,2.46,100.0,0.0,99.4,0.6
2026-05-29 20:54:23,twist,1,3542,success,11,0.3738,1.1976,0,97.29,2.46,100.0,0.0,99.4,0.6
2026-05-29 20:54:33,twist,1,3543,success,8,0.4034,1.542,0,97.29,2.46,100.0,0.0,99.4,0.6
2026-05-29 20:54:44,twist,1,3544,success,10,0.6498,1.2329,0,97.29,2.45,100.0,0.0,99.4,0.6
2026-05-29 20:54:52,twist,1,3545,success,8,0.8734,0.7058,0,97.29,2.45,100.0,0.0,99.4,0.6
2026-05-29 20:55:05,twist,1,3546,success,12,0.4146,1.1405,0,97.29,2.45,100.0,0.0,99.4,0.6
2026-05-29 20:55:17,twist,1,3547,success,12,0.7419,0.5415,0,97.29,2.45,100.0,0.0,99.4,0.6
2026-05-29 20:55:31,twist,1,3548,success,12,0.4535,0.8966,0,97.29,2.45,100.0,0.0,99.4,0.6
2026-05-29 20:55:42,twist,1,3549,success,10,0.7295,1.1481,0,97.3,2.45,100.0,0.0,99.4,0.6
2026-05-29 20:55:51,twist,1,3550,success,8,0.526,1.6732,0,97.3,2.45,100.0,0.0,99.4,0.6
2026-05-29 20:55:58,twist,1,3551,success,6,1.0635,0.7589,0,97.3,2.45,100.0,0.0,99.4,0.6
2026-05-29 20:56:07,twist,1,3552,success,8,0.3561,1.49,0,97.3,2.45,100.0,0.0,99.4,0.6
2026-05-29 20:56:16,twist,1,3553,success,8,0.8726,0.9183,0,97.3,2.45,100.0,0.0,99.4,0.6
2026-05-29 20:56:28,twist,1,3554,success,12,0.5869,1.1353,0,97.3,2.45,100.0,0.0,99.4,0.6
2026-05-29 20:56:36,twist,1,3555,success,6,0.7626,1.1691,0,97.3,2.45,100.0,0.0,99.4,0.6
2026-05-29 20:56:53,twist,1,3556,success,16,0.5785,0.5445,0,97.3,2.45,100.0,0.0,99.4,0.6
2026-05-29 20:57:02,twist,1,3557,success,8,0.7494,1.2596,0,97.3,2.45,100.0,0.0,99.4,0.6
2026-05-29 20:57:05,twist,1,3558,success,2,1.415,1.903,0,97.3,2.45,100.0,0.0,99.4,0.6
2026-05-29 20:57:15,twist,1,3559,success,10,0.5182,1.2614,0,97.3,2.44,100.0,0.0,99.4,0.6
2026-05-29 20:57:27,twist,1,3560,collision,-1,0.8663,0.1802,1,97.28,2.47,99.0,1.0,99.2,0.8
2026-05-29 20:57:35,twist,1,3561,success,8,0.2524,1.5976,0,97.28,2.47,99.0,1.0,99.2,0.8
2026-05-29 20:57:43,twist,1,3562,success,6,0.6761,1.2149,0,97.28,2.47,99.0,1.0,99.2,0.8
2026-05-29 20:57:50,twist,1,3563,success,6,1.1086,0.9422,0,97.28,2.47,99.0,1.0,99.2,0.8
2026-05-29 20:57:55,twist,1,3564,success,4,0.8015,1.4236,0,97.28,2.47,99.0,1.0,99.2,0.8
2026-05-29 20:58:05,twist,1,3565,success,8,0.5449,1.5797,0,97.28,2.47,99.0,1.0,99.2,0.8
2026-05-29 20:58:18,twist,1,3566,success,12,0.458,1.3033,0,97.28,2.47,99.0,1.0,99.2,0.8
2026-05-29 20:58:26,twist,1,3567,success,8,0.9843,1.1016,0,97.28,2.47,99.0,1.0,99.2,0.8
2026-05-29 20:58:38,twist,1,3568,success,12,0.621,0.8873,0,97.28,2.47,99.0,1.0,99.2,0.8
2026-05-29 20:58:46,twist,1,3569,success,6,0.7396,0.6008,0,97.28,2.47,99.0,1.0,99.2,0.8
2026-05-29 20:58:55,twist,1,3570,success,8,0.4248,1.7608,0,97.28,2.46,99.0,1.0,99.2,0.8
2026-05-29 20:59:00,twist,1,3571,success,4,1.0008,1.248,0,97.28,2.46,99.0,1.0,99.2,0.8
2026-05-29 20:59:13,twist,1,3572,success,12,0.6491,1.1732,0,97.28,2.46,99.0,1.0,99.2,0.8
2026-05-29 20:59:21,twist,1,3573,success,8,0.6091,1.3414,0,97.29,2.46,99.0,1.0,99.2,0.8
2026-05-29 20:59:38,twist,1,3574,success,16,0.7515,0.7665,0,97.29,2.46,99.0,1.0,99.2,0.8
2026-05-29 20:59:43,twist,1,3575,success,5,1.2994,1.3932,0,97.29,2.46,99.0,1.0,99.2,0.8
2026-05-29 20:59:54,twist,1,3576,success,9,0.5943,1.7578,0,97.29,2.46,99.0,1.0,99.2,0.8
2026-05-29 21:00:05,twist,1,3577,success,10,0.5096,1.1378,0,97.29,2.46,99.0,1.0,99.2,0.8
2026-05-29 21:00:13,twist,1,3578,success,7,0.7219,1.1066,0,97.29,2.46,99.0,1.0,99.2,0.8
2026-05-29 21:00:23,twist,1,3579,success,9,0.8534,0.9669,0,97.29,2.46,99.0,1.0,99.2,0.8
2026-05-29 21:00:30,twist,1,3580,success,6,1.0176,0.9714,0,97.29,2.46,99.0,1.0,99.2,0.8
2026-05-29 21:00:37,twist,1,3581,success,6,0.8537,1.1684,0,97.29,2.46,99.0,1.0,99.2,0.8
2026-05-29 21:00:46,twist,1,3582,success,8,0.7229,0.8644,0,97.29,2.46,99.0,1.0,99.2,0.8
2026-05-29 21:00:54,twist,1,3583,success,6,0.944,1.3114,0,97.29,2.46,99.0,1.0,99.2,0.8
2026-05-29 21:01:02,twist,1,3584,success,8,0.4503,1.5459,0,97.29,2.46,99.0,1.0,99.2,0.8
2026-05-29 21:01:15,twist,1,3585,success,12,0.642,0.8854,0,97.29,2.45,99.0,1.0,99.2,0.8
2026-05-29 21:01:22,twist,1,3586,success,6,0.539,1.6407,0,97.3,2.45,99.0,1.0,99.2,0.8
2026-05-29 21:01:34,twist,1,3587,success,12,0.7408,0.5973,0,97.3,2.45,99.0,1.0,99.2,0.8
2026-05-29 21:01:43,twist,1,3588,success,8,0.7176,1.5772,0,97.3,2.45,99.0,1.0,99.2,0.8
2026-05-29 21:01:48,twist,1,3589,success,4,1.3498,1.4102,0,97.3,2.45,99.0,1.0,99.2,0.8
2026-05-29 21:01:56,twist,1,3590,success,6,0.7441,1.0751,0,97.3,2.45,99.0,1.0,99.2,0.8
2026-05-29 21:02:07,twist,1,3591,success,10,0.7683,1.0231,0,97.3,2.45,99.0,1.0,99.2,0.8
2026-05-29 21:02:17,twist,1,3592,success,10,0.547,1.1991,0,97.3,2.45,99.0,1.0,99.2,0.8
2026-05-29 21:02:26,twist,1,3593,success,8,0.9632,0.5115,0,97.3,2.45,99.0,1.0,99.2,0.8
2026-05-29 21:02:37,twist,1,3594,success,10,0.891,0.7921,0,97.3,2.45,99.0,1.0,99.2,0.8
2026-05-29 21:02:48,twist,1,3595,success,10,0.6781,0.5614,0,97.3,2.45,99.0,1.0,99.2,0.8
2026-05-29 21:02:55,twist,1,3596,success,6,0.8855,1.0013,0,97.3,2.45,99.0,1.0,99.2,0.8
2026-05-29 21:03:11,twist,1,3597,success,16,0.3568,0.8523,0,97.3,2.45,99.0,1.0,99.2,0.8
2026-05-29 21:03:24,twist,1,3598,success,12,0.8538,0.4257,0,97.3,2.45,99.0,1.0,99.2,0.8
2026-05-29 21:03:35,twist,1,3599,success,10,0.6904,1.1593,0,97.3,2.45,99.0,1.0,99.2,0.8
2026-05-29 21:03:40,twist,1,3600,success,4,0.7521,1.7514,0,97.31,2.44,99.0,1.0,99.2,0.8
2026-05-29 21:03:45,twist,1,3601,success,4,0.7397,1.3827,0,97.31,2.44,99.0,1.0,99.2,0.8
2026-05-29 21:03:52,twist,1,3602,success,6,0.9114,1.0032,0,97.31,2.44,99.0,1.0,99.2,0.8
2026-05-29 21:04:01,twist,1,3603,success,8,0.4995,1.6486,0,97.31,2.44,99.0,1.0,99.2,0.8
2026-05-29 21:04:14,twist,1,3604,success,12,0.641,0.99,0,97.31,2.44,99.0,1.0,99.2,0.8
2026-05-29 21:04:23,twist,1,3605,success,8,0.8177,0.6128,0,97.31,2.44,99.0,1.0,99.2,0.8
2026-05-29 21:04:30,twist,1,3606,success,6,0.6241,1.142,0,97.31,2.44,99.0,1.0,99.2,0.8
2026-05-29 21:04:31,twist,1,3607,success,1,28.9891,2.3283,0,97.31,2.44,99.0,1.0,99.2,0.8
2026-05-29 21:04:42,twist,1,3608,success,9,0.832,1.3099,0,97.31,2.44,99.0,1.0,99.2,0.8
2026-05-29 21:04:48,twist,1,3609,success,6,0.9878,1.189,0,97.31,2.44,99.0,1.0,99.4,0.6
2026-05-29 21:04:50,twist,1,3610,success,1,31.349,2.3248,0,97.31,2.44,99.0,1.0,99.4,0.6
2026-05-29 21:05:02,twist,1,3611,success,11,0.9377,0.6502,0,97.31,2.44,99.0,1.0,99.4,0.6
2026-05-29 21:05:13,twist,1,3612,success,10,0.2298,1.1914,0,97.31,2.44,99.0,1.0,99.4,0.6
2026-05-29 21:05:22,twist,1,3613,success,8,1.0483,1.0873,0,97.32,2.44,99.0,1.0,99.4,0.6
2026-05-29 21:05:34,twist,1,3614,success,12,0.2817,1.5348,0,97.32,2.43,99.0,1.0,99.4,0.6
2026-05-29 21:05:43,twist,1,3615,success,8,0.7879,0.4741,0,97.32,2.43,99.0,1.0,99.4,0.6
2026-05-29 21:05:51,twist,1,3616,success,6,0.7841,1.2365,0,97.32,2.43,99.0,1.0,99.4,0.6
2026-05-29 21:05:58,twist,1,3617,success,6,0.9778,1.8271,0,97.32,2.43,99.0,1.0,99.4,0.6
2026-05-29 21:06:06,twist,1,3618,success,6,0.9942,1.1509,0,97.32,2.43,99.0,1.0,99.4,0.6
2026-05-29 21:06:17,twist,1,3619,success,10,0.5349,1.4895,0,97.32,2.43,99.0,1.0,99.4,0.6
2026-05-29 21:06:28,twist,1,3620,success,10,0.6532,0.9019,0,97.32,2.43,99.0,1.0,99.4,0.6
2026-05-29 21:06:35,twist,1,3621,success,6,1.0888,0.7173,0,97.32,2.43,99.0,1.0,99.4,0.6
2026-05-29 21:06:54,twist,1,3622,success,18,0.1975,1.0171,0,97.32,2.43,99.0,1.0,99.4,0.6
2026-05-29 21:07:11,twist,1,3623,success,18,0.6101,0.6454,0,97.32,2.43,99.0,1.0,99.4,0.6
2026-05-29 21:07:18,twist,1,3624,success,6,1.0269,0.8515,0,97.32,2.43,99.0,1.0,99.4,0.6
2026-05-29 21:07:29,twist,1,3625,success,10,0.6648,1.0265,0,97.32,2.43,99.0,1.0,99.4,0.6
2026-05-29 21:07:44,twist,1,3626,collision,-1,0.6127,0.1744,1,97.3,2.45,98.0,2.0,99.2,0.8
2026-05-29 21:07:53,twist,1,3627,success,8,0.6558,0.5066,0,97.3,2.45,98.0,2.0,99.2,0.8
2026-05-29 21:08:02,twist,1,3628,success,8,0.6895,1.2351,0,97.3,2.45,98.0,2.0,99.2,0.8
2026-05-29 21:08:13,twist,1,3629,success,10,0.192,1.1385,0,97.3,2.45,98.0,2.0,99.2,0.8
2026-05-29 21:08:28,twist,1,3630,success,14,0.8135,0.7581,0,97.3,2.45,98.0,2.0,99.2,0.8
2026-05-29 21:08:40,twist,1,3631,success,12,0.5325,0.6417,0,97.3,2.45,98.0,2.0,99.2,0.8
2026-05-29 21:08:47,twist,1,3632,success,6,0.5978,1.2162,0,97.3,2.45,98.0,2.0,99.2,0.8
2026-05-29 21:09:05,twist,1,3633,success,18,0.375,0.9674,0,97.3,2.45,98.0,2.0,99.2,0.8
2026-05-29 21:09:20,twist,1,3634,success,14,0.5117,1.1309,0,97.3,2.45,98.0,2.0,99.2,0.8
2026-05-29 21:09:29,twist,1,3635,success,8,0.5084,1.6838,0,97.3,2.45,98.0,2.0,99.2,0.8
2026-05-29 21:09:40,twist,1,3636,success,10,0.6688,1.1812,0,97.3,2.45,98.0,2.0,99.2,0.8
2026-05-29 21:09:49,twist,1,3637,success,8,0.9554,0.9063,0,97.31,2.45,98.0,2.0,99.2,0.8
2026-05-29 21:09:51,twist,1,3638,success,1,240.1508,2.3036,0,97.31,2.45,98.0,2.0,99.2,0.8
2026-05-29 21:10:05,twist,1,3639,success,12,0.9583,1.0147,0,97.31,2.45,98.0,2.0,99.2,0.8
2026-05-29 21:10:15,twist,1,3640,success,9,0.9368,0.5297,0,97.31,2.45,98.0,2.0,99.2,0.8
2026-05-29 21:10:23,twist,1,3641,success,6,0.9544,0.7078,0,97.31,2.44,98.0,2.0,99.2,0.8
2026-05-29 21:10:36,twist,1,3642,success,13,0.6967,1.0886,0,97.31,2.44,98.0,2.0,99.2,0.8
2026-05-29 21:10:48,twist,1,3643,success,11,0.9191,0.9729,0,97.31,2.44,98.0,2.0,99.2,0.8
2026-05-29 21:10:56,twist,1,3644,success,6,0.9966,1.1277,0,97.31,2.44,98.0,2.0,99.2,0.8
2026-05-29 21:11:07,twist,1,3645,success,10,0.5576,1.4974,0,97.31,2.44,98.0,2.0,99.2,0.8
2026-05-29 21:11:18,twist,1,3646,success,10,0.601,0.863,0,97.31,2.44,98.0,2.0,99.2,0.8
2026-05-29 21:11:25,twist,1,3647,success,6,0.5553,1.2517,0,97.31,2.44,98.0,2.0,99.2,0.8
2026-05-29 21:11:36,twist,1,3648,success,10,0.8023,1.2627,0,97.31,2.44,98.0,2.0,99.2,0.8
2026-05-29 21:11:47,twist,1,3649,success,10,0.9009,0.4167,0,97.31,2.44,98.0,2.0,99.2,0.8
2026-05-29 21:12:02,twist,1,3650,success,16,0.5735,0.6176,0,97.32,2.44,98.0,2.0,99.2,0.8
2026-05-29 21:12:15,twist,1,3651,success,12,0.6397,0.6425,0,97.32,2.44,98.0,2.0,99.2,0.8
2026-05-29 21:12:25,twist,1,3652,success,10,0.5224,1.1382,0,97.32,2.44,98.0,2.0,99.2,0.8
2026-05-29 21:12:35,twist,1,3653,success,8,0.7833,0.5789,0,97.32,2.44,98.0,2.0,99.2,0.8
2026-05-29 21:12:44,twist,1,3654,success,8,0.6123,1.1453,0,97.32,2.44,98.0,2.0,99.2,0.8
2026-05-29 21:12:57,twist,1,3655,success,12,0.5089,0.7229,0,97.32,2.44,98.0,2.0,99.2,0.8
2026-05-29 21:13:08,twist,1,3656,success,10,0.8745,0.7116,0,97.32,2.43,98.0,2.0,99.2,0.8
2026-05-29 21:13:09,twist,1,3657,success,1,15.0533,2.3302,0,97.32,2.43,98.0,2.0,99.2,0.8
2026-05-29 21:13:17,twist,1,3658,success,7,0.8969,1.198,0,97.32,2.43,98.0,2.0,99.2,0.8
2026-05-29 21:13:25,twist,1,3659,success,6,0.9295,0.7523,0,97.32,2.43,98.0,2.0,99.2,0.8
2026-05-29 21:13:42,twist,1,3660,success,18,0.4433,0.8094,0,97.32,2.43,99.0,1.0,99.2,0.8
2026-05-29 21:13:47,twist,1,3661,success,4,0.8267,1.3826,0,97.32,2.43,99.0,1.0,99.2,0.8
2026-05-29 21:13:58,twist,1,3662,success,10,0.9344,0.6474,0,97.32,2.43,99.0,1.0,99.4,0.6
2026-05-29 21:14:06,twist,1,3663,success,6,0.3225,1.6711,0,97.32,2.43,99.0,1.0,99.4,0.6
2026-05-29 21:14:16,twist,1,3664,success,10,0.7706,0.7456,0,97.33,2.43,99.0,1.0,99.4,0.6
2026-05-29 21:14:28,twist,1,3665,success,10,0.221,1.1517,0,97.33,2.43,99.0,1.0,99.4,0.6
2026-05-29 21:14:35,twist,1,3666,success,6,1.082,0.9287,0,97.33,2.43,99.0,1.0,99.4,0.6
2026-05-29 21:14:46,twist,1,3667,success,10,0.88,0.5278,0,97.33,2.43,99.0,1.0,99.4,0.6
2026-05-29 21:14:57,twist,1,3668,success,10,0.6122,0.8521,0,97.33,2.43,99.0,1.0,99.4,0.6
2026-05-29 21:15:08,twist,1,3669,success,10,0.6891,0.2802,1,97.33,2.43,99.0,1.0,99.4,0.6
2026-05-29 21:15:19,twist,1,3670,success,10,0.7656,0.9848,0,97.33,2.43,99.0,1.0,99.4,0.6
2026-05-29 21:15:32,twist,1,3671,success,13,0.4367,0.5676,0,97.33,2.42,99.0,1.0,99.4,0.6
2026-05-29 21:15:43,twist,1,3672,success,9,0.7728,0.3086,0,97.33,2.42,99.0,1.0,99.4,0.6
2026-05-29 21:15:54,twist,1,3673,success,10,0.7386,1.1224,0,97.33,2.42,99.0,1.0,99.4,0.6
2026-05-29 21:16:09,twist,1,3674,success,14,0.6604,0.616,0,97.33,2.42,99.0,1.0,99.4,0.6
2026-05-29 21:16:20,twist,1,3675,success,10,0.6071,0.863,0,97.33,2.42,99.0,1.0,99.4,0.6
2026-05-29 21:16:29,twist,1,3676,success,8,0.5538,1.0179,0,97.33,2.42,99.0,1.0,99.4,0.6
2026-05-29 21:16:39,twist,1,3677,success,10,0.2907,1.0606,0,97.33,2.42,99.0,1.0,99.4,0.6
2026-05-29 21:16:50,twist,1,3678,success,10,0.9373,0.5465,0,97.34,2.42,99.0,1.0,99.4,0.6
2026-05-29 21:17:03,twist,1,3679,success,12,0.6727,0.4931,0,97.34,2.42,99.0,1.0,99.4,0.6
2026-05-29 21:17:15,twist,1,3680,success,12,0.5779,0.9291,0,97.34,2.42,99.0,1.0,99.4,0.6
2026-05-29 21:17:21,twist,1,3681,success,4,0.9372,1.1977,0,97.34,2.42,99.0,1.0,99.4,0.6
2026-05-29 21:17:35,twist,1,3682,success,14,0.3939,0.2586,2,97.34,2.42,99.0,1.0,99.4,0.6
2026-05-29 21:17:42,twist,1,3683,success,6,1.0907,1.2145,0,97.34,2.42,99.0,1.0,99.4,0.6
2026-05-29 21:17:55,twist,1,3684,success,12,0.6742,0.4111,0,97.34,2.42,99.0,1.0,99.4,0.6
2026-05-29 21:18:03,twist,1,3685,success,8,0.6897,1.5249,0,97.34,2.42,99.0,1.0,99.4,0.6
2026-05-29 21:18:12,twist,1,3686,success,8,0.4992,1.6064,0,97.34,2.41,99.0,1.0,99.4,0.6
2026-05-29 21:18:19,twist,1,3687,success,6,1.0192,0.9584,0,97.34,2.41,99.0,1.0,99.4,0.6
2026-05-29 21:18:26,twist,1,3688,success,6,0.9199,0.8917,0,97.34,2.41,99.0,1.0,99.4,0.6
2026-05-29 21:18:35,twist,1,3689,success,8,0.9423,0.6635,0,97.34,2.41,99.0,1.0,99.4,0.6
2026-05-29 21:18:51,twist,1,3690,success,14,0.5401,0.6724,0,97.34,2.41,99.0,1.0,99.4,0.6
2026-05-29 21:19:01,twist,1,3691,success,10,0.4148,1.4634,0,97.34,2.41,99.0,1.0,99.4,0.6
2026-05-29 21:19:13,twist,1,3692,success,12,0.4014,1.6631,0,97.35,2.41,99.0,1.0,99.4,0.6
2026-05-29 21:19:15,twist,1,3693,success,1,32.4759,2.3291,0,97.35,2.41,99.0,1.0,99.4,0.6
2026-05-29 21:19:33,twist,1,3694,success,17,0.461,0.7094,0,97.35,2.41,99.0,1.0,99.4,0.6
2026-05-29 21:19:45,twist,1,3695,success,10,0.656,1.045,0,97.35,2.41,99.0,1.0,99.4,0.6
2026-05-29 21:19:52,twist,1,3696,success,6,0.6587,1.8067,0,97.35,2.41,99.0,1.0,99.4,0.6
2026-05-29 21:19:59,twist,1,3697,success,6,1.0463,0.9128,0,97.35,2.41,99.0,1.0,99.4,0.6
2026-05-29 21:20:09,twist,1,3698,success,10,0.6561,1.0428,0,97.35,2.41,99.0,1.0,99.4,0.6
2026-05-29 21:20:18,twist,1,3699,success,8,0.9481,0.4612,0,97.35,2.41,99.0,1.0,99.4,0.6
2026-05-29 21:20:22,twist,1,3700,success,2,1.0462,1.8944,0,97.35,2.41,99.0,1.0,99.4,0.6
2026-05-29 21:20:27,twist,1,3701,success,4,1.0925,1.5559,0,97.35,2.4,99.0,1.0,99.4,0.6
2026-05-29 21:20:40,twist,1,3702,success,12,0.4556,1.559,0,97.35,2.4,99.0,1.0,99.4,0.6
2026-05-29 21:20:50,twist,1,3703,success,10,0.6647,1.447,0,97.35,2.4,99.0,1.0,99.4,0.6
2026-05-29 21:21:08,twist,1,3704,collision,-1,0.6782,0.12,5,97.33,2.43,98.0,2.0,99.2,0.8
2026-05-29 21:21:19,twist,1,3705,success,10,0.7603,1.3527,0,97.33,2.43,98.0,2.0,99.2,0.8
2026-05-29 21:21:24,twist,1,3706,success,4,0.855,1.3947,0,97.33,2.43,98.0,2.0,99.2,0.8
2026-05-29 21:21:35,twist,1,3707,success,10,0.2563,1.5488,0,97.33,2.43,98.0,2.0,99.2,0.8
2026-05-29 21:21:47,twist,1,3708,success,12,0.5296,0.9733,0,97.33,2.43,98.0,2.0,99.2,0.8
2026-05-29 21:22:02,twist,1,3709,success,14,0.5464,0.2986,1,97.33,2.43,98.0,2.0,99.2,0.8
2026-05-29 21:22:16,twist,1,3710,success,14,0.2142,1.4899,0,97.33,2.43,98.0,2.0,99.2,0.8
2026-05-29 21:22:23,twist,1,3711,success,6,1.1553,0.7968,0,97.33,2.43,98.0,2.0,99.2,0.8
2026-05-29 21:22:28,twist,1,3712,success,4,0.9785,1.4128,0,97.33,2.42,98.0,2.0,99.2,0.8
2026-05-29 21:22:35,twist,1,3713,success,6,0.9402,1.2391,0,97.33,2.42,98.0,2.0,99.2,0.8
2026-05-29 21:22:46,twist,1,3714,success,10,0.6265,1.2066,0,97.33,2.42,98.0,2.0,99.2,0.8
2026-05-29 21:22:59,twist,1,3715,success,12,0.1995,1.5203,0,97.34,2.42,98.0,2.0,99.2,0.8
2026-05-29 21:23:06,twist,1,3716,success,6,1.1105,1.0598,0,97.34,2.42,98.0,2.0,99.2,0.8
2026-05-29 21:23:15,twist,1,3717,success,8,0.8148,0.539,0,97.34,2.42,98.0,2.0,99.2,0.8
2026-05-29 21:23:24,twist,1,3718,success,8,0.8107,0.562,0,97.34,2.42,98.0,2.0,99.2,0.8
2026-05-29 21:23:33,twist,1,3719,success,8,1.0627,0.7889,0,97.34,2.42,98.0,2.0,99.2,0.8
2026-05-29 21:23:38,twist,1,3720,success,4,1.0527,1.4122,0,97.34,2.42,98.0,2.0,99.2,0.8
2026-05-29 21:23:44,twist,1,3721,success,4,1.1285,1.392,0,97.34,2.42,98.0,2.0,99.2,0.8
2026-05-29 21:23:54,twist,1,3722,success,10,0.5076,0.9594,0,97.34,2.42,98.0,2.0,99.2,0.8
2026-05-29 21:24:03,twist,1,3723,success,8,0.4574,1.9258,0,97.34,2.42,98.0,2.0,99.2,0.8
2026-05-29 21:24:08,twist,1,3724,success,4,1.246,1.6396,0,97.34,2.42,98.0,2.0,99.2,0.8
2026-05-29 21:24:13,twist,1,3725,success,4,1.1146,1.5026,0,97.34,2.42,98.0,2.0,99.2,0.8
2026-05-29 21:24:22,twist,1,3726,success,8,0.7566,0.5653,0,97.34,2.42,99.0,1.0,99.2,0.8
2026-05-29 21:24:41,twist,1,3727,success,18,0.6939,0.5444,0,97.34,2.41,99.0,1.0,99.2,0.8
2026-05-29 21:24:52,twist,1,3728,success,10,0.4448,1.264,0,97.34,2.41,99.0,1.0,99.2,0.8
2026-05-29 21:24:57,twist,1,3729,success,4,0.9797,1.4907,0,97.35,2.41,99.0,1.0,99.2,0.8
2026-05-29 21:25:06,twist,1,3730,success,8,0.6607,1.4493,0,97.35,2.41,99.0,1.0,99.2,0.8
2026-05-29 21:25:10,twist,1,3731,success,2,0.9699,1.8289,0,97.35,2.41,99.0,1.0,99.2,0.8
2026-05-29 21:25:19,twist,1,3732,success,8,0.9521,0.5109,0,97.35,2.41,99.0,1.0,99.2,0.8
2026-05-29 21:25:27,twist,1,3733,success,8,0.4598,1.52,0,97.35,2.41,99.0,1.0,99.2,0.8
2026-05-29 21:25:33,twist,1,3734,success,4,1.2952,1.3455,0,97.35,2.41,99.0,1.0,99.2,0.8
2026-05-29 21:25:41,twist,1,3735,success,8,0.3826,1.7393,0,97.35,2.41,99.0,1.0,99.2,0.8
2026-05-29 21:25:55,twist,1,3736,success,14,0.5348,1.1436,0,97.35,2.41,99.0,1.0,99.2,0.8
2026-05-29 21:26:04,twist,1,3737,success,8,0.92,0.607,0,97.35,2.41,99.0,1.0,99.2,0.8
2026-05-29 21:26:13,twist,1,3738,success,8,0.6458,1.1267,0,97.35,2.41,99.0,1.0,99.2,0.8
2026-05-29 21:26:22,twist,1,3739,success,8,0.8642,0.7585,0,97.35,2.41,99.0,1.0,99.2,0.8
2026-05-29 21:26:34,twist,1,3740,success,12,0.5976,0.6422,0,97.35,2.41,99.0,1.0,99.2,0.8
2026-05-29 21:26:47,twist,1,3741,success,12,0.4223,1.1864,0,97.35,2.41,99.0,1.0,99.2,0.8
2026-05-29 21:26:59,twist,1,3742,success,12,0.5289,1.0649,0,97.35,2.41,99.0,1.0,99.2,0.8
2026-05-29 21:27:09,twist,1,3743,success,10,0.6326,1.0552,0,97.36,2.4,99.0,1.0,99.2,0.8
2026-05-29 21:27:22,twist,1,3744,success,12,0.5981,0.9731,0,97.36,2.4,99.0,1.0,99.2,0.8
2026-05-29 21:27:34,twist,1,3745,success,12,0.4895,0.9885,0,97.36,2.4,99.0,1.0,99.2,0.8
2026-05-29 21:27:43,twist,1,3746,success,8,0.5132,1.7772,0,97.36,2.4,99.0,1.0,99.2,0.8
2026-05-29 21:27:52,twist,1,3747,success,8,0.3425,1.3503,0,97.36,2.4,99.0,1.0,99.2,0.8
2026-05-29 21:28:07,twist,1,3748,success,14,0.6053,0.6107,0,97.36,2.4,99.0,1.0,99.2,0.8
2026-05-29 21:28:21,twist,1,3749,success,14,0.654,0.3642,0,97.36,2.4,99.0,1.0,99.2,0.8
2026-05-29 21:28:30,twist,1,3750,success,8,0.6613,1.1545,0,97.36,2.4,99.0,1.0,99.2,0.8
2026-05-29 21:28:37,twist,1,3751,success,6,0.9289,0.9805,0,97.36,2.4,99.0,1.0,99.2,0.8
2026-05-29 21:28:46,twist,1,3752,success,8,0.4861,1.5532,0,97.36,2.4,99.0,1.0,99.2,0.8
2026-05-29 21:28:53,twist,1,3753,success,6,0.9192,1.2109,0,97.36,2.4,99.0,1.0,99.2,0.8
2026-05-29 21:29:03,twist,1,3754,success,10,0.6908,1.7249,0,97.36,2.4,99.0,1.0,99.2,0.8
2026-05-29 21:29:12,twist,1,3755,success,8,1.0924,0.7927,0,97.36,2.4,99.0,1.0,99.2,0.8
2026-05-29 21:29:16,twist,1,3756,success,2,0.8229,1.8085,0,97.36,2.4,99.0,1.0,99.2,0.8
2026-05-29 21:29:21,twist,1,3757,success,5,1.0366,1.5258,0,97.36,2.4,99.0,1.0,99.2,0.8
2026-05-29 21:29:41,twist,1,3758,success,21,0.6694,0.3344,0,97.37,2.39,99.0,1.0,99.2,0.8
2026-05-29 21:29:53,twist,1,3759,success,12,0.5241,1.0827,0,97.37,2.39,99.0,1.0,99.2,0.8
2026-05-29 21:29:55,twist,1,3760,success,1,21.7069,2.3253,0,97.37,2.39,99.0,1.0,99.2,0.8
2026-05-29 21:30:03,twist,1,3761,success,7,0.9215,1.2568,0,97.37,2.39,99.0,1.0,99.2,0.8
2026-05-29 21:30:13,twist,1,3762,success,10,0.9335,0.6043,0,97.37,2.39,99.0,1.0,99.2,0.8
2026-05-29 21:30:24,twist,1,3763,success,10,0.9722,0.6383,0,97.37,2.39,99.0,1.0,99.2,0.8
2026-05-29 21:30:27,twist,1,3764,success,2,1.411,1.727,0,97.37,2.39,99.0,1.0,99.2,0.8
2026-05-29 21:30:36,twist,1,3765,success,9,0.9844,0.645,0,97.37,2.39,99.0,1.0,99.2,0.8
2026-05-29 21:30:49,twist,1,3766,success,11,0.8161,0.8695,0,97.37,2.39,99.0,1.0,99.2,0.8
2026-05-29 21:30:58,twist,1,3767,success,8,0.6952,0.9254,0,97.37,2.39,99.0,1.0,99.2,0.8
2026-05-29 21:31:05,twist,1,3768,success,6,0.8103,1.1243,0,97.37,2.39,99.0,1.0,99.2,0.8
2026-05-29 21:31:19,twist,1,3769,success,14,0.6833,0.7006,0,97.37,2.39,99.0,1.0,99.2,0.8
2026-05-29 21:31:26,twist,1,3770,success,6,0.7559,1.1988,0,97.37,2.39,99.0,1.0,99.2,0.8
2026-05-29 21:31:33,twist,1,3771,success,6,1.0632,1.0055,0,97.37,2.39,99.0,1.0,99.2,0.8
2026-05-29 21:31:47,twist,1,3772,success,14,0.4497,0.8762,0,97.38,2.39,99.0,1.0,99.2,0.8
2026-05-29 21:31:59,twist,1,3773,success,12,0.4917,1.0712,0,97.38,2.39,99.0,1.0,99.2,0.8
2026-05-29 21:32:14,twist,1,3774,success,14,0.4538,0.8246,0,97.38,2.38,99.0,1.0,99.2,0.8
2026-05-29 21:32:25,twist,1,3775,success,10,0.4272,1.4643,0,97.38,2.38,99.0,1.0,99.2,0.8
2026-05-29 21:32:33,twist,1,3776,success,8,0.8147,0.7172,0,97.38,2.38,99.0,1.0,99.2,0.8
2026-05-29 21:32:48,twist,1,3777,success,14,0.6621,0.8098,0,97.38,2.38,99.0,1.0,99.2,0.8
2026-05-29 21:32:57,twist,1,3778,success,8,0.9438,0.6009,0,97.38,2.38,99.0,1.0,99.2,0.8
2026-05-29 21:32:58,twist,1,3779,success,1,23.8036,2.3133,0,97.38,2.38,99.0,1.0,99.2,0.8
2026-05-29 21:33:08,twist,1,3780,success,9,0.9333,0.6517,0,97.38,2.38,99.0,1.0,99.2,0.8
2026-05-29 21:33:15,twist,1,3781,success,6,1.0647,0.8213,0,97.38,2.38,99.0,1.0,99.2,0.8
2026-05-29 21:33:24,twist,1,3782,success,8,0.8565,0.6227,0,97.38,2.38,99.0,1.0,99.2,0.8
2026-05-29 21:33:38,twist,1,3783,success,14,0.4563,0.7465,0,97.38,2.38,99.0,1.0,99.2,0.8
2026-05-29 21:33:49,twist,1,3784,success,10,0.5961,1.1859,0,97.38,2.38,99.0,1.0,99.2,0.8
2026-05-29 21:34:01,twist,1,3785,success,12,0.6621,0.8387,0,97.38,2.38,99.0,1.0,99.2,0.8
2026-05-29 21:34:09,twist,1,3786,success,8,0.8693,0.8078,0,97.39,2.38,99.0,1.0,99.2,0.8
2026-05-29 21:34:14,twist,1,3787,success,4,1.0454,1.3719,0,97.39,2.38,99.0,1.0,99.2,0.8
2026-05-29 21:34:21,twist,1,3788,success,6,0.9314,0.6884,0,97.39,2.38,99.0,1.0,99.2,0.8
2026-05-29 21:34:36,twist,1,3789,success,14,0.331,1.4357,0,97.39,2.38,99.0,1.0,99.2,0.8
2026-05-29 21:34:43,twist,1,3790,success,7,1.0337,1.0278,0,97.39,2.37,99.0,1.0,99.2,0.8
2026-05-29 21:34:47,twist,1,3791,success,1,14.3998,2.3195,0,97.39,2.37,99.0,1.0,99.2,0.8
2026-05-29 21:34:55,twist,1,3792,success,8,0.8232,0.6454,0,97.39,2.37,99.0,1.0,99.2,0.8
2026-05-29 21:34:59,twist,1,3793,success,2,1.554,1.832,0,97.39,2.37,99.0,1.0,99.2,0.8
2026-05-29 21:35:00,twist,1,3794,success,1,7.655,2.3313,0,97.39,2.37,99.0,1.0,99.2,0.8
2026-05-29 21:35:09,twist,1,3795,success,7,1.082,0.9051,0,97.39,2.37,99.0,1.0,99.2,0.8
2026-05-29 21:35:17,twist,1,3796,success,8,0.7978,0.773,0,97.39,2.37,99.0,1.0,99.2,0.8
2026-05-29 21:35:31,twist,1,3797,success,14,0.7377,0.8056,0,97.39,2.37,99.0,1.0,99.2,0.8
2026-05-29 21:35:42,twist,1,3798,success,10,0.7231,0.4812,0,97.39,2.37,99.0,1.0,99.2,0.8
2026-05-29 21:35:48,twist,1,3799,success,6,1.0703,1.1207,0,97.39,2.37,99.0,1.0,99.2,0.8
2026-05-29 21:35:56,twist,1,3800,success,6,0.6092,1.4546,0,97.39,2.37,99.0,1.0,99.2,0.8
2026-05-29 21:36:03,twist,1,3801,success,6,1.0475,0.8394,0,97.4,2.37,99.0,1.0,99.2,0.8
2026-05-29 21:36:10,twist,1,3802,success,6,1.0103,0.8344,0,97.4,2.37,99.0,1.0,99.2,0.8
2026-05-29 21:36:19,twist,1,3803,success,8,0.9395,0.7526,0,97.4,2.37,99.0,1.0,99.2,0.8
2026-05-29 21:36:30,twist,1,3804,success,10,0.7177,1.3024,0,97.4,2.37,100.0,0.0,99.2,0.8
2026-05-29 21:36:39,twist,1,3805,success,8,0.8853,0.9112,0,97.4,2.37,100.0,0.0,99.2,0.8
2026-05-29 21:36:44,twist,1,3806,success,4,1.2199,1.4277,0,97.4,2.36,100.0,0.0,99.2,0.8
2026-05-29 21:36:49,twist,1,3807,success,4,1.1937,1.2479,0,97.4,2.36,100.0,0.0,99.2,0.8
2026-05-29 21:37:01,twist,1,3808,success,12,0.574,0.8527,0,97.4,2.36,100.0,0.0,99.2,0.8
2026-05-29 21:37:12,twist,1,3809,success,10,0.4534,1.4972,0,97.4,2.36,100.0,0.0,99.2,0.8
2026-05-29 21:37:24,twist,1,3810,success,12,0.1819,1.0895,0,97.4,2.36,100.0,0.0,99.2,0.8
2026-05-29 21:37:27,twist,1,3811,success,2,1.2904,1.8371,0,97.4,2.36,100.0,0.0,99.2,0.8
2026-05-29 21:37:43,twist,1,3812,success,16,0.5146,0.4731,0,97.4,2.36,100.0,0.0,99.2,0.8
2026-05-29 21:37:50,twist,1,3813,success,6,1.0325,1.2382,0,97.4,2.36,100.0,0.0,99.2,0.8
2026-05-29 21:37:57,twist,1,3814,success,6,0.854,1.059,0,97.4,2.36,100.0,0.0,99.4,0.6
2026-05-29 21:38:06,twist,1,3815,success,8,0.4419,1.0487,0,97.4,2.36,100.0,0.0,99.4,0.6
2026-05-29 21:38:15,twist,1,3816,success,8,0.7417,0.6683,0,97.41,2.36,100.0,0.0,99.4,0.6
2026-05-29 21:38:23,twist,1,3817,success,8,0.7224,0.7104,0,97.41,2.36,100.0,0.0,99.4,0.6
2026-05-29 21:38:28,twist,1,3818,success,4,1.2131,1.3798,0,97.41,2.36,100.0,0.0,99.4,0.6
2026-05-29 21:38:35,twist,1,3819,success,6,1.1111,1.0192,0,97.41,2.36,100.0,0.0,99.4,0.6
2026-05-29 21:38:42,twist,1,3820,success,6,1.0246,0.7997,0,97.41,2.36,100.0,0.0,99.4,0.6
2026-05-29 21:38:47,twist,1,3821,success,4,0.8445,1.2935,0,97.41,2.36,100.0,0.0,99.4,0.6
2026-05-29 21:38:59,twist,1,3822,success,10,0.4152,1.2067,0,97.41,2.35,100.0,0.0,99.4,0.6
2026-05-29 21:39:10,twist,1,3823,success,10,0.5901,1.0435,0,97.41,2.35,100.0,0.0,99.4,0.6
2026-05-29 21:39:21,twist,1,3824,success,10,0.711,0.9821,0,97.41,2.35,100.0,0.0,99.4,0.6
2026-05-29 21:39:32,twist,1,3825,success,10,0.6894,0.9466,0,97.41,2.35,100.0,0.0,99.4,0.6
2026-05-29 21:39:37,twist,1,3826,success,4,1.0491,1.3556,0,97.41,2.35,100.0,0.0,99.4,0.6
2026-05-29 21:39:49,twist,1,3827,success,10,0.6514,1.0549,0,97.41,2.35,100.0,0.0,99.4,0.6
2026-05-29 21:39:59,twist,1,3828,success,11,0.6229,1.6083,0,97.41,2.35,100.0,0.0,99.4,0.6
2026-05-29 21:40:23,twist,1,3829,success,19,0.3182,1.3453,0,97.41,2.35,100.0,0.0,99.4,0.6
2026-05-29 21:40:33,twist,1,3830,success,10,0.7069,0.4456,0,97.42,2.35,100.0,0.0,99.4,0.6
2026-05-29 21:40:40,twist,1,3831,success,7,0.865,1.3274,0,97.42,2.35,100.0,0.0,99.4,0.6
2026-05-29 21:40:50,twist,1,3832,success,9,1.0713,0.6847,0,97.42,2.35,100.0,0.0,99.4,0.6
2026-05-29 21:40:55,twist,1,3833,success,4,1.0387,1.2062,0,97.42,2.35,100.0,0.0,99.4,0.6
2026-05-29 21:41:08,twist,1,3834,success,12,0.7129,0.99,0,97.42,2.35,100.0,0.0,99.4,0.6
2026-05-29 21:41:19,twist,1,3835,success,10,0.6562,1.372,0,97.42,2.35,100.0,0.0,99.4,0.6
2026-05-29 21:41:31,twist,1,3836,success,12,0.6708,0.5741,0,97.42,2.35,100.0,0.0,99.4,0.6
2026-05-29 21:41:43,twist,1,3837,success,12,0.7922,0.678,0,97.42,2.35,100.0,0.0,99.4,0.6
2026-05-29 21:41:50,twist,1,3838,success,6,0.893,1.2386,0,97.42,2.34,100.0,0.0,99.4,0.6
2026-05-29 21:42:01,twist,1,3839,success,10,0.6581,1.1247,0,97.42,2.34,100.0,0.0,99.4,0.6
2026-05-29 21:42:09,twist,1,3840,success,8,1.0258,0.8418,0,97.42,2.34,100.0,0.0,99.4,0.6
2026-05-29 21:42:17,twist,1,3841,success,6,0.8423,0.8003,0,97.42,2.34,100.0,0.0,99.4,0.6
2026-05-29 21:42:24,twist,1,3842,success,6,0.5905,1.851,0,97.42,2.34,100.0,0.0,99.4,0.6
2026-05-29 21:42:32,twist,1,3843,success,8,0.9227,0.7136,0,97.42,2.34,100.0,0.0,99.4,0.6
2026-05-29 21:42:44,twist,1,3844,success,12,0.87,0.5718,0,97.42,2.34,100.0,0.0,99.4,0.6
2026-05-29 21:42:53,twist,1,3845,success,8,0.9957,0.7219,0,97.43,2.34,100.0,0.0,99.4,0.6
2026-05-29 21:43:04,twist,1,3846,success,10,1.0764,0.7724,0,97.43,2.34,100.0,0.0,99.4,0.6
2026-05-29 21:43:13,twist,1,3847,success,8,0.6521,1.1975,0,97.43,2.34,100.0,0.0,99.4,0.6
2026-05-29 21:43:22,twist,1,3848,success,8,0.9879,0.4408,0,97.43,2.34,100.0,0.0,99.4,0.6
2026-05-29 21:43:33,twist,1,3849,success,10,0.401,1.625,0,97.43,2.34,100.0,0.0,99.4,0.6
2026-05-29 21:43:45,twist,1,3850,success,10,0.5175,1.2598,0,97.43,2.34,100.0,0.0,99.4,0.6
2026-05-29 21:43:54,twist,1,3851,success,8,0.7304,1.2016,0,97.43,2.34,100.0,0.0,99.4,0.6
2026-05-29 21:44:07,twist,1,3852,success,12,0.622,0.5366,0,97.43,2.34,100.0,0.0,99.4,0.6
2026-05-29 21:44:16,twist,1,3853,success,8,0.5406,1.6754,0,97.43,2.34,100.0,0.0,99.4,0.6
2026-05-29 21:44:21,twist,1,3854,success,4,1.2989,1.4599,0,97.43,2.34,100.0,0.0,99.4,0.6
2026-05-29 21:44:33,twist,1,3855,success,12,0.4623,1.3342,0,97.43,2.33,100.0,0.0,99.4,0.6
2026-05-29 21:44:41,twist,1,3856,success,6,1.0265,1.0998,0,97.43,2.33,100.0,0.0,99.4,0.6
2026-05-29 21:44:51,twist,1,3857,success,10,0.8791,0.6828,0,97.43,2.33,100.0,0.0,99.4,0.6
2026-05-29 21:45:03,twist,1,3858,success,12,0.7306,0.6254,0,97.43,2.33,100.0,0.0,99.4,0.6
2026-05-29 21:45:06,twist,1,3859,success,2,1.0594,1.8146,0,97.43,2.33,100.0,0.0,99.4,0.6
2026-05-29 21:45:11,twist,1,3860,success,4,1.0141,1.6231,0,97.44,2.33,100.0,0.0,99.4,0.6
2026-05-29 21:45:21,twist,1,3861,success,10,0.5872,1.1761,0,97.44,2.33,100.0,0.0,99.4,0.6
2026-05-29 21:45:34,twist,1,3862,success,12,0.8161,0.7396,0,97.44,2.33,100.0,0.0,99.4,0.6
2026-05-29 21:45:44,twist,1,3863,success,10,0.2464,1.6809,0,97.44,2.33,100.0,0.0,99.4,0.6
2026-05-29 21:45:51,twist,1,3864,success,6,1.0158,0.9592,0,97.44,2.33,100.0,0.0,99.4,0.6
2026-05-29 21:46:00,twist,1,3865,success,8,1.1396,0.8938,0,97.44,2.33,100.0,0.0,99.4,0.6
2026-05-29 21:46:01,twist,1,3866,success,1,269.8815,2.3211,0,97.44,2.33,100.0,0.0,99.4,0.6
2026-05-29 21:46:08,twist,1,3867,success,5,1.2343,1.5265,0,97.44,2.33,100.0,0.0,99.4,0.6
2026-05-29 21:46:17,twist,1,3868,success,8,0.5661,1.219,0,97.44,2.33,100.0,0.0,99.4,0.6
2026-05-29 21:46:30,twist,1,3869,success,12,0.6052,0.8342,0,97.44,2.33,100.0,0.0,99.4,0.6
2026-05-29 21:46:42,twist,1,3870,success,12,0.5921,0.7018,0,97.44,2.33,100.0,0.0,99.4,0.6
2026-05-29 21:46:53,twist,1,3871,success,10,0.8714,0.6154,0,97.44,2.32,100.0,0.0,99.4,0.6
2026-05-29 21:47:02,twist,1,3872,success,8,0.7062,0.8118,0,97.44,2.32,100.0,0.0,99.4,0.6
2026-05-29 21:47:09,twist,1,3873,success,6,1.1989,0.9265,0,97.44,2.32,100.0,0.0,99.4,0.6
2026-05-29 21:47:21,twist,1,3874,success,12,0.6218,0.7104,0,97.44,2.32,100.0,0.0,99.4,0.6
2026-05-29 21:47:33,twist,1,3875,success,12,0.6299,0.8817,0,97.45,2.32,100.0,0.0,99.4,0.6
2026-05-29 21:47:44,twist,1,3876,success,10,0.2786,1.7527,0,97.45,2.32,100.0,0.0,99.4,0.6
2026-05-29 21:47:55,twist,1,3877,success,10,0.6468,1.0388,0,97.45,2.32,100.0,0.0,99.4,0.6
2026-05-29 21:48:03,twist,1,3878,success,8,0.9692,0.751,0,97.45,2.32,100.0,0.0,99.4,0.6
2026-05-29 21:48:10,twist,1,3879,success,6,0.6652,1.4928,0,97.45,2.32,100.0,0.0,99.4,0.6
2026-05-29 21:48:17,twist,1,3880,success,6,1.1929,1.0016,0,97.45,2.32,100.0,0.0,99.4,0.6
2026-05-29 21:48:19,twist,1,3881,success,1,47.8547,2.3176,0,97.45,2.32,100.0,0.0,99.4,0.6
2026-05-29 21:48:33,twist,1,3882,success,13,0.5223,0.7976,0,97.45,2.32,100.0,0.0,99.4,0.6
2026-05-29 21:48:42,twist,1,3883,success,8,0.9523,0.8331,0,97.45,2.32,100.0,0.0,99.4,0.6
2026-05-29 21:48:58,twist,1,3884,success,16,0.3177,0.7689,0,97.45,2.32,100.0,0.0,99.4,0.6
2026-05-29 21:49:05,twist,1,3885,success,6,0.5355,1.5224,0,97.45,2.32,100.0,0.0,99.4,0.6
2026-05-29 21:49:14,twist,1,3886,success,8,0.8022,1.0801,0,97.45,2.32,100.0,0.0,99.4,0.6
2026-05-29 21:49:17,twist,1,3887,success,2,1.0967,1.835,0,97.45,2.32,100.0,0.0,99.4,0.6
2026-05-29 21:49:26,twist,1,3888,success,8,0.9987,0.886,0,97.45,2.31,100.0,0.0,99.4,0.6
2026-05-29 21:49:38,twist,1,3889,success,12,0.7723,0.698,0,97.45,2.31,100.0,0.0,99.4,0.6
2026-05-29 21:49:45,twist,1,3890,success,6,0.9644,0.901,0,97.46,2.31,100.0,0.0,99.4,0.6
2026-05-29 21:49:55,twist,1,3891,success,10,0.7575,0.7807,0,97.46,2.31,100.0,0.0,99.4,0.6
2026-05-29 21:50:00,twist,1,3892,success,4,1.2307,1.3154,0,97.46,2.31,100.0,0.0,99.4,0.6
2026-05-29 21:50:05,twist,1,3893,success,5,1.2184,1.6047,0,97.46,2.31,100.0,0.0,99.4,0.6
2026-05-29 21:50:14,twist,1,3894,success,7,0.9254,1.1685,0,97.46,2.31,100.0,0.0,99.4,0.6
2026-05-29 21:50:27,twist,1,3895,success,12,0.6405,0.6897,0,97.46,2.31,100.0,0.0,99.4,0.6
2026-05-29 21:50:28,twist,1,3896,success,1,21.1706,2.3217,0,97.46,2.31,100.0,0.0,99.4,0.6
2026-05-29 21:50:35,twist,1,3897,success,5,0.8247,1.4276,0,97.46,2.31,100.0,0.0,99.4,0.6
2026-05-29 21:50:44,twist,1,3898,success,9,0.8075,1.2618,0,97.46,2.31,100.0,0.0,99.4,0.6
2026-05-29 21:50:53,twist,1,3899,success,7,1.1345,1.1128,0,97.46,2.31,100.0,0.0,99.4,0.6
2026-05-29 21:51:02,twist,1,3900,success,8,0.9159,0.5904,0,97.46,2.31,100.0,0.0,99.4,0.6
2026-05-29 21:51:08,twist,1,3901,success,6,1.0572,1.0241,0,97.46,2.31,100.0,0.0,99.4,0.6
2026-05-29 21:51:15,twist,1,3902,success,6,1.1143,1.1612,0,97.46,2.31,100.0,0.0,99.4,0.6
2026-05-29 21:51:36,twist,1,3903,success,20,0.3185,0.253,2,97.46,2.31,100.0,0.0,99.4,0.6
2026-05-29 21:51:47,twist,1,3904,success,10,0.5438,0.753,0,97.46,2.31,100.0,0.0,99.4,0.6
2026-05-29 21:51:54,twist,1,3905,success,6,0.6903,0.9779,0,97.46,2.3,100.0,0.0,99.4,0.6
2026-05-29 21:51:59,twist,1,3906,success,4,1.0963,1.3191,0,97.47,2.3,100.0,0.0,99.4,0.6
2026-05-29 21:52:15,twist,1,3907,success,16,0.4537,1.0247,0,97.47,2.3,100.0,0.0,99.4,0.6
2026-05-29 21:52:40,twist,1,3908,success,10,0.459,1.3357,0,97.47,2.3,100.0,0.0,99.4,0.6
2026-05-29 21:52:49,twist,1,3909,success,10,0.6175,1.6691,0,97.47,2.3,100.0,0.0,99.4,0.6
2026-05-29 21:52:55,twist,1,3910,success,4,0.9648,1.4445,0,97.47,2.3,100.0,0.0,99.4,0.6
2026-05-29 21:53:00,twist,1,3911,success,4,1.1563,1.688,0,97.47,2.3,100.0,0.0,99.4,0.6
2026-05-29 21:53:14,twist,1,3912,success,14,0.6218,0.6003,0,97.47,2.3,100.0,0.0,99.4,0.6
2026-05-29 21:53:23,twist,1,3913,success,8,0.4893,1.8039,0,97.47,2.3,100.0,0.0,99.4,0.6
2026-05-29 21:53:31,twist,1,3914,success,8,0.8901,0.8749,0,97.47,2.3,100.0,0.0,99.4,0.6
2026-05-29 21:53:52,twist,1,3915,success,20,0.5401,0.4058,0,97.47,2.3,100.0,0.0,99.4,0.6
2026-05-29 21:54:02,twist,1,3916,success,10,0.6809,1.3559,0,97.47,2.3,100.0,0.0,99.4,0.6
2026-05-29 21:54:07,twist,1,3917,success,4,1.1359,1.2302,0,97.47,2.3,100.0,0.0,99.4,0.6
2026-05-29 21:54:13,twist,1,3918,success,4,0.8448,1.3933,0,97.47,2.3,100.0,0.0,99.4,0.6
2026-05-29 21:54:25,twist,1,3919,success,12,0.4927,1.4986,0,97.47,2.3,100.0,0.0,99.4,0.6
2026-05-29 21:54:38,twist,1,3920,success,12,0.5493,0.9496,0,97.47,2.3,100.0,0.0,99.4,0.6
2026-05-29 21:54:47,twist,1,3921,success,8,0.8663,0.5697,0,97.48,2.3,100.0,0.0,99.4,0.6
2026-05-29 21:54:48,twist,1,3922,success,1,44.7425,2.3232,0,97.48,2.29,100.0,0.0,99.4,0.6
2026-05-29 21:54:56,twist,1,3923,success,7,1.0268,1.6966,0,97.48,2.29,100.0,0.0,99.4,0.6
2026-05-29 21:55:03,twist,1,3924,success,6,0.8138,1.066,0,97.48,2.29,100.0,0.0,99.4,0.6
2026-05-29 21:55:10,twist,1,3925,success,6,0.8367,0.8311,0,97.48,2.29,100.0,0.0,99.4,0.6
2026-05-29 21:55:22,twist,1,3926,success,12,0.604,0.8455,0,97.48,2.29,100.0,0.0,99.4,0.6
2026-05-29 21:55:29,twist,1,3927,success,6,1.1029,0.938,0,97.48,2.29,100.0,0.0,99.4,0.6
2026-05-29 21:55:42,twist,1,3928,success,12,0.4758,0.8654,0,97.48,2.29,100.0,0.0,99.4,0.6
2026-05-29 21:55:54,twist,1,3929,success,12,0.5043,0.729,0,97.48,2.29,100.0,0.0,99.4,0.6
2026-05-29 21:55:59,twist,1,3930,success,4,1.0759,1.833,0,97.48,2.29,100.0,0.0,99.4,0.6
2026-05-29 21:56:03,twist,1,3931,success,2,1.2024,1.8492,0,97.48,2.29,100.0,0.0,99.4,0.6
2026-05-29 21:56:10,twist,1,3932,success,6,1.0493,0.8389,0,97.48,2.29,100.0,0.0,99.4,0.6
2026-05-29 21:56:25,twist,1,3933,success,14,0.3171,1.209,0,97.48,2.29,100.0,0.0,99.4,0.6
2026-05-29 21:56:32,twist,1,3934,success,6,1.089,0.9215,0,97.48,2.29,100.0,0.0,99.4,0.6
2026-05-29 21:56:48,twist,1,3935,success,16,0.5139,0.5884,0,97.48,2.29,100.0,0.0,99.4,0.6
2026-05-29 21:56:58,twist,1,3936,success,10,0.2348,1.7706,0,97.48,2.29,100.0,0.0,99.4,0.6
2026-05-29 21:57:09,twist,1,3937,success,10,0.3899,1.1553,0,97.49,2.29,100.0,0.0,99.4,0.6
2026-05-29 21:57:23,twist,1,3938,success,14,0.4415,0.7607,0,97.49,2.29,100.0,0.0,99.4,0.6
2026-05-29 21:57:31,twist,1,3939,success,9,1.0768,0.724,0,97.49,2.28,100.0,0.0,99.4,0.6
2026-05-29 21:57:41,twist,1,3940,success,9,0.9669,0.8442,0,97.49,2.28,100.0,0.0,99.4,0.6
2026-05-29 21:57:43,twist,1,3941,success,1,5.6922,2.3203,0,97.49,2.28,100.0,0.0,99.4,0.6
2026-05-29 21:57:55,twist,1,3942,success,11,0.5998,0.925,0,97.49,2.28,100.0,0.0,99.4,0.6
2026-05-29 21:58:03,twist,1,3943,success,6,1.0339,0.9683,0,97.49,2.28,100.0,0.0,99.4,0.6
2026-05-29 21:58:10,twist,1,3944,success,6,0.9866,0.7511,0,97.49,2.28,100.0,0.0,99.4,0.6
2026-05-29 21:58:16,twist,1,3945,success,6,1.008,1.3384,0,97.49,2.28,100.0,0.0,99.4,0.6
2026-05-29 21:58:29,twist,1,3946,success,12,0.6445,0.6709,0,97.49,2.28,100.0,0.0,99.4,0.6
2026-05-29 21:58:34,twist,1,3947,success,4,1.1853,1.5701,0,97.49,2.28,100.0,0.0,99.4,0.6
2026-05-29 21:58:46,twist,1,3948,success,12,0.6808,0.9394,0,97.49,2.28,100.0,0.0,99.4,0.6
2026-05-29 21:58:54,twist,1,3949,success,6,1.0385,0.886,0,97.49,2.28,100.0,0.0,99.4,0.6
2026-05-29 21:59:01,twist,1,3950,success,6,0.968,0.9112,0,97.49,2.28,100.0,0.0,99.4,0.6
2026-05-29 21:59:12,twist,1,3951,success,10,0.2891,1.5869,0,97.49,2.28,100.0,0.0,99.4,0.6
2026-05-29 21:59:24,twist,1,3952,success,12,0.4138,0.8124,0,97.49,2.28,100.0,0.0,99.4,0.6
2026-05-29 21:59:34,twist,1,3953,success,8,0.8355,0.4662,0,97.5,2.28,100.0,0.0,99.4,0.6
2026-05-29 21:59:39,twist,1,3954,success,5,1.2382,1.2701,0,97.5,2.28,100.0,0.0,99.4,0.6
2026-05-29 21:59:55,twist,1,3955,success,15,0.8087,0.7435,0,97.5,2.28,100.0,0.0,99.4,0.6
2026-05-29 22:00:09,twist,1,3956,success,14,0.6052,0.801,0,97.5,2.28,100.0,0.0,99.4,0.6
2026-05-29 22:00:18,twist,1,3957,success,8,1.0801,1.0658,0,97.5,2.27,100.0,0.0,99.4,0.6
2026-05-29 22:00:38,twist,1,3958,success,20,0.2186,1.0047,0,97.5,2.27,100.0,0.0,99.4,0.6
2026-05-29 22:00:47,twist,1,3959,success,8,0.7429,1.0893,0,97.5,2.27,100.0,0.0,99.4,0.6
2026-05-29 22:00:54,twist,1,3960,success,6,0.9964,1.0349,0,97.5,2.27,100.0,0.0,99.4,0.6
2026-05-29 22:01:02,twist,1,3961,success,8,0.9211,0.6126,0,97.5,2.27,100.0,0.0,99.4,0.6
2026-05-29 22:01:07,twist,1,3962,success,4,1.0711,1.4269,0,97.5,2.27,100.0,0.0,99.4,0.6
2026-05-29 22:01:18,twist,1,3963,success,10,0.7665,1.0533,0,97.5,2.27,100.0,0.0,99.4,0.6
2026-05-29 22:01:37,twist,1,3964,success,18,0.5607,0.2867,1,97.5,2.27,100.0,0.0,99.4,0.6
2026-05-29 22:01:45,twist,1,3965,success,9,0.7163,1.3268,0,97.5,2.27,100.0,0.0,99.4,0.6
2026-05-29 22:01:54,twist,1,3966,success,7,1.0406,1.0424,0,97.5,2.27,100.0,0.0,99.4,0.6
2026-05-29 22:02:02,twist,1,3967,success,8,0.7803,0.6956,0,97.5,2.27,100.0,0.0,99.4,0.6
2026-05-29 22:02:07,twist,1,3968,success,4,1.1866,1.3397,0,97.51,2.27,100.0,0.0,99.4,0.6
2026-05-29 22:02:14,twist,1,3969,success,6,0.9226,0.9079,0,97.51,2.27,100.0,0.0,99.4,0.6
2026-05-29 22:02:19,twist,1,3970,success,4,0.9568,1.5938,0,97.51,2.27,100.0,0.0,99.4,0.6
2026-05-29 22:02:28,twist,1,3971,success,8,0.6969,1.2566,0,97.51,2.27,100.0,0.0,99.4,0.6
2026-05-29 22:02:38,twist,1,3972,success,10,0.8898,0.4441,0,97.51,2.27,100.0,0.0,99.4,0.6
2026-05-29 22:02:45,twist,1,3973,success,6,0.9684,0.8991,0,97.51,2.27,100.0,0.0,99.4,0.6
2026-05-29 22:02:52,twist,1,3974,success,6,1.1177,0.8664,0,97.51,2.26,100.0,0.0,99.4,0.6
2026-05-29 22:03:03,twist,1,3975,success,10,0.6793,0.6565,0,97.51,2.26,100.0,0.0,99.4,0.6
2026-05-29 22:03:10,twist,1,3976,success,6,1.0353,0.8974,0,97.51,2.26,100.0,0.0,99.4,0.6
2026-05-29 22:03:16,twist,1,3977,success,6,0.7379,1.7848,0,97.51,2.26,100.0,0.0,99.4,0.6
2026-05-29 22:03:18,twist,1,3978,success,1,231.0998,2.3151,0,97.51,2.26,100.0,0.0,99.4,0.6
2026-05-29 22:03:34,twist,1,3979,success,15,0.6044,0.8665,0,97.51,2.26,100.0,0.0,99.4,0.6
2026-05-29 22:03:44,twist,1,3980,success,10,0.2136,1.5857,0,97.51,2.26,100.0,0.0,99.4,0.6
2026-05-29 22:03:51,twist,1,3981,success,6,0.8381,1.0459,0,97.51,2.26,100.0,0.0,99.4,0.6
2026-05-29 22:04:04,twist,1,3982,success,12,0.5493,0.6881,0,97.51,2.26,100.0,0.0,99.4,0.6
2026-05-29 22:04:13,twist,1,3983,success,8,0.3008,1.4444,0,97.51,2.26,100.0,0.0,99.4,0.6
2026-05-29 22:04:23,twist,1,3984,success,10,0.8841,0.5666,0,97.52,2.26,100.0,0.0,99.4,0.6
2026-05-29 22:04:30,twist,1,3985,success,6,0.8141,1.2257,0,97.52,2.26,100.0,0.0,99.4,0.6
2026-05-29 22:04:39,twist,1,3986,success,8,0.7896,0.958,0,97.52,2.26,100.0,0.0,99.4,0.6
2026-05-29 22:04:45,twist,1,3987,success,6,0.7962,0.9396,0,97.52,2.26,100.0,0.0,99.4,0.6
2026-05-29 22:04:54,twist,1,3988,success,8,0.6018,1.2448,0,97.52,2.26,100.0,0.0,99.4,0.6
2026-05-29 22:05:02,twist,1,3989,success,8,0.5891,0.9852,0,97.52,2.26,100.0,0.0,99.4,0.6
2026-05-29 22:05:11,twist,1,3990,success,8,0.2823,1.4671,0,97.52,2.26,100.0,0.0,99.4,0.6
2026-05-29 22:05:23,twist,1,3991,success,12,0.3466,1.4724,0,97.52,2.26,100.0,0.0,99.4,0.6
2026-05-29 22:05:30,twist,1,3992,success,6,0.5759,1.4079,0,97.52,2.25,100.0,0.0,99.4,0.6
2026-05-29 22:05:40,twist,1,3993,success,10,0.7145,0.8075,0,97.52,2.25,100.0,0.0,99.4,0.6
2026-05-29 22:05:47,twist,1,3994,success,6,0.8797,1.3586,0,97.52,2.25,100.0,0.0,99.4,0.6
2026-05-29 22:05:56,twist,1,3995,success,8,0.6801,0.8001,0,97.52,2.25,100.0,0.0,99.4,0.6
2026-05-29 22:06:03,twist,1,3996,success,6,1.0097,1.1479,0,97.52,2.25,100.0,0.0,99.4,0.6
2026-05-29 22:06:11,twist,1,3997,success,8,0.8427,0.7527,0,97.52,2.25,100.0,0.0,99.4,0.6
2026-05-29 22:06:23,twist,1,3998,success,12,0.5363,1.4706,0,97.52,2.25,100.0,0.0,99.4,0.6
2026-05-29 22:06:35,twist,1,3999,success,12,0.4124,1.4785,0,97.52,2.25,100.0,0.0,99.4,0.6
2026-05-29 22:06:46,twist,1,4000,success,10,0.897,0.5085,0,97.52,2.25,100.0,0.0,99.4,0.6
2026-05-29 22:07:03,twist,1,4001,success,18,0.2391,1.3518,0,97.53,2.25,100.0,0.0,99.4,0.6
2026-05-29 22:07:10,twist,1,4002,success,6,0.536,1.4042,0,97.53,2.25,100.0,0.0,99.4,0.6
2026-05-29 22:07:18,twist,1,4003,success,8,0.3438,1.8044,0,97.53,2.25,100.0,0.0,99.4,0.6
2026-05-29 22:07:31,twist,1,4004,success,12,0.5198,0.8467,0,97.53,2.25,100.0,0.0,99.4,0.6
2026-05-29 22:07:45,twist,1,4005,success,12,0.5154,1.1917,0,97.53,2.25,100.0,0.0,99.4,0.6
2026-05-29 22:07:52,twist,1,4006,success,6,1.0381,1.1102,0,97.53,2.25,100.0,0.0,99.4,0.6
2026-05-29 22:07:55,twist,1,4007,success,2,1.5274,1.8076,0,97.53,2.25,100.0,0.0,99.4,0.6
2026-05-29 22:08:09,twist,1,4008,success,14,0.6703,0.703,0,97.53,2.25,100.0,0.0,99.4,0.6
2026-05-29 22:08:17,twist,1,4009,success,8,0.9495,0.4986,0,97.53,2.24,100.0,0.0,99.4,0.6
2026-05-29 22:08:29,twist,1,4010,success,12,0.5536,0.8101,0,97.53,2.24,100.0,0.0,99.4,0.6
2026-05-29 22:08:43,twist,1,4011,success,14,0.3622,1.3741,0,97.53,2.24,100.0,0.0,99.4,0.6
2026-05-29 22:08:49,twist,1,4012,success,6,0.6637,1.4003,0,97.53,2.24,100.0,0.0,99.4,0.6
2026-05-29 22:08:58,twist,1,4013,success,8,0.9774,1.0783,0,97.53,2.24,100.0,0.0,99.4,0.6
2026-05-29 22:09:07,twist,1,4014,success,8,0.329,1.7783,0,97.53,2.24,100.0,0.0,99.4,0.6
2026-05-29 22:09:16,twist,1,4015,success,8,0.7776,0.9494,0,97.53,2.24,100.0,0.0,99.4,0.6
2026-05-29 22:09:23,twist,1,4016,success,7,1.0992,0.9568,0,97.53,2.24,100.0,0.0,99.4,0.6
2026-05-29 22:09:37,twist,1,4017,success,13,0.4995,0.7652,0,97.54,2.24,100.0,0.0,99.4,0.6
2026-05-29 22:09:44,twist,1,4018,success,6,0.8355,1.1016,0,97.54,2.24,100.0,0.0,99.4,0.6
2026-05-29 22:09:55,twist,1,4019,success,10,0.1925,1.5905,0,97.54,2.24,100.0,0.0,99.4,0.6
2026-05-29 22:10:02,twist,1,4020,success,6,0.8117,0.9569,0,97.54,2.24,100.0,0.0,99.4,0.6
2026-05-29 22:10:11,twist,1,4021,success,8,0.8872,0.3409,0,97.54,2.24,100.0,0.0,99.4,0.6
2026-05-29 22:10:17,twist,1,4022,success,4,0.7623,1.4877,0,97.54,2.24,100.0,0.0,99.4,0.6
2026-05-29 22:10:30,twist,1,4023,success,12,0.4353,0.9667,0,97.54,2.24,100.0,0.0,99.4,0.6
2026-05-29 22:10:40,twist,1,4024,success,10,0.3804,1.3517,0,97.54,2.24,100.0,0.0,99.4,0.6
2026-05-29 22:10:42,twist,1,4025,success,1,41.346,2.3216,0,97.54,2.24,100.0,0.0,99.4,0.6
2026-05-29 22:10:51,twist,1,4026,success,7,0.5069,1.8223,0,97.54,2.24,100.0,0.0,99.4,0.6
2026-05-29 22:11:01,twist,1,4027,success,10,0.6264,1.0748,0,97.54,2.23,100.0,0.0,99.4,0.6
2026-05-29 22:11:11,twist,1,4028,success,10,0.6691,0.8953,0,97.54,2.23,100.0,0.0,99.4,0.6
2026-05-29 22:11:20,twist,1,4029,success,8,0.6086,1.2669,0,97.54,2.23,100.0,0.0,99.4,0.6
2026-05-29 22:11:25,twist,1,4030,success,4,0.9425,1.4794,0,97.54,2.23,100.0,0.0,99.4,0.6
2026-05-29 22:11:34,twist,1,4031,success,8,0.5728,1.7029,0,97.54,2.23,100.0,0.0,99.4,0.6
2026-05-29 22:11:45,twist,1,4032,success,10,0.604,0.8799,0,97.54,2.23,100.0,0.0,99.4,0.6
2026-05-29 22:11:58,twist,1,4033,success,12,0.5145,0.5938,0,97.55,2.23,100.0,0.0,99.4,0.6
2026-05-29 22:12:05,twist,1,4034,success,7,1.07,0.8994,0,97.55,2.23,100.0,0.0,99.4,0.6
2026-05-29 22:12:19,twist,1,4035,success,13,0.5221,0.5791,0,97.55,2.23,100.0,0.0,99.4,0.6
2026-05-29 22:12:29,twist,1,4036,success,10,0.8057,0.661,0,97.55,2.23,100.0,0.0,99.4,0.6
2026-05-29 22:12:39,twist,1,4037,success,10,0.2864,1.8001,0,97.55,2.23,100.0,0.0,99.4,0.6
2026-05-29 22:12:46,twist,1,4038,success,6,0.3891,1.8585,0,97.55,2.23,100.0,0.0,99.4,0.6
2026-05-29 22:13:00,twist,1,4039,success,14,0.4709,0.7564,0,97.55,2.23,100.0,0.0,99.4,0.6
2026-05-29 22:13:10,twist,1,4040,success,10,0.7317,1.2702,0,97.55,2.23,100.0,0.0,99.4,0.6
2026-05-29 22:13:15,twist,1,4041,success,4,1.1881,1.5804,0,97.55,2.23,100.0,0.0,99.4,0.6
2026-05-29 22:13:21,twist,1,4042,success,4,1.158,1.4451,0,97.55,2.23,100.0,0.0,99.4,0.6
2026-05-29 22:13:30,twist,1,4043,success,8,1.0711,0.7977,0,97.55,2.23,100.0,0.0,99.4,0.6
2026-05-29 22:13:42,twist,1,4044,success,12,0.5065,1.4749,0,97.55,2.23,100.0,0.0,99.4,0.6
2026-05-29 22:13:49,twist,1,4045,success,6,0.862,1.057,0,97.55,2.22,100.0,0.0,99.4,0.6
2026-05-29 22:13:56,twist,1,4046,success,6,1.198,1.0754,0,97.55,2.22,100.0,0.0,99.4,0.6
2026-05-29 22:14:07,twist,1,4047,success,10,0.5992,1.1436,0,97.55,2.22,100.0,0.0,99.4,0.6
2026-05-29 22:14:10,twist,1,4048,success,2,1.1258,1.7258,0,97.55,2.22,100.0,0.0,99.4,0.6
2026-05-29 22:14:17,twist,1,4049,success,6,0.655,1.0881,0,97.55,2.22,100.0,0.0,99.4,0.6
2026-05-29 22:14:26,twist,1,4050,success,8,0.2636,1.682,0,97.56,2.22,100.0,0.0,99.4,0.6
2026-05-29 22:14:29,twist,1,4051,success,2,0.8505,1.8878,0,97.56,2.22,100.0,0.0,99.4,0.6
2026-05-29 22:14:38,twist,1,4052,success,8,0.3936,1.589,0,97.56,2.22,100.0,0.0,99.4,0.6
2026-05-29 22:14:50,twist,1,4053,success,12,0.4487,0.9694,0,97.56,2.22,100.0,0.0,99.4,0.6
2026-05-29 22:14:57,twist,1,4054,success,6,0.9767,1.2092,0,97.56,2.22,100.0,0.0,99.4,0.6
2026-05-29 22:15:06,twist,1,4055,success,8,0.7021,0.9724,0,97.56,2.22,100.0,0.0,99.4,0.6
2026-05-29 22:15:19,twist,1,4056,success,14,0.4364,1.3091,0,97.56,2.22,100.0,0.0,99.4,0.6
2026-05-29 22:15:23,twist,1,4057,success,2,0.9763,1.8405,0,97.56,2.22,100.0,0.0,99.4,0.6
2026-05-29 22:15:33,twist,1,4058,success,10,0.4829,0.9039,0,97.56,2.22,100.0,0.0,99.4,0.6
2026-05-29 22:15:37,twist,1,4059,success,2,1.0196,1.802,0,97.56,2.22,100.0,0.0,99.4,0.6
2026-05-29 22:15:49,twist,1,4060,success,12,0.6997,0.9665,0,97.56,2.22,100.0,0.0,99.6,0.4
2026-05-29 22:15:58,twist,1,4061,success,8,0.8079,0.8682,0,97.56,2.22,100.0,0.0,99.6,0.4
2026-05-29 22:16:00,twist,1,4062,success,1,12.1036,2.3283,0,97.56,2.22,100.0,0.0,99.6,0.4
2026-05-29 22:16:13,twist,1,4063,success,13,0.5896,0.6385,0,97.56,2.22,100.0,0.0,99.6,0.4
2026-05-29 22:16:18,twist,1,4064,success,4,0.9645,1.3739,0,97.56,2.21,100.0,0.0,99.6,0.4
2026-05-29 22:16:23,twist,1,4065,success,4,1.0798,1.4323,0,97.56,2.21,100.0,0.0,99.6,0.4
2026-05-29 22:16:28,twist,1,4066,success,4,1.035,1.7249,0,97.57,2.21,100.0,0.0,99.6,0.4
2026-05-29 22:16:44,twist,1,4067,success,16,0.6839,0.6761,0,97.57,2.21,100.0,0.0,99.6,0.4
2026-05-29 22:16:51,twist,1,4068,success,6,0.9336,1.017,0,97.57,2.21,100.0,0.0,99.6,0.4
2026-05-29 22:16:58,twist,1,4069,success,6,0.6885,1.2986,0,97.57,2.21,100.0,0.0,99.6,0.4
2026-05-29 22:16:59,twist,1,4070,success,1,201.8441,2.3201,0,97.57,2.21,100.0,0.0,99.6,0.4
2026-05-29 22:17:14,twist,1,4071,success,13,0.6978,0.716,0,97.57,2.21,100.0,0.0,99.6,0.4
2026-05-29 22:17:29,twist,1,4072,success,14,0.6379,0.9812,0,97.57,2.21,100.0,0.0,99.6,0.4
2026-05-29 22:17:41,twist,1,4073,success,12,0.7587,0.6457,0,97.57,2.21,100.0,0.0,99.6,0.4
2026-05-29 22:17:53,twist,1,4074,success,12,0.5023,1.0147,0,97.57,2.21,100.0,0.0,99.6,0.4
2026-05-29 22:18:03,twist,1,4075,success,10,0.4027,1.3982,0,97.57,2.21,100.0,0.0,99.6,0.4
2026-05-29 22:18:06,twist,1,4076,success,2,0.8855,1.8909,0,97.57,2.21,100.0,0.0,99.6,0.4
2026-05-29 22:18:12,twist,1,4077,success,4,1.0257,1.478,0,97.57,2.21,100.0,0.0,99.6,0.4
2026-05-29 22:18:19,twist,1,4078,success,6,0.5738,1.4678,0,97.57,2.21,100.0,0.0,99.6,0.4
2026-05-29 22:18:29,twist,1,4079,success,10,0.8867,0.6912,0,97.57,2.21,100.0,0.0,99.6,0.4
2026-05-29 22:18:41,twist,1,4080,success,12,0.6731,1.1435,0,97.57,2.21,100.0,0.0,99.6,0.4
2026-05-29 22:18:44,twist,1,4081,success,2,1.3848,1.9967,0,97.57,2.21,100.0,0.0,99.6,0.4
2026-05-29 22:18:50,twist,1,4082,success,4,1.0285,1.3696,0,97.57,2.2,100.0,0.0,99.6,0.4
2026-05-29 22:19:01,twist,1,4083,success,10,0.6809,1.0723,0,97.58,2.2,100.0,0.0,99.6,0.4
2026-05-29 22:19:03,twist,1,4084,success,1,25.2399,2.32,0,97.58,2.2,100.0,0.0,99.6,0.4
2026-05-29 22:19:17,twist,1,4085,success,13,0.2528,1.289,0,97.58,2.2,100.0,0.0,99.6,0.4
2026-05-29 22:19:29,twist,1,4086,success,12,0.606,0.9884,0,97.58,2.2,100.0,0.0,99.6,0.4
2026-05-29 22:19:36,twist,1,4087,success,6,0.8017,1.0874,0,97.58,2.2,100.0,0.0,99.6,0.4
2026-05-29 22:19:45,twist,1,4088,success,8,0.6541,1.2117,0,97.58,2.2,100.0,0.0,99.6,0.4
2026-05-29 22:19:53,twist,1,4089,success,8,1.0528,0.6341,0,97.58,2.2,100.0,0.0,99.6,0.4
2026-05-29 22:20:03,twist,1,4090,success,10,0.786,0.7952,0,97.58,2.2,100.0,0.0,99.6,0.4
2026-05-29 22:20:15,twist,1,4091,success,10,0.8077,1.0529,0,97.58,2.2,100.0,0.0,99.6,0.4
2026-05-29 22:20:25,twist,1,4092,success,10,0.9196,0.6326,0,97.58,2.2,100.0,0.0,99.6,0.4
2026-05-29 22:20:40,twist,1,4093,success,14,0.7961,0.4679,0,97.58,2.2,100.0,0.0,99.6,0.4
2026-05-29 22:20:53,twist,1,4094,success,12,0.6876,0.7708,0,97.58,2.2,100.0,0.0,99.6,0.4
2026-05-29 22:21:03,twist,1,4095,success,10,0.4901,1.3203,0,97.58,2.2,100.0,0.0,99.6,0.4
2026-05-29 22:21:12,twist,1,4096,success,8,0.7814,1.2127,0,97.58,2.2,100.0,0.0,99.6,0.4
2026-05-29 22:21:24,twist,1,4097,success,12,0.5402,0.6312,0,97.58,2.2,100.0,0.0,99.6,0.4
2026-05-29 22:21:35,twist,1,4098,success,10,0.5651,1.5635,0,97.58,2.2,100.0,0.0,99.6,0.4
2026-05-29 22:21:47,twist,1,4099,success,12,0.5146,1.1131,0,97.58,2.2,100.0,0.0,99.6,0.4
2026-05-29 22:21:54,twist,1,4100,success,6,0.8185,0.817,0,97.59,2.2,100.0,0.0,99.6,0.4
2026-05-29 22:22:08,twist,1,4101,success,14,0.5696,0.937,0,97.59,2.19,100.0,0.0,99.6,0.4
2026-05-29 22:22:15,twist,1,4102,success,6,1.0986,0.9784,0,97.59,2.19,100.0,0.0,99.6,0.4
2026-05-29 22:22:28,twist,1,4103,success,12,0.6417,1.0757,0,97.59,2.19,100.0,0.0,99.6,0.4
2026-05-29 22:22:40,twist,1,4104,success,12,0.6513,1.2157,0,97.59,2.19,100.0,0.0,99.6,0.4
2026-05-29 22:22:45,twist,1,4105,success,4,1.2076,1.5306,0,97.59,2.19,100.0,0.0,99.6,0.4
2026-05-29 22:22:57,twist,1,4106,success,12,0.7157,1.032,0,97.59,2.19,100.0,0.0,99.6,0.4
2026-05-29 22:23:03,twist,1,4107,success,6,1.0769,1.1584,0,97.59,2.19,100.0,0.0,99.6,0.4
2026-05-29 22:23:16,twist,1,4108,success,12,0.6806,0.7504,0,97.59,2.19,100.0,0.0,99.6,0.4
2026-05-29 22:23:32,twist,1,4109,success,16,0.6966,0.5206,0,97.59,2.19,100.0,0.0,99.6,0.4
2026-05-29 22:23:35,twist,1,4110,success,2,1.5525,1.8706,0,97.59,2.19,100.0,0.0,99.6,0.4
2026-05-29 22:23:50,twist,1,4111,success,14,0.5633,0.7803,0,97.59,2.19,100.0,0.0,99.6,0.4
2026-05-29 22:24:02,twist,1,4112,success,12,0.679,0.4923,0,97.59,2.19,100.0,0.0,99.6,0.4
2026-05-29 22:24:10,twist,1,4113,success,8,0.7712,1.2534,0,97.59,2.19,100.0,0.0,99.6,0.4
2026-05-29 22:24:19,twist,1,4114,success,8,0.588,1.4863,0,97.59,2.19,100.0,0.0,99.6,0.4
2026-05-29 22:24:24,twist,1,4115,success,5,1.146,1.4977,0,97.59,2.19,100.0,0.0,99.6,0.4
2026-05-29 22:24:33,twist,1,4116,success,8,1.3027,1.4114,0,97.59,2.19,100.0,0.0,99.6,0.4
2026-05-29 22:24:42,twist,1,4117,success,7,0.8847,1.3048,0,97.6,2.19,100.0,0.0,99.6,0.4
2026-05-29 22:24:51,twist,1,4118,success,8,0.3934,1.7562,0,97.6,2.19,100.0,0.0,99.6,0.4
2026-05-29 22:25:01,twist,1,4119,success,10,0.6387,1.0218,0,97.6,2.18,100.0,0.0,99.6,0.4
2026-05-29 22:25:04,twist,1,4120,success,2,1.226,1.8868,0,97.6,2.18,100.0,0.0,99.6,0.4
2026-05-29 22:25:13,twist,1,4121,success,8,0.6597,0.792,0,97.6,2.18,100.0,0.0,99.6,0.4
2026-05-29 22:25:27,twist,1,4122,success,12,0.5154,1.2082,0,97.6,2.18,100.0,0.0,99.6,0.4
2026-05-29 22:25:34,twist,1,4123,success,7,1.0987,0.9919,0,97.6,2.18,100.0,0.0,99.6,0.4
2026-05-29 22:25:41,twist,1,4124,success,5,1.3693,1.5634,0,97.6,2.18,100.0,0.0,99.6,0.4
2026-05-29 22:25:50,twist,1,4125,success,8,0.7196,0.755,0,97.6,2.18,100.0,0.0,99.6,0.4
2026-05-29 22:25:54,twist,1,4126,success,2,1.4942,1.9251,0,97.6,2.18,100.0,0.0,99.8,0.2
2026-05-29 22:26:05,twist,1,4127,success,10,0.6567,1.1118,0,97.6,2.18,100.0,0.0,99.8,0.2
2026-05-29 22:26:12,twist,1,4128,success,6,1.064,0.9603,0,97.6,2.18,100.0,0.0,99.8,0.2
2026-05-29 22:26:20,twist,1,4129,success,8,0.9178,0.6584,0,97.6,2.18,100.0,0.0,99.8,0.2
2026-05-29 22:26:30,twist,1,4130,success,10,0.8659,0.8723,0,97.6,2.18,100.0,0.0,99.8,0.2
2026-05-29 22:26:42,twist,1,4131,success,12,0.5066,1.1007,0,97.6,2.18,100.0,0.0,99.8,0.2
2026-05-29 22:26:45,twist,1,4132,success,2,1.3161,1.73,0,97.6,2.18,100.0,0.0,99.8,0.2
2026-05-29 22:26:54,twist,1,4133,success,8,0.7232,1.4056,0,97.6,2.18,100.0,0.0,99.8,0.2
2026-05-29 22:26:59,twist,1,4134,success,4,1.0517,1.3113,0,97.61,2.18,100.0,0.0,99.8,0.2
2026-05-29 22:27:04,twist,1,4135,success,4,1.191,1.7993,0,97.61,2.18,100.0,0.0,99.8,0.2
2026-05-29 22:27:07,twist,1,4136,success,2,1.2843,1.9396,0,97.61,2.18,100.0,0.0,99.8,0.2
2026-05-29 22:27:31,twist,1,4137,success,26,0.416,0.7218,0,97.61,2.18,100.0,0.0,99.8,0.2
2026-05-29 22:27:37,twist,1,4138,success,4,1.1685,1.2353,0,97.61,2.17,100.0,0.0,99.8,0.2
2026-05-29 22:27:48,twist,1,4139,success,12,0.9767,0.4528,0,97.61,2.17,100.0,0.0,99.8,0.2
2026-05-29 22:27:59,twist,1,4140,success,10,0.9121,0.7074,0,97.61,2.17,100.0,0.0,99.8,0.2
2026-05-29 22:28:16,twist,1,4141,success,18,0.4687,0.6511,0,97.61,2.17,100.0,0.0,99.8,0.2
2026-05-29 22:28:25,twist,1,4142,success,8,0.3545,1.7511,0,97.61,2.17,100.0,0.0,99.8,0.2
2026-05-29 22:28:37,twist,1,4143,success,12,0.467,1.6115,0,97.61,2.17,100.0,0.0,99.8,0.2
2026-05-29 22:28:48,twist,1,4144,success,10,0.9976,0.596,0,97.61,2.17,100.0,0.0,99.8,0.2
2026-05-29 22:29:00,twist,1,4145,success,12,0.6179,1.299,0,97.61,2.17,100.0,0.0,99.8,0.2
2026-05-29 22:29:09,twist,1,4146,success,8,0.6266,1.7436,0,97.61,2.17,100.0,0.0,99.8,0.2
2026-05-29 22:29:13,twist,1,4147,success,4,1.2729,1.3092,0,97.61,2.17,100.0,0.0,99.8,0.2
2026-05-29 22:29:22,twist,1,4148,success,8,0.7145,1.5587,0,97.61,2.17,100.0,0.0,99.8,0.2
2026-05-29 22:29:34,twist,1,4149,success,12,0.5061,1.1944,0,97.61,2.17,100.0,0.0,99.8,0.2
2026-05-29 22:29:43,twist,1,4150,success,8,1.0904,0.8525,0,97.61,2.17,100.0,0.0,99.8,0.2
2026-05-29 22:29:55,twist,1,4151,success,10,0.8665,0.4038,0,97.62,2.17,100.0,0.0,99.8,0.2
2026-05-29 22:30:09,twist,1,4152,success,14,0.6657,0.7921,0,97.62,2.17,100.0,0.0,99.8,0.2
2026-05-29 22:30:17,twist,1,4153,success,8,0.7442,1.4066,0,97.62,2.17,100.0,0.0,99.8,0.2
2026-05-29 22:30:30,twist,1,4154,success,12,0.5254,0.9847,0,97.62,2.17,100.0,0.0,99.8,0.2
2026-05-29 22:30:31,twist,1,4155,success,1,343.9573,2.3209,0,97.62,2.17,100.0,0.0,99.8,0.2
2026-05-29 22:30:43,twist,1,4156,success,11,0.8576,1.076,0,97.62,2.17,100.0,0.0,99.8,0.2
2026-05-29 22:30:58,twist,1,4157,success,14,0.8748,0.7687,0,97.62,2.17,100.0,0.0,99.8,0.2
2026-05-29 22:31:05,twist,1,4158,success,6,0.6271,1.2304,0,97.62,2.16,100.0,0.0,99.8,0.2
2026-05-29 22:31:09,twist,1,4159,success,2,1.2599,1.9366,0,97.62,2.16,100.0,0.0,99.8,0.2
2026-05-29 22:31:16,twist,1,4160,success,6,0.9956,0.7912,0,97.62,2.16,100.0,0.0,99.8,0.2
2026-05-29 22:31:22,twist,1,4161,success,6,0.9433,1.2013,0,97.62,2.16,100.0,0.0,99.8,0.2
2026-05-29 22:31:41,twist,1,4162,success,18,0.4785,0.5193,0,97.62,2.16,100.0,0.0,99.8,0.2
2026-05-29 22:31:54,twist,1,4163,success,12,0.6761,0.7287,0,97.62,2.16,100.0,0.0,99.8,0.2
2026-05-29 22:32:01,twist,1,4164,success,6,0.8442,1.3263,0,97.62,2.16,100.0,0.0,99.8,0.2
2026-05-29 22:32:19,twist,1,4165,success,18,0.4313,0.3657,0,97.62,2.16,100.0,0.0,99.8,0.2
2026-05-29 22:32:31,twist,1,4166,success,12,0.5428,1.1588,0,97.62,2.16,100.0,0.0,99.8,0.2
2026-05-29 22:32:41,twist,1,4167,success,10,0.4594,1.6575,0,97.62,2.16,100.0,0.0,99.8,0.2
2026-05-29 22:32:57,twist,1,4168,success,16,0.4212,0.7157,0,97.62,2.16,100.0,0.0,99.8,0.2
2026-05-29 22:33:11,twist,1,4169,success,14,0.4744,0.4626,0,97.63,2.16,100.0,0.0,99.8,0.2
2026-05-29 22:33:20,twist,1,4170,success,8,1.1226,0.9487,0,97.63,2.16,100.0,0.0,99.8,0.2
2026-05-29 22:33:27,twist,1,4171,success,6,0.9785,1.2569,0,97.63,2.16,100.0,0.0,99.8,0.2
2026-05-29 22:33:34,twist,1,4172,success,6,0.9047,1.1135,0,97.63,2.16,100.0,0.0,99.8,0.2
2026-05-29 22:33:39,twist,1,4173,success,4,0.732,1.378,0,97.63,2.16,100.0,0.0,99.8,0.2
2026-05-29 22:33:48,twist,1,4174,success,9,0.9227,0.8075,0,97.63,2.16,100.0,0.0,99.8,0.2
2026-05-29 22:34:05,twist,1,4175,success,15,0.3,0.899,0,97.63,2.16,100.0,0.0,99.8,0.2
2026-05-29 22:34:14,twist,1,4176,success,8,0.4509,1.3447,0,97.63,2.16,100.0,0.0,99.8,0.2
2026-05-29 22:34:17,twist,1,4177,success,2,0.8028,1.8039,0,97.63,2.15,100.0,0.0,99.8,0.2
2026-05-29 22:34:24,twist,1,4178,success,6,0.9556,1.0971,0,97.63,2.15,100.0,0.0,99.8,0.2
2026-05-29 22:34:33,twist,1,4179,success,8,0.4718,1.6678,0,97.63,2.15,100.0,0.0,99.8,0.2
2026-05-29 22:34:40,twist,1,4180,success,6,1.0005,1.0641,0,97.63,2.15,100.0,0.0,99.8,0.2
2026-05-29 22:34:49,twist,1,4181,success,8,0.8881,0.8238,0,97.63,2.15,100.0,0.0,99.8,0.2
2026-05-29 22:34:56,twist,1,4182,success,6,0.9063,0.9844,0,97.63,2.15,100.0,0.0,99.8,0.2
2026-05-29 22:35:05,twist,1,4183,success,8,0.857,1.0882,0,97.63,2.15,100.0,0.0,99.8,0.2
2026-05-29 22:35:08,twist,1,4184,success,2,1.048,1.9118,0,97.63,2.15,100.0,0.0,99.8,0.2
2026-05-29 22:35:11,twist,1,4185,success,2,1.4537,1.7568,0,97.63,2.15,100.0,0.0,99.8,0.2
2026-05-29 22:35:16,twist,1,4186,success,4,1.0161,1.2875,0,97.63,2.15,100.0,0.0,99.8,0.2
2026-05-29 22:35:27,twist,1,4187,success,10,0.7755,0.7267,0,97.64,2.15,100.0,0.0,99.8,0.2
2026-05-29 22:35:36,twist,1,4188,success,8,0.6402,1.5132,0,97.64,2.15,100.0,0.0,99.8,0.2
2026-05-29 22:35:43,twist,1,4189,success,6,0.9633,0.83,0,97.64,2.15,100.0,0.0,99.8,0.2
2026-05-29 22:35:52,twist,1,4190,success,8,0.7013,0.8611,0,97.64,2.15,100.0,0.0,99.8,0.2
2026-05-29 22:36:01,twist,1,4191,success,8,0.8288,0.6079,0,97.64,2.15,100.0,0.0,99.8,0.2
2026-05-29 22:36:09,twist,1,4192,success,8,1.063,1.0036,0,97.64,2.15,100.0,0.0,99.8,0.2
2026-05-29 22:36:24,twist,1,4193,success,16,0.5779,0.5021,0,97.64,2.15,100.0,0.0,99.8,0.2
2026-05-29 22:36:42,twist,1,4194,success,18,0.6219,0.8475,0,97.64,2.15,100.0,0.0,99.8,0.2
2026-05-29 22:36:50,twist,1,4195,success,8,0.565,1.3771,0,97.64,2.15,100.0,0.0,99.8,0.2
2026-05-29 22:37:03,twist,1,4196,success,12,0.6081,0.7337,0,97.64,2.14,100.0,0.0,99.8,0.2
2026-05-29 22:37:08,twist,1,4197,success,4,1.2955,1.4455,0,97.64,2.14,100.0,0.0,99.8,0.2
2026-05-29 22:37:17,twist,1,4198,success,8,0.7294,1.0682,0,97.64,2.14,100.0,0.0,99.8,0.2
2026-05-29 22:37:29,twist,1,4199,success,12,0.7815,0.8352,0,97.64,2.14,100.0,0.0,99.8,0.2
2026-05-29 22:37:45,twist,1,4200,success,14,0.5156,1.2296,0,97.64,2.14,100.0,0.0,99.8,0.2
2026-05-29 22:37:56,twist,1,4201,success,8,0.3332,1.4585,0,97.64,2.14,100.0,0.0,99.8,0.2
2026-05-29 22:38:12,twist,1,4202,success,16,0.6248,0.6383,0,97.64,2.14,100.0,0.0,99.8,0.2
2026-05-29 22:38:18,twist,1,4203,success,6,0.949,0.7972,0,97.64,2.14,100.0,0.0,99.8,0.2
2026-05-29 22:38:25,twist,1,4204,success,6,0.8998,0.8062,0,97.65,2.14,100.0,0.0,100.0,0.0
2026-05-29 22:38:34,twist,1,4205,success,8,0.7973,1.2275,0,97.65,2.14,100.0,0.0,100.0,0.0
2026-05-29 22:38:37,twist,1,4206,success,2,1.527,1.9836,0,97.65,2.14,100.0,0.0,100.0,0.0
2026-05-29 22:38:44,twist,1,4207,success,6,0.6776,1.5346,0,97.65,2.14,100.0,0.0,100.0,0.0
2026-05-29 22:38:55,twist,1,4208,success,10,0.5739,1.0991,0,97.65,2.14,100.0,0.0,100.0,0.0
2026-05-29 22:39:03,twist,1,4209,success,8,1.0993,1.0306,0,97.65,2.14,100.0,0.0,100.0,0.0
2026-05-29 22:39:12,twist,1,4210,success,8,0.7142,1.3847,0,97.65,2.14,100.0,0.0,100.0,0.0
2026-05-29 22:39:25,twist,1,4211,success,12,0.5928,0.9881,0,97.65,2.14,100.0,0.0,100.0,0.0
2026-05-29 22:39:36,twist,1,4212,success,10,0.2119,1.424,0,97.65,2.14,100.0,0.0,100.0,0.0
2026-05-29 22:39:47,twist,1,4213,success,10,0.4709,1.5975,0,97.65,2.14,100.0,0.0,100.0,0.0
2026-05-29 22:39:58,twist,1,4214,success,10,1.0278,0.6039,0,97.65,2.14,100.0,0.0,100.0,0.0
2026-05-29 22:40:15,twist,1,4215,success,18,0.6865,0.7614,0,97.65,2.14,100.0,0.0,100.0,0.0
2026-05-29 22:40:20,twist,1,4216,success,2,0.7983,1.6696,0,97.65,2.13,100.0,0.0,100.0,0.0
2026-05-29 22:40:34,twist,1,4217,success,14,0.3756,1.1604,0,97.65,2.13,100.0,0.0,100.0,0.0
2026-05-29 22:40:47,twist,1,4218,success,12,0.6575,0.7492,0,97.65,2.13,100.0,0.0,100.0,0.0
2026-05-29 22:41:08,twist,1,4219,success,20,0.3665,0.38,0,97.65,2.13,100.0,0.0,100.0,0.0
2026-05-29 22:41:16,twist,1,4220,success,8,0.8043,0.8582,0,97.65,2.13,100.0,0.0,100.0,0.0
2026-05-29 22:41:30,twist,1,4221,success,14,0.7304,0.8464,0,97.65,2.13,100.0,0.0,100.0,0.0
2026-05-29 22:41:35,twist,1,4222,success,4,1.1314,1.5595,0,97.66,2.13,100.0,0.0,100.0,0.0
2026-05-29 22:41:48,twist,1,4223,success,12,0.5272,0.96,0,97.66,2.13,100.0,0.0,100.0,0.0
2026-05-29 22:41:56,twist,1,4224,success,8,0.5896,1.4531,0,97.66,2.13,100.0,0.0,100.0,0.0
2026-05-29 22:42:07,twist,1,4225,success,10,0.674,1.0446,0,97.66,2.13,100.0,0.0,100.0,0.0
2026-05-29 22:42:10,twist,1,4226,success,2,0.658,1.7529,0,97.66,2.13,100.0,0.0,100.0,0.0
2026-05-29 22:42:20,twist,1,4227,success,8,0.4431,1.4569,0,97.66,2.13,100.0,0.0,100.0,0.0
2026-05-29 22:42:29,twist,1,4228,success,8,0.3347,1.7118,0,97.66,2.13,100.0,0.0,100.0,0.0
2026-05-29 22:42:38,twist,1,4229,success,8,0.7588,0.8284,0,97.66,2.13,100.0,0.0,100.0,0.0
2026-05-29 22:42:50,twist,1,4230,success,10,0.746,0.8503,0,97.66,2.13,100.0,0.0,100.0,0.0
2026-05-29 22:42:58,twist,1,4231,success,8,0.2747,1.5146,0,97.66,2.13,100.0,0.0,100.0,0.0
2026-05-29 22:43:07,twist,1,4232,success,8,0.6582,1.1669,0,97.66,2.13,100.0,0.0,100.0,0.0
2026-05-29 22:43:25,twist,1,4233,success,18,0.3951,1.0208,0,97.66,2.13,100.0,0.0,100.0,0.0
2026-05-29 22:43:33,twist,1,4234,success,8,0.8899,0.5863,0,97.66,2.13,100.0,0.0,100.0,0.0
2026-05-29 22:44:00,twist,1,4235,success,28,0.2989,0.5645,0,97.66,2.13,100.0,0.0,100.0,0.0
2026-05-29 22:44:05,twist,1,4236,success,4,0.5367,1.5838,0,97.66,2.12,100.0,0.0,100.0,0.0
2026-05-29 22:44:12,twist,1,4237,success,6,0.9366,1.1928,0,97.66,2.12,100.0,0.0,100.0,0.0
2026-05-29 22:44:24,twist,1,4238,success,12,0.4942,1.3459,0,97.66,2.12,100.0,0.0,100.0,0.0
2026-05-29 22:44:35,twist,1,4239,success,10,0.7275,0.8946,0,97.66,2.12,100.0,0.0,100.0,0.0
2026-05-29 22:44:47,twist,1,4240,success,12,0.512,1.2522,0,97.67,2.12,100.0,0.0,100.0,0.0
2026-05-29 22:44:54,twist,1,4241,success,6,0.884,1.1172,0,97.67,2.12,100.0,0.0,100.0,0.0
2026-05-29 22:45:11,twist,1,4242,success,16,0.405,1.2918,0,97.67,2.12,100.0,0.0,100.0,0.0
2026-05-29 22:45:18,twist,1,4243,success,6,0.4349,1.4482,0,97.67,2.12,100.0,0.0,100.0,0.0
2026-05-29 22:45:24,twist,1,4244,success,6,0.6257,1.7081,0,97.67,2.12,100.0,0.0,100.0,0.0
2026-05-29 22:45:35,twist,1,4245,success,10,0.5866,0.8716,0,97.67,2.12,100.0,0.0,100.0,0.0
2026-05-29 22:45:47,twist,1,4246,success,10,0.8825,0.7145,0,97.67,2.12,100.0,0.0,100.0,0.0
2026-05-29 22:45:56,twist,1,4247,success,8,0.7058,1.578,0,97.67,2.12,100.0,0.0,100.0,0.0
2026-05-29 22:46:08,twist,1,4248,success,12,0.5765,0.66,0,97.67,2.12,100.0,0.0,100.0,0.0
2026-05-29 22:46:18,twist,1,4249,success,10,0.7308,0.6111,0,97.67,2.12,100.0,0.0,100.0,0.0
2026-05-29 22:46:30,twist,1,4250,success,12,0.6081,0.4748,0,97.67,2.12,100.0,0.0,100.0,0.0
2026-05-29 22:46:33,twist,1,4251,success,2,1.1983,1.7778,0,97.67,2.12,100.0,0.0,100.0,0.0
2026-05-29 22:46:49,twist,1,4252,success,16,0.4171,0.8853,0,97.67,2.12,100.0,0.0,100.0,0.0
2026-05-29 22:47:03,twist,1,4253,success,14,0.462,1.1204,0,97.67,2.12,100.0,0.0,100.0,0.0
2026-05-29 22:47:13,twist,1,4254,success,10,0.6176,1.0027,0,97.67,2.12,100.0,0.0,100.0,0.0
2026-05-29 22:47:28,twist,1,4255,success,16,0.5877,0.49,0,97.67,2.12,100.0,0.0,100.0,0.0
2026-05-29 22:47:40,twist,1,4256,success,10,0.2774,1.0581,0,97.67,2.11,100.0,0.0,100.0,0.0
2026-05-29 22:47:47,twist,1,4257,success,6,1.1412,0.7682,0,97.67,2.11,100.0,0.0,100.0,0.0
2026-05-29 22:47:58,twist,1,4258,success,10,0.6485,1.2158,0,97.67,2.11,100.0,0.0,100.0,0.0
2026-05-29 22:48:07,twist,1,4259,success,8,1.1148,1.1229,0,97.68,2.11,100.0,0.0,100.0,0.0
2026-05-29 22:48:28,twist,1,4260,success,16,0.2428,1.4245,0,97.68,2.11,100.0,0.0,100.0,0.0
2026-05-29 22:48:33,twist,1,4261,success,4,1.1022,1.0817,0,97.68,2.11,100.0,0.0,100.0,0.0
2026-05-29 22:48:44,twist,1,4262,success,12,0.7404,0.8539,0,97.68,2.11,100.0,0.0,100.0,0.0
2026-05-29 22:48:51,twist,1,4263,success,6,0.9661,0.9306,0,97.68,2.11,100.0,0.0,100.0,0.0
2026-05-29 22:48:56,twist,1,4264,success,4,0.7184,1.8406,0,97.68,2.11,100.0,0.0,100.0,0.0
2026-05-29 22:49:03,twist,1,4265,success,6,1.0755,1.0438,0,97.68,2.11,100.0,0.0,100.0,0.0
2026-05-29 22:49:06,twist,1,4266,success,2,1.3174,2.0355,0,97.68,2.11,100.0,0.0,100.0,0.0
2026-05-29 22:49:11,twist,1,4267,success,4,1.0656,1.4148,0,97.68,2.11,100.0,0.0,100.0,0.0
2026-05-29 22:49:16,twist,1,4268,success,4,1.0886,1.4784,0,97.68,2.11,100.0,0.0,100.0,0.0
2026-05-29 22:49:30,twist,1,4269,success,14,0.5185,0.7502,0,97.68,2.11,100.0,0.0,100.0,0.0
2026-05-29 22:49:44,twist,1,4270,success,14,0.896,0.5749,0,97.68,2.11,100.0,0.0,100.0,0.0
2026-05-29 22:49:50,twist,1,4271,success,4,1.2069,1.5548,0,97.68,2.11,100.0,0.0,100.0,0.0
2026-05-29 22:50:02,twist,1,4272,success,12,0.8132,0.4798,0,97.68,2.11,100.0,0.0,100.0,0.0
2026-05-29 22:50:11,twist,1,4273,success,8,0.6563,1.008,0,97.68,2.11,100.0,0.0,100.0,0.0
2026-05-29 22:50:25,twist,1,4274,success,14,0.5075,0.9263,0,97.68,2.11,100.0,0.0,100.0,0.0
2026-05-29 22:50:37,twist,1,4275,success,12,0.8845,0.6717,0,97.68,2.11,100.0,0.0,100.0,0.0
2026-05-29 22:50:48,twist,1,4276,success,10,0.7924,0.3244,0,97.68,2.1,100.0,0.0,100.0,0.0
2026-05-29 22:51:04,twist,1,4277,success,14,0.4216,1.3814,0,97.69,2.1,100.0,0.0,100.0,0.0
2026-05-29 22:51:09,twist,1,4278,success,4,0.9182,1.6198,0,97.69,2.1,100.0,0.0,100.0,0.0
2026-05-29 22:51:18,twist,1,4279,success,8,0.926,0.6585,0,97.69,2.1,100.0,0.0,100.0,0.0
2026-05-29 22:51:25,twist,1,4280,success,6,0.733,1.4648,0,97.69,2.1,100.0,0.0,100.0,0.0
2026-05-29 22:51:35,twist,1,4281,success,10,0.8439,0.8358,0,97.69,2.1,100.0,0.0,100.0,0.0
2026-05-29 22:51:41,twist,1,4282,success,4,1.2987,1.4156,0,97.69,2.1,100.0,0.0,100.0,0.0
2026-05-29 22:51:55,twist,1,4283,success,14,0.5816,0.6608,0,97.69,2.1,100.0,0.0,100.0,0.0
2026-05-29 22:52:04,twist,1,4284,success,8,0.5502,1.4099,0,97.69,2.1,100.0,0.0,100.0,0.0
2026-05-29 22:52:12,twist,1,4285,success,8,0.696,1.59,0,97.69,2.1,100.0,0.0,100.0,0.0
2026-05-29 22:52:19,twist,1,4286,success,6,0.6815,1.3853,0,97.69,2.1,100.0,0.0,100.0,0.0
2026-05-29 22:52:28,twist,1,4287,success,8,0.7144,1.3683,0,97.69,2.1,100.0,0.0,100.0,0.0
2026-05-29 22:52:35,twist,1,4288,success,6,0.7683,1.2571,0,97.69,2.1,100.0,0.0,100.0,0.0
2026-05-29 22:52:47,twist,1,4289,success,12,0.7961,0.6215,0,97.69,2.1,100.0,0.0,100.0,0.0
2026-05-29 22:52:50,twist,1,4290,success,2,0.8973,1.7718,0,97.69,2.1,100.0,0.0,100.0,0.0
2026-05-29 22:52:52,twist,1,4291,success,1,44.0459,2.3244,0,97.69,2.1,100.0,0.0,100.0,0.0
2026-05-29 22:53:05,twist,1,4292,success,11,0.6319,1.5009,0,97.69,2.1,100.0,0.0,100.0,0.0
2026-05-29 22:53:17,twist,1,4293,success,12,0.7761,0.4941,0,97.69,2.1,100.0,0.0,100.0,0.0
2026-05-29 22:53:22,twist,1,4294,success,4,0.8899,1.1242,0,97.69,2.1,100.0,0.0,100.0,0.0
2026-05-29 22:53:33,twist,1,4295,success,10,0.8117,0.6506,0,97.69,2.1,100.0,0.0,100.0,0.0
2026-05-29 22:53:38,twist,1,4296,success,4,1.2367,1.5413,0,97.7,2.09,100.0,0.0,100.0,0.0
2026-05-29 22:53:42,twist,1,4297,success,4,1.1555,1.7325,0,97.7,2.09,100.0,0.0,100.0,0.0
2026-05-29 22:53:51,twist,1,4298,success,8,0.5497,1.6868,0,97.7,2.09,100.0,0.0,100.0,0.0
2026-05-29 22:54:01,twist,1,4299,success,10,0.375,1.7049,0,97.7,2.09,100.0,0.0,100.0,0.0
2026-05-29 22:54:08,twist,1,4300,success,6,1.1441,1.0675,0,97.7,2.09,100.0,0.0,100.0,0.0
2026-05-29 22:54:14,twist,1,4301,success,4,1.0378,1.1416,0,97.7,2.09,100.0,0.0,100.0,0.0
2026-05-29 22:54:26,twist,1,4302,success,12,0.463,1.1551,0,97.7,2.09,100.0,0.0,100.0,0.0
2026-05-29 22:54:41,twist,1,4303,success,14,0.7425,0.5425,0,97.7,2.09,100.0,0.0,100.0,0.0
2026-05-29 22:54:48,twist,1,4304,success,6,0.852,1.0946,0,97.7,2.09,100.0,0.0,100.0,0.0
2026-05-29 22:54:56,twist,1,4305,success,8,0.7084,1.5002,0,97.7,2.09,100.0,0.0,100.0,0.0
2026-05-29 22:55:03,twist,1,4306,success,6,1.0986,0.7338,0,97.7,2.09,100.0,0.0,100.0,0.0
2026-05-29 22:55:13,twist,1,4307,success,10,0.6431,0.894,0,97.7,2.09,100.0,0.0,100.0,0.0
2026-05-29 22:55:24,twist,1,4308,success,10,0.6677,1.2387,0,97.7,2.09,100.0,0.0,100.0,0.0
2026-05-29 22:55:38,twist,1,4309,success,14,0.5135,0.7155,0,97.7,2.09,100.0,0.0,100.0,0.0
2026-05-29 22:55:49,twist,1,4310,success,10,0.9729,0.7559,0,97.7,2.09,100.0,0.0,100.0,0.0
2026-05-29 22:56:04,twist,1,4311,success,14,0.3103,0.9681,0,97.7,2.09,100.0,0.0,100.0,0.0
2026-05-29 22:56:09,twist,1,4312,success,4,1.215,1.395,0,97.7,2.09,100.0,0.0,100.0,0.0
2026-05-29 22:56:20,twist,1,4313,success,10,1.026,0.7214,0,97.7,2.09,100.0,0.0,100.0,0.0
2026-05-29 22:56:33,twist,1,4314,success,12,0.6404,0.7417,0,97.71,2.09,100.0,0.0,100.0,0.0
2026-05-29 22:56:42,twist,1,4315,success,8,0.9668,1.4041,0,97.71,2.09,100.0,0.0,100.0,0.0
2026-05-29 22:56:47,twist,1,4316,success,4,0.8731,1.5218,0,97.71,2.09,100.0,0.0,100.0,0.0
2026-05-29 22:56:55,twist,1,4317,success,8,0.7723,0.7559,0,97.71,2.08,100.0,0.0,100.0,0.0
2026-05-29 22:57:08,twist,1,4318,success,12,0.6275,0.8739,0,97.71,2.08,100.0,0.0,100.0,0.0
2026-05-29 22:57:09,twist,1,4319,success,1,79.4129,2.3212,0,97.71,2.08,100.0,0.0,100.0,0.0
2026-05-29 22:57:19,twist,1,4320,success,9,0.5252,1.8292,0,97.71,2.08,100.0,0.0,100.0,0.0
2026-05-29 22:57:32,twist,1,4321,success,13,0.6493,1.0057,0,97.71,2.08,100.0,0.0,100.0,0.0
2026-05-29 22:57:47,twist,1,4322,success,13,0.4992,1.2968,0,97.71,2.08,100.0,0.0,100.0,0.0
2026-05-29 22:57:52,twist,1,4323,success,5,0.7793,1.6675,0,97.71,2.08,100.0,0.0,100.0,0.0
2026-05-29 22:58:00,twist,1,4324,success,7,0.9667,1.1211,0,97.71,2.08,100.0,0.0,100.0,0.0
2026-05-29 22:58:12,twist,1,4325,success,12,0.656,0.852,0,97.71,2.08,100.0,0.0,100.0,0.0
2026-05-29 22:58:17,twist,1,4326,success,4,1.215,1.6114,0,97.71,2.08,100.0,0.0,100.0,0.0
2026-05-29 22:58:26,twist,1,4327,success,8,0.9827,0.5668,0,97.71,2.08,100.0,0.0,100.0,0.0
2026-05-29 22:58:34,twist,1,4328,success,8,0.6203,1.7316,0,97.71,2.08,100.0,0.0,100.0,0.0
2026-05-29 22:58:47,twist,1,4329,success,12,0.2391,1.7561,0,97.71,2.08,100.0,0.0,100.0,0.0
2026-05-29 22:59:01,twist,1,4330,success,14,0.5261,0.5571,0,97.71,2.08,100.0,0.0,100.0,0.0
2026-05-29 22:59:08,twist,1,4331,success,6,1.0943,1.1901,0,97.71,2.08,100.0,0.0,100.0,0.0
2026-05-29 22:59:10,twist,1,4332,success,1,23.1265,2.3159,0,97.71,2.08,100.0,0.0,100.0,0.0
2026-05-29 22:59:21,twist,1,4333,success,11,1.0074,0.6859,0,97.72,2.08,100.0,0.0,100.0,0.0
2026-05-29 22:59:28,twist,1,4334,success,6,1.0405,1.0578,0,97.72,2.08,100.0,0.0,100.0,0.0
2026-05-29 22:59:37,twist,1,4335,success,8,0.9402,0.9367,0,97.72,2.08,100.0,0.0,100.0,0.0
2026-05-29 22:59:44,twist,1,4336,success,6,1.0121,1.1484,0,97.72,2.08,100.0,0.0,100.0,0.0
2026-05-29 22:59:55,twist,1,4337,success,10,0.5366,1.1067,0,97.72,2.08,100.0,0.0,100.0,0.0
2026-05-29 23:00:04,twist,1,4338,success,8,0.3609,1.7002,0,97.72,2.07,100.0,0.0,100.0,0.0
2026-05-29 23:00:13,twist,1,4339,success,8,0.7484,0.7455,0,97.72,2.07,100.0,0.0,100.0,0.0
2026-05-29 23:00:18,twist,1,4340,success,4,1.0229,1.7361,0,97.72,2.07,100.0,0.0,100.0,0.0
2026-05-29 23:00:32,twist,1,4341,success,14,0.4942,0.877,0,97.72,2.07,100.0,0.0,100.0,0.0
2026-05-29 23:00:42,twist,1,4342,success,11,0.6894,0.8295,0,97.72,2.07,100.0,0.0,100.0,0.0
2026-05-29 23:00:57,twist,1,4343,success,15,0.8593,0.501,0,97.72,2.07,100.0,0.0,100.0,0.0
2026-05-29 23:01:09,twist,1,4344,success,12,0.5664,0.8942,0,97.72,2.07,100.0,0.0,100.0,0.0
2026-05-29 23:01:11,twist,1,4345,success,1,88.6208,2.3244,0,97.72,2.07,100.0,0.0,100.0,0.0
2026-05-29 23:01:21,twist,1,4346,success,9,1.1516,0.8151,0,97.72,2.07,100.0,0.0,100.0,0.0
2026-05-29 23:01:35,twist,1,4347,success,14,0.63,0.6683,0,97.72,2.07,100.0,0.0,100.0,0.0
2026-05-29 23:01:44,twist,1,4348,success,8,0.7966,1.4304,0,97.72,2.07,100.0,0.0,100.0,0.0
2026-05-29 23:01:56,twist,1,4349,success,12,0.689,0.6899,0,97.72,2.07,100.0,0.0,100.0,0.0
2026-05-29 23:02:06,twist,1,4350,success,10,0.9712,0.6126,0,97.72,2.07,100.0,0.0,100.0,0.0
2026-05-29 23:02:12,twist,1,4351,success,6,1.2003,1.2094,0,97.72,2.07,100.0,0.0,100.0,0.0
2026-05-29 23:02:26,twist,1,4352,success,14,0.5668,1.0335,0,97.73,2.07,100.0,0.0,100.0,0.0
2026-05-29 23:02:35,twist,1,4353,success,8,0.4267,1.5887,0,97.73,2.07,100.0,0.0,100.0,0.0
2026-05-29 23:02:45,twist,1,4354,success,10,0.8679,0.218,1,97.73,2.07,100.0,0.0,100.0,0.0
2026-05-29 23:02:53,twist,1,4355,success,8,0.5732,1.1815,0,97.73,2.07,100.0,0.0,100.0,0.0
2026-05-29 23:03:08,twist,1,4356,success,16,0.2644,1.093,0,97.73,2.07,100.0,0.0,100.0,0.0
2026-05-29 23:03:25,twist,1,4357,success,16,0.6057,0.5364,0,97.73,2.07,100.0,0.0,100.0,0.0
2026-05-29 23:03:34,twist,1,4358,success,8,0.6073,1.2795,0,97.73,2.07,100.0,0.0,100.0,0.0
2026-05-29 23:03:43,twist,1,4359,success,10,0.6997,0.9409,0,97.73,2.06,100.0,0.0,100.0,0.0
2026-05-29 23:03:58,twist,1,4360,success,14,0.3002,1.6917,0,97.73,2.06,100.0,0.0,100.0,0.0
2026-05-29 23:04:05,twist,1,4361,success,6,1.0242,0.8948,0,97.73,2.06,100.0,0.0,100.0,0.0
2026-05-29 23:04:12,twist,1,4362,success,6,0.7033,1.6025,0,97.73,2.06,100.0,0.0,100.0,0.0
2026-05-29 23:04:22,twist,1,4363,success,10,0.8153,0.6756,0,97.73,2.06,100.0,0.0,100.0,0.0
2026-05-29 23:04:25,twist,1,4364,success,2,1.3897,1.8637,0,97.73,2.06,100.0,0.0,100.0,0.0
2026-05-29 23:04:36,twist,1,4365,success,10,0.8763,0.7376,0,97.73,2.06,100.0,0.0,100.0,0.0
2026-05-29 23:04:50,twist,1,4366,success,14,0.5605,0.7977,0,97.73,2.06,100.0,0.0,100.0,0.0
2026-05-29 23:05:02,twist,1,4367,success,12,0.5347,0.6883,0,97.73,2.06,100.0,0.0,100.0,0.0
2026-05-29 23:05:09,twist,1,4368,success,6,0.9402,0.9704,0,97.73,2.06,100.0,0.0,100.0,0.0
2026-05-29 23:05:14,twist,1,4369,success,4,1.2721,1.6701,0,97.73,2.06,100.0,0.0,100.0,0.0
2026-05-29 23:05:20,twist,1,4370,success,4,1.2308,1.4882,0,97.73,2.06,100.0,0.0,100.0,0.0
2026-05-29 23:05:28,twist,1,4371,success,8,0.9219,0.806,0,97.74,2.06,100.0,0.0,100.0,0.0
2026-05-29 23:05:36,twist,1,4372,success,8,0.895,0.7919,0,97.74,2.06,100.0,0.0,100.0,0.0
2026-05-29 23:05:48,twist,1,4373,success,12,0.5354,0.9479,0,97.74,2.06,100.0,0.0,100.0,0.0
2026-05-29 23:06:09,twist,1,4374,success,20,0.3182,0.6554,0,97.74,2.06,100.0,0.0,100.0,0.0
2026-05-29 23:06:21,twist,1,4375,success,12,0.5974,0.9323,0,97.74,2.06,100.0,0.0,100.0,0.0
2026-05-29 23:06:30,twist,1,4376,success,8,0.9988,0.8102,0,97.74,2.06,100.0,0.0,100.0,0.0
2026-05-29 23:06:48,twist,1,4377,success,18,0.5556,0.606,0,97.74,2.06,100.0,0.0,100.0,0.0
2026-05-29 23:07:00,twist,1,4378,success,12,0.6627,0.5707,0,97.74,2.06,100.0,0.0,100.0,0.0
2026-05-29 23:07:13,twist,1,4379,success,12,0.7181,1.2835,0,97.74,2.06,100.0,0.0,100.0,0.0
2026-05-29 23:07:26,twist,1,4380,success,12,0.7654,0.6704,0,97.74,2.05,100.0,0.0,100.0,0.0
2026-05-29 23:07:35,twist,1,4381,success,8,0.6783,0.8466,0,97.74,2.05,100.0,0.0,100.0,0.0
2026-05-29 23:07:42,twist,1,4382,success,6,0.7592,1.4124,0,97.74,2.05,100.0,0.0,100.0,0.0
2026-05-29 23:08:03,twist,1,4383,success,20,0.5087,0.5176,0,97.74,2.05,100.0,0.0,100.0,0.0
2026-05-29 23:08:14,twist,1,4384,success,10,0.6771,1.0624,0,97.74,2.05,100.0,0.0,100.0,0.0
2026-05-29 23:08:15,twist,1,4385,success,1,28.951,2.3195,0,97.74,2.05,100.0,0.0,100.0,0.0
2026-05-29 23:08:26,twist,1,4386,success,9,0.9814,0.8064,0,97.74,2.05,100.0,0.0,100.0,0.0
2026-05-29 23:08:33,twist,1,4387,success,6,0.7436,1.4868,0,97.74,2.05,100.0,0.0,100.0,0.0
2026-05-29 23:08:41,twist,1,4388,success,8,0.8418,0.8809,0,97.74,2.05,100.0,0.0,100.0,0.0
2026-05-29 23:08:51,twist,1,4389,success,10,0.8847,0.4575,0,97.74,2.05,100.0,0.0,100.0,0.0
2026-05-29 23:08:54,twist,1,4390,success,2,1.5615,1.8008,0,97.74,2.05,100.0,0.0,100.0,0.0
2026-05-29 23:09:05,twist,1,4391,success,10,0.8965,0.7573,0,97.75,2.05,100.0,0.0,100.0,0.0
2026-05-29 23:09:19,twist,1,4392,success,14,0.6142,0.5404,0,97.75,2.05,100.0,0.0,100.0,0.0
2026-05-29 23:09:28,twist,1,4393,success,8,0.9881,0.7959,0,97.75,2.05,100.0,0.0,100.0,0.0
2026-05-29 23:09:38,twist,1,4394,success,10,0.7461,0.6255,0,97.75,2.05,100.0,0.0,100.0,0.0
2026-05-29 23:09:41,twist,1,4395,success,2,1.6202,1.9256,0,97.75,2.05,100.0,0.0,100.0,0.0
2026-05-29 23:09:50,twist,1,4396,success,8,0.7973,1.4136,0,97.75,2.05,100.0,0.0,100.0,0.0
2026-05-29 23:09:59,twist,1,4397,success,8,0.5983,1.1941,0,97.75,2.05,100.0,0.0,100.0,0.0
2026-05-29 23:10:08,twist,1,4398,success,8,0.9077,0.5671,0,97.75,2.05,100.0,0.0,100.0,0.0
2026-05-29 23:10:22,twist,1,4399,success,12,0.7307,0.5991,0,97.75,2.05,100.0,0.0,100.0,0.0
2026-05-29 23:10:38,twist,1,4400,success,16,0.5712,0.7145,0,97.75,2.05,100.0,0.0,100.0,0.0
2026-05-29 23:10:52,twist,1,4401,success,14,0.4344,1.4437,0,97.75,2.04,100.0,0.0,100.0,0.0
2026-05-29 23:10:59,twist,1,4402,success,6,0.9365,1.2246,0,97.75,2.04,100.0,0.0,100.0,0.0
2026-05-29 23:11:07,twist,1,4403,success,8,0.3445,1.8336,0,97.75,2.04,100.0,0.0,100.0,0.0
2026-05-29 23:11:19,twist,1,4404,success,10,0.5567,0.8031,0,97.75,2.04,100.0,0.0,100.0,0.0
2026-05-29 23:11:36,twist,1,4405,success,18,0.567,0.3327,0,97.75,2.04,100.0,0.0,100.0,0.0
2026-05-29 23:11:46,twist,1,4406,success,10,0.6933,1.413,0,97.75,2.04,100.0,0.0,100.0,0.0
2026-05-29 23:11:55,twist,1,4407,success,8,0.4124,1.4558,0,97.75,2.04,100.0,0.0,100.0,0.0
2026-05-29 23:11:56,twist,1,4408,success,1,22.9324,2.334,0,97.75,2.04,100.0,0.0,100.0,0.0
2026-05-29 23:12:06,twist,1,4409,success,9,0.853,1.2216,0,97.75,2.04,100.0,0.0,100.0,0.0
2026-05-29 23:12:13,twist,1,4410,success,6,1.1779,0.911,0,97.76,2.04,100.0,0.0,100.0,0.0
2026-05-29 23:12:21,twist,1,4411,success,8,0.7327,1.2221,0,97.76,2.04,100.0,0.0,100.0,0.0
2026-05-29 23:12:32,twist,1,4412,success,10,0.5129,1.1093,0,97.76,2.04,100.0,0.0,100.0,0.0
2026-05-29 23:12:42,twist,1,4413,success,10,0.7564,0.4303,0,97.76,2.04,100.0,0.0,100.0,0.0
2026-05-29 23:12:46,twist,1,4414,success,2,0.9657,1.778,0,97.76,2.04,100.0,0.0,100.0,0.0
2026-05-29 23:12:56,twist,1,4415,success,10,0.6253,1.0706,0,97.76,2.04,100.0,0.0,100.0,0.0
2026-05-29 23:13:03,twist,1,4416,success,6,0.2837,1.5486,0,97.76,2.04,100.0,0.0,100.0,0.0
2026-05-29 23:13:13,twist,1,4417,success,10,0.5449,1.2474,0,97.76,2.04,100.0,0.0,100.0,0.0
2026-05-29 23:13:20,twist,1,4418,success,6,0.9842,0.8815,0,97.76,2.04,100.0,0.0,100.0,0.0
2026-05-29 23:13:26,twist,1,4419,success,6,0.8538,1.5865,0,97.76,2.04,100.0,0.0,100.0,0.0
2026-05-29 23:13:33,twist,1,4420,success,6,0.7956,1.1173,0,97.76,2.04,100.0,0.0,100.0,0.0
2026-05-29 23:13:41,twist,1,4421,success,8,0.6009,1.3342,0,97.76,2.04,100.0,0.0,100.0,0.0
2026-05-29 23:13:50,twist,1,4422,success,8,0.5231,1.6856,0,97.76,2.04,100.0,0.0,100.0,0.0
2026-05-29 23:14:00,twist,1,4423,success,10,0.9373,0.5371,0,97.76,2.03,100.0,0.0,100.0,0.0
2026-05-29 23:14:08,twist,1,4424,success,8,0.7587,0.835,0,97.76,2.03,100.0,0.0,100.0,0.0
2026-05-29 23:14:19,twist,1,4425,success,10,0.4608,1.3837,0,97.76,2.03,100.0,0.0,100.0,0.0
2026-05-29 23:14:30,twist,1,4426,success,10,0.7459,0.3665,0,97.76,2.03,100.0,0.0,100.0,0.0
2026-05-29 23:14:39,twist,1,4427,success,8,0.4128,1.0999,0,97.76,2.03,100.0,0.0,100.0,0.0
2026-05-29 23:14:54,twist,1,4428,success,14,0.144,1.6578,0,97.76,2.03,100.0,0.0,100.0,0.0
2026-05-29 23:15:07,twist,1,4429,success,12,0.6874,0.4057,0,97.76,2.03,100.0,0.0,100.0,0.0
2026-05-29 23:15:20,twist,1,4430,success,12,0.3004,1.4711,0,97.77,2.03,100.0,0.0,100.0,0.0
2026-05-29 23:15:31,twist,1,4431,success,12,0.6379,1.0823,0,97.77,2.03,100.0,0.0,100.0,0.0
2026-05-29 23:15:40,twist,1,4432,success,8,0.6874,1.3139,0,97.77,2.03,100.0,0.0,100.0,0.0
2026-05-29 23:15:48,twist,1,4433,success,8,0.9256,0.9674,0,97.77,2.03,100.0,0.0,100.0,0.0
2026-05-29 23:16:00,twist,1,4434,success,12,0.6332,0.682,0,97.77,2.03,100.0,0.0,100.0,0.0
2026-05-29 23:16:08,twist,1,4435,success,8,0.2975,1.4831,0,97.77,2.03,100.0,0.0,100.0,0.0
2026-05-29 23:16:10,twist,1,4436,success,1,27.242,2.3219,0,97.77,2.03,100.0,0.0,100.0,0.0
2026-05-29 23:16:17,twist,1,4437,success,5,0.6251,1.5303,0,97.77,2.03,100.0,0.0,100.0,0.0
2026-05-29 23:16:29,twist,1,4438,success,12,0.6888,0.6423,0,97.77,2.03,100.0,0.0,100.0,0.0
2026-05-29 23:16:34,twist,1,4439,success,4,0.7987,1.3882,0,97.77,2.03,100.0,0.0,100.0,0.0
2026-05-29 23:16:41,twist,1,4440,success,6,0.894,1.0212,0,97.77,2.03,100.0,0.0,100.0,0.0
2026-05-29 23:17:01,twist,1,4441,success,20,0.4026,0.7374,0,97.77,2.03,100.0,0.0,100.0,0.0
2026-05-29 23:17:11,twist,1,4442,success,10,0.5245,1.0045,0,97.77,2.03,100.0,0.0,100.0,0.0
2026-05-29 23:17:18,twist,1,4443,success,6,1.1555,1.2123,0,97.77,2.03,100.0,0.0,100.0,0.0
2026-05-29 23:17:27,twist,1,4444,success,8,0.7062,1.0489,0,97.77,2.03,100.0,0.0,100.0,0.0
2026-05-29 23:17:37,twist,1,4445,success,10,0.5407,1.0283,0,97.77,2.02,100.0,0.0,100.0,0.0
2026-05-29 23:17:53,twist,1,4446,success,16,0.5534,0.9873,0,97.77,2.02,100.0,0.0,100.0,0.0
2026-05-29 23:18:05,twist,1,4447,success,12,0.5675,0.6436,0,97.77,2.02,100.0,0.0,100.0,0.0
2026-05-29 23:18:07,twist,1,4448,success,1,11.2161,2.3194,0,97.77,2.02,100.0,0.0,100.0,0.0
2026-05-29 23:18:16,twist,1,4449,success,7,0.7259,1.3334,0,97.77,2.02,100.0,0.0,100.0,0.0
2026-05-29 23:18:23,twist,1,4450,success,6,0.3678,1.4872,0,97.78,2.02,100.0,0.0,100.0,0.0
2026-05-29 23:18:36,twist,1,4451,success,12,0.4536,1.139,0,97.78,2.02,100.0,0.0,100.0,0.0
2026-05-29 23:18:44,twist,1,4452,success,8,0.6224,1.1937,0,97.78,2.02,100.0,0.0,100.0,0.0
2026-05-29 23:18:53,twist,1,4453,success,8,0.2332,1.6074,0,97.78,2.02,100.0,0.0,100.0,0.0
2026-05-29 23:19:02,twist,1,4454,success,8,0.5365,1.5463,0,97.78,2.02,100.0,0.0,100.0,0.0
2026-05-29 23:19:03,twist,1,4455,success,1,16.8217,2.3186,0,97.78,2.02,100.0,0.0,100.0,0.0
2026-05-29 23:19:18,twist,1,4456,success,13,0.6197,0.9914,0,97.78,2.02,100.0,0.0,100.0,0.0
2026-05-29 23:19:25,twist,1,4457,success,6,0.6921,1.8341,0,97.78,2.02,100.0,0.0,100.0,0.0
2026-05-29 23:19:26,twist,1,4458,success,1,57.4477,2.3254,0,97.78,2.02,100.0,0.0,100.0,0.0
2026-05-29 23:19:36,twist,1,4459,success,9,0.7027,0.968,0,97.78,2.02,100.0,0.0,100.0,0.0
2026-05-29 23:19:47,twist,1,4460,success,10,0.9419,0.4316,0,97.78,2.02,100.0,0.0,100.0,0.0
2026-05-29 23:19:58,twist,1,4461,success,11,0.779,0.9344,0,97.78,2.02,100.0,0.0,100.0,0.0
2026-05-29 23:20:01,twist,1,4462,success,1,35.4347,2.3171,0,97.78,2.02,100.0,0.0,100.0,0.0
2026-05-29 23:20:08,twist,1,4463,success,6,0.5857,1.187,0,97.78,2.02,100.0,0.0,100.0,0.0
2026-05-29 23:20:20,twist,1,4464,success,12,0.2929,0.7936,0,97.78,2.02,100.0,0.0,100.0,0.0
2026-05-29 23:20:22,twist,1,4465,success,1,112.8503,2.3024,0,97.78,2.02,100.0,0.0,100.0,0.0
2026-05-29 23:20:33,twist,1,4466,success,9,1.0081,0.9848,0,97.78,2.02,100.0,0.0,100.0,0.0
2026-05-29 23:20:38,twist,1,4467,success,4,1.136,1.3287,0,97.78,2.01,100.0,0.0,100.0,0.0
2026-05-29 23:20:52,twist,1,4468,success,14,0.4979,0.8254,0,97.78,2.01,100.0,0.0,100.0,0.0
2026-05-29 23:20:56,twist,1,4469,success,2,1.1725,1.7903,0,97.78,2.01,100.0,0.0,100.0,0.0
2026-05-29 23:21:06,twist,1,4470,success,10,1.0926,0.6352,0,97.79,2.01,100.0,0.0,100.0,0.0
2026-05-29 23:21:13,twist,1,4471,success,6,0.799,1.2674,0,97.79,2.01,100.0,0.0,100.0,0.0
2026-05-29 23:21:23,twist,1,4472,success,8,0.8361,0.6232,0,97.79,2.01,100.0,0.0,100.0,0.0
2026-05-29 23:21:34,twist,1,4473,success,10,0.4283,1.0867,0,97.79,2.01,100.0,0.0,100.0,0.0
2026-05-29 23:21:41,twist,1,4474,success,6,0.9646,1.1242,0,97.79,2.01,100.0,0.0,100.0,0.0
2026-05-29 23:21:47,twist,1,4475,success,4,0.9075,1.6537,0,97.79,2.01,100.0,0.0,100.0,0.0
2026-05-29 23:21:55,twist,1,4476,success,8,0.8065,0.8591,0,97.79,2.01,100.0,0.0,100.0,0.0
2026-05-29 23:22:04,twist,1,4477,success,8,0.4041,1.667,0,97.79,2.01,100.0,0.0,100.0,0.0
2026-05-29 23:22:09,twist,1,4478,success,4,0.5057,1.4403,0,97.79,2.01,100.0,0.0,100.0,0.0
2026-05-29 23:22:19,twist,1,4479,success,10,0.6141,0.9992,0,97.79,2.01,100.0,0.0,100.0,0.0
2026-05-29 23:22:26,twist,1,4480,success,6,1.0731,0.9606,0,97.79,2.01,100.0,0.0,100.0,0.0
2026-05-29 23:22:42,twist,1,4481,success,10,0.7062,0.9392,0,97.79,2.01,100.0,0.0,100.0,0.0
2026-05-29 23:22:59,twist,1,4482,success,16,0.5237,0.5548,0,97.79,2.01,100.0,0.0,100.0,0.0
2026-05-29 23:23:09,twist,1,4483,success,10,1.0702,0.7061,0,97.79,2.01,100.0,0.0,100.0,0.0
2026-05-29 23:23:14,twist,1,4484,success,5,1.2451,1.4699,0,97.79,2.01,100.0,0.0,100.0,0.0
2026-05-29 23:23:25,twist,1,4485,success,9,0.9294,1.6023,0,97.79,2.01,100.0,0.0,100.0,0.0
2026-05-29 23:23:28,twist,1,4486,success,2,1.3878,1.8836,0,97.79,2.01,100.0,0.0,100.0,0.0
2026-05-29 23:23:30,twist,1,4487,success,1,21.0218,2.3294,0,97.79,2.01,100.0,0.0,100.0,0.0
2026-05-29 23:23:40,twist,1,4488,success,9,0.7536,0.7647,0,97.79,2.01,100.0,0.0,100.0,0.0
2026-05-29 23:23:54,twist,1,4489,success,14,0.6199,0.8381,0,97.79,2.0,100.0,0.0,100.0,0.0
2026-05-29 23:23:58,twist,1,4490,success,2,0.9259,1.8455,0,97.8,2.0,100.0,0.0,100.0,0.0
2026-05-29 23:24:14,twist,1,4491,success,16,0.5214,1.341,0,97.8,2.0,100.0,0.0,100.0,0.0
2026-05-29 23:24:21,twist,1,4492,success,6,0.6304,1.7607,0,97.8,2.0,100.0,0.0,100.0,0.0
2026-05-29 23:24:31,twist,1,4493,success,10,0.7863,0.8119,0,97.8,2.0,100.0,0.0,100.0,0.0
2026-05-29 23:24:46,twist,1,4494,success,14,0.6262,0.8862,0,97.8,2.0,100.0,0.0,100.0,0.0
2026-05-29 23:24:53,twist,1,4495,success,6,0.9227,1.2167,0,97.8,2.0,100.0,0.0,100.0,0.0
2026-05-29 23:25:00,twist,1,4496,success,6,0.969,1.4358,0,97.8,2.0,100.0,0.0,100.0,0.0
2026-05-29 23:25:09,twist,1,4497,success,8,0.7866,1.3167,0,97.8,2.0,100.0,0.0,100.0,0.0
2026-05-29 23:25:14,twist,1,4498,success,4,1.4831,1.6815,0,97.8,2.0,100.0,0.0,100.0,0.0
2026-05-29 23:25:24,twist,1,4499,success,8,0.7804,1.2806,0,97.8,2.0,100.0,0.0,100.0,0.0
2026-05-29 23:25:32,twist,1,4500,success,8,1.0412,0.8612,0,97.8,2.0,100.0,0.0,100.0,0.0
2026-05-29 23:25:38,twist,1,4501,success,4,0.8919,1.3361,0,97.8,2.0,100.0,0.0,100.0,0.0
2026-05-29 23:25:43,twist,1,4502,success,4,0.7683,1.6803,0,97.8,2.0,100.0,0.0,100.0,0.0
2026-05-29 23:25:44,twist,1,4503,success,1,56.4819,2.3097,0,97.8,2.0,100.0,0.0,100.0,0.0
2026-05-29 23:26:00,twist,1,4504,success,15,0.8871,0.4432,0,97.8,2.0,100.0,0.0,100.0,0.0
2026-05-29 23:26:11,twist,1,4505,success,10,0.6433,1.3581,0,97.8,2.0,100.0,0.0,100.0,0.0
2026-05-29 23:26:26,twist,1,4506,success,14,0.4426,0.9351,0,97.8,2.0,100.0,0.0,100.0,0.0
2026-05-29 23:26:36,twist,1,4507,success,10,0.4638,1.2981,0,97.8,2.0,100.0,0.0,100.0,0.0
2026-05-29 23:26:47,twist,1,4508,success,10,0.6808,0.891,0,97.8,2.0,100.0,0.0,100.0,0.0
2026-05-29 23:26:56,twist,1,4509,success,8,1.1962,1.0151,0,97.8,2.0,100.0,0.0,100.0,0.0
2026-05-29 23:27:06,twist,1,4510,success,10,1.0672,0.7339,0,97.8,2.0,100.0,0.0,100.0,0.0
2026-05-29 23:27:15,twist,1,4511,success,8,0.9378,0.867,0,97.81,2.0,100.0,0.0,100.0,0.0
2026-05-29 23:27:22,twist,1,4512,success,6,0.8122,1.1007,0,97.81,1.99,100.0,0.0,100.0,0.0
2026-05-29 23:27:30,twist,1,4513,success,8,0.9786,0.9551,0,97.81,1.99,100.0,0.0,100.0,0.0
2026-05-29 23:27:37,twist,1,4514,success,6,1.1971,1.1274,0,97.81,1.99,100.0,0.0,100.0,0.0
2026-05-29 23:27:47,twist,1,4515,success,10,0.64,0.8826,0,97.81,1.99,100.0,0.0,100.0,0.0
2026-05-29 23:27:56,twist,1,4516,success,8,1.0512,0.8049,0,97.81,1.99,100.0,0.0,100.0,0.0
2026-05-29 23:28:01,twist,1,4517,success,4,1.1893,1.1876,0,97.81,1.99,100.0,0.0,100.0,0.0
2026-05-29 23:28:14,twist,1,4518,success,12,0.6882,0.9444,0,97.81,1.99,100.0,0.0,100.0,0.0
2026-05-29 23:28:21,twist,1,4519,success,6,1.1032,1.0463,0,97.81,1.99,100.0,0.0,100.0,0.0
2026-05-29 23:28:30,twist,1,4520,success,8,0.9911,0.624,0,97.81,1.99,100.0,0.0,100.0,0.0
2026-05-29 23:28:38,twist,1,4521,success,8,0.8671,0.7651,0,97.81,1.99,100.0,0.0,100.0,0.0
2026-05-29 23:28:45,twist,1,4522,success,6,0.9021,1.0516,0,97.81,1.99,100.0,0.0,100.0,0.0
2026-05-29 23:28:56,twist,1,4523,success,10,0.6353,1.2948,0,97.81,1.99,100.0,0.0,100.0,0.0
2026-05-29 23:29:09,twist,1,4524,success,12,0.5475,1.3194,0,97.81,1.99,100.0,0.0,100.0,0.0
2026-05-29 23:29:17,twist,1,4525,success,8,0.4247,1.6866,0,97.81,1.99,100.0,0.0,100.0,0.0
2026-05-29 23:29:32,twist,1,4526,success,14,0.5438,0.7093,0,97.81,1.99,100.0,0.0,100.0,0.0
2026-05-29 23:29:43,twist,1,4527,success,10,0.7062,0.5806,0,97.81,1.99,100.0,0.0,100.0,0.0
2026-05-29 23:29:50,twist,1,4528,success,6,0.9783,1.198,0,97.81,1.99,100.0,0.0,100.0,0.0
2026-05-29 23:30:00,twist,1,4529,success,10,0.8596,0.8451,0,97.81,1.99,100.0,0.0,100.0,0.0
2026-05-29 23:30:13,twist,1,4530,success,12,0.5166,1.3143,0,97.81,1.99,100.0,0.0,100.0,0.0
2026-05-29 23:30:21,twist,1,4531,success,6,0.6158,1.6762,0,97.82,1.99,100.0,0.0,100.0,0.0
2026-05-29 23:30:32,twist,1,4532,success,10,0.468,1.4708,0,97.82,1.99,100.0,0.0,100.0,0.0
2026-05-29 23:30:52,twist,1,4533,success,20,0.5102,0.4691,0,97.82,1.99,100.0,0.0,100.0,0.0
2026-05-29 23:31:02,twist,1,4534,success,10,0.726,0.83,0,97.82,1.99,100.0,0.0,100.0,0.0
2026-05-29 23:31:13,twist,1,4535,success,10,0.4171,1.4472,0,97.82,1.98,100.0,0.0,100.0,0.0
2026-05-29 23:31:22,twist,1,4536,success,8,0.8644,0.5569,0,97.82,1.98,100.0,0.0,100.0,0.0
2026-05-29 23:31:25,twist,1,4537,success,2,1.7706,2.0387,0,97.82,1.98,100.0,0.0,100.0,0.0
2026-05-29 23:31:34,twist,1,4538,success,8,0.3626,1.8121,0,97.82,1.98,100.0,0.0,100.0,0.0
2026-05-29 23:31:46,twist,1,4539,success,12,0.5768,0.7642,0,97.82,1.98,100.0,0.0,100.0,0.0
2026-05-29 23:31:57,twist,1,4540,success,10,0.6554,1.1987,0,97.82,1.98,100.0,0.0,100.0,0.0
2026-05-29 23:32:06,twist,1,4541,success,8,0.8601,1.1362,0,97.82,1.98,100.0,0.0,100.0,0.0
2026-05-29 23:32:09,twist,1,4542,success,2,1.3347,1.8347,0,97.82,1.98,100.0,0.0,100.0,0.0
2026-05-29 23:32:16,twist,1,4543,success,6,1.011,0.7984,0,97.82,1.98,100.0,0.0,100.0,0.0
2026-05-29 23:32:21,twist,1,4544,success,4,1.2001,1.3108,0,97.82,1.98,100.0,0.0,100.0,0.0
2026-05-29 23:32:30,twist,1,4545,success,8,0.9624,0.7993,0,97.82,1.98,100.0,0.0,100.0,0.0
2026-05-29 23:32:46,twist,1,4546,success,16,0.4012,0.9489,0,97.82,1.98,100.0,0.0,100.0,0.0
2026-05-29 23:32:55,twist,1,4547,success,8,0.9414,1.0352,0,97.82,1.98,100.0,0.0,100.0,0.0
2026-05-29 23:33:02,twist,1,4548,success,6,1.0765,1.194,0,97.82,1.98,100.0,0.0,100.0,0.0
2026-05-29 23:33:17,twist,1,4549,success,14,0.615,0.253,1,97.82,1.98,100.0,0.0,100.0,0.0
2026-05-29 23:33:30,twist,1,4550,success,12,0.8794,0.6447,0,97.82,1.98,100.0,0.0,100.0,0.0
2026-05-29 23:33:41,twist,1,4551,success,10,0.6635,1.3182,0,97.82,1.98,100.0,0.0,100.0,0.0
2026-05-29 23:33:52,twist,1,4552,success,10,0.7515,1.2217,0,97.83,1.98,100.0,0.0,100.0,0.0
2026-05-29 23:34:01,twist,1,4553,success,8,0.2719,1.3218,0,97.83,1.98,100.0,0.0,100.0,0.0
2026-05-29 23:34:06,twist,1,4554,success,4,0.7482,1.748,0,97.83,1.98,100.0,0.0,100.0,0.0
2026-05-29 23:34:15,twist,1,4555,success,8,0.3982,1.475,0,97.83,1.98,100.0,0.0,100.0,0.0
2026-05-29 23:34:24,twist,1,4556,success,8,1.0726,0.8427,0,97.83,1.98,100.0,0.0,100.0,0.0
2026-05-29 23:34:43,twist,1,4557,success,18,0.4546,0.5804,0,97.83,1.97,100.0,0.0,100.0,0.0
2026-05-29 23:34:54,twist,1,4558,success,10,0.6607,1.0356,0,97.83,1.97,100.0,0.0,100.0,0.0
2026-05-29 23:35:01,twist,1,4559,success,6,0.9206,1.1191,0,97.83,1.97,100.0,0.0,100.0,0.0
2026-05-29 23:35:08,twist,1,4560,success,6,1.0417,1.254,0,97.83,1.97,100.0,0.0,100.0,0.0
2026-05-29 23:35:18,twist,1,4561,success,8,0.4407,1.6343,0,97.83,1.97,100.0,0.0,100.0,0.0
2026-05-29 23:35:30,twist,1,4562,success,12,0.6375,1.117,0,97.83,1.97,100.0,0.0,100.0,0.0
2026-05-29 23:35:37,twist,1,4563,success,6,1.0987,1.4576,0,97.83,1.97,100.0,0.0,100.0,0.0
2026-05-29 23:35:44,twist,1,4564,success,6,0.848,1.0236,0,97.83,1.97,100.0,0.0,100.0,0.0
2026-05-29 23:35:54,twist,1,4565,success,8,0.8295,0.5461,0,97.83,1.97,100.0,0.0,100.0,0.0
2026-05-29 23:35:59,twist,1,4566,success,4,1.2423,1.6174,0,97.83,1.97,100.0,0.0,100.0,0.0
2026-05-29 23:36:06,twist,1,4567,success,6,0.8053,1.5732,0,97.83,1.97,100.0,0.0,100.0,0.0
2026-05-29 23:36:16,twist,1,4568,success,10,0.8238,1.287,0,97.83,1.97,100.0,0.0,100.0,0.0
2026-05-29 23:36:31,twist,1,4569,success,14,0.6035,0.5507,0,97.83,1.97,100.0,0.0,100.0,0.0
2026-05-29 23:36:40,twist,1,4570,success,8,0.5107,1.2594,0,97.83,1.97,100.0,0.0,100.0,0.0
2026-05-29 23:36:51,twist,1,4571,success,10,0.8582,0.5846,0,97.83,1.97,100.0,0.0,100.0,0.0
2026-05-29 23:37:06,twist,1,4572,success,14,0.776,0.6493,0,97.83,1.97,100.0,0.0,100.0,0.0
2026-05-29 23:37:20,twist,1,4573,success,14,0.8403,0.4328,0,97.84,1.97,100.0,0.0,100.0,0.0
2026-05-29 23:37:31,twist,1,4574,success,10,0.9311,0.648,0,97.84,1.97,100.0,0.0,100.0,0.0
2026-05-29 23:37:46,twist,1,4575,success,14,0.6423,0.594,0,97.84,1.97,100.0,0.0,100.0,0.0
2026-05-29 23:37:53,twist,1,4576,success,6,0.9855,0.9497,0,97.84,1.97,100.0,0.0,100.0,0.0
2026-05-29 23:38:00,twist,1,4577,success,6,1.1566,0.9802,0,97.84,1.97,100.0,0.0,100.0,0.0
2026-05-29 23:38:06,twist,1,4578,success,4,1.1938,1.4265,0,97.84,1.97,100.0,0.0,100.0,0.0
2026-05-29 23:38:14,twist,1,4579,success,8,0.669,1.5223,0,97.84,1.97,100.0,0.0,100.0,0.0
2026-05-29 23:38:27,twist,1,4580,success,12,0.6349,1.2043,0,97.84,1.97,100.0,0.0,100.0,0.0
2026-05-29 23:38:34,twist,1,4581,success,6,0.6958,1.497,0,97.84,1.96,100.0,0.0,100.0,0.0
2026-05-29 23:38:37,twist,1,4582,success,2,0.868,1.74,0,97.84,1.96,100.0,0.0,100.0,0.0
2026-05-29 23:38:46,twist,1,4583,success,8,0.8288,1.6072,0,97.84,1.96,100.0,0.0,100.0,0.0
2026-05-29 23:38:49,twist,1,4584,success,2,1.2094,1.7929,0,97.84,1.96,100.0,0.0,100.0,0.0
2026-05-29 23:39:04,twist,1,4585,success,14,0.8185,0.6717,0,97.84,1.96,100.0,0.0,100.0,0.0
2026-05-29 23:39:09,twist,1,4586,success,4,1.0887,1.3924,0,97.84,1.96,100.0,0.0,100.0,0.0
2026-05-29 23:39:22,twist,1,4587,success,12,0.9343,1.286,0,97.84,1.96,100.0,0.0,100.0,0.0
2026-05-29 23:39:34,twist,1,4588,success,12,0.7228,0.8993,0,97.84,1.96,100.0,0.0,100.0,0.0
2026-05-29 23:39:35,twist,1,4589,success,1,44.3787,2.3069,0,97.84,1.96,100.0,0.0,100.0,0.0
2026-05-29 23:39:40,twist,1,4590,success,3,1.3889,1.8766,0,97.84,1.96,100.0,0.0,100.0,0.0
2026-05-29 23:39:48,twist,1,4591,success,6,0.3279,1.6768,0,97.84,1.96,100.0,0.0,100.0,0.0
2026-05-29 23:39:55,twist,1,4592,success,6,0.8071,1.4027,0,97.84,1.96,100.0,0.0,100.0,0.0
2026-05-29 23:40:14,twist,1,4593,success,18,0.6263,0.9057,0,97.84,1.96,100.0,0.0,100.0,0.0
2026-05-29 23:40:17,twist,1,4594,success,2,1.1723,1.7181,0,97.85,1.96,100.0,0.0,100.0,0.0
2026-05-29 23:40:30,twist,1,4595,success,12,0.8889,0.775,0,97.85,1.96,100.0,0.0,100.0,0.0
2026-05-29 23:40:47,twist,1,4596,success,16,0.8396,0.698,0,97.85,1.96,100.0,0.0,100.0,0.0
2026-05-29 23:40:57,twist,1,4597,success,10,0.8426,0.5368,0,97.85,1.96,100.0,0.0,100.0,0.0
2026-05-29 23:41:10,twist,1,4598,success,12,0.6871,0.7411,0,97.85,1.96,100.0,0.0,100.0,0.0
2026-05-29 23:41:21,twist,1,4599,success,10,0.6761,1.2258,0,97.85,1.96,100.0,0.0,100.0,0.0
2026-05-29 23:41:31,twist,1,4600,success,10,0.5626,1.6019,0,97.85,1.96,100.0,0.0,100.0,0.0
2026-05-29 23:41:39,twist,1,4601,success,6,1.0329,0.8564,0,97.85,1.96,100.0,0.0,100.0,0.0
2026-05-29 23:41:50,twist,1,4602,success,10,0.5156,1.2511,0,97.85,1.96,100.0,0.0,100.0,0.0
2026-05-29 23:41:57,twist,1,4603,success,6,1.0581,1.1842,0,97.85,1.96,100.0,0.0,100.0,0.0
2026-05-29 23:42:10,twist,1,4604,success,12,0.6165,0.9877,0,97.85,1.95,100.0,0.0,100.0,0.0
2026-05-29 23:42:19,twist,1,4605,success,8,0.8384,1.4426,0,97.85,1.95,100.0,0.0,100.0,0.0
2026-05-29 23:42:26,twist,1,4606,success,6,0.9788,1.5701,0,97.85,1.95,100.0,0.0,100.0,0.0
2026-05-29 23:42:30,twist,1,4607,success,4,1.3424,1.9522,0,97.85,1.95,100.0,0.0,100.0,0.0
2026-05-29 23:42:35,twist,1,4608,success,4,1.2798,1.4274,0,97.85,1.95,100.0,0.0,100.0,0.0
2026-05-29 23:42:51,twist,1,4609,success,16,0.913,0.377,0,97.85,1.95,100.0,0.0,100.0,0.0
2026-05-29 23:43:02,twist,1,4610,success,10,1.036,0.8496,0,97.85,1.95,100.0,0.0,100.0,0.0
2026-05-29 23:43:15,twist,1,4611,success,12,0.9865,1.2594,0,97.85,1.95,100.0,0.0,100.0,0.0
2026-05-29 23:43:30,twist,1,4612,success,14,0.8018,0.6423,0,97.85,1.95,100.0,0.0,100.0,0.0
2026-05-29 23:43:40,twist,1,4613,success,8,0.9425,1.4147,0,97.85,1.95,100.0,0.0,100.0,0.0
2026-05-29 23:43:53,twist,1,4614,success,12,0.9782,1.4196,0,97.85,1.95,100.0,0.0,100.0,0.0
2026-05-29 23:44:06,twist,1,4615,success,12,0.7141,0.7061,0,97.85,1.95,100.0,0.0,100.0,0.0
2026-05-29 23:44:17,twist,1,4616,success,10,0.6005,0.8947,0,97.86,1.95,100.0,0.0,100.0,0.0
2026-05-29 23:44:28,twist,1,4617,success,10,0.7197,0.5058,0,97.86,1.95,100.0,0.0,100.0,0.0
2026-05-29 23:44:37,twist,1,4618,success,8,0.9813,1.0074,0,97.86,1.95,100.0,0.0,100.0,0.0
2026-05-29 23:44:50,twist,1,4619,success,12,0.8645,0.9249,0,97.86,1.95,100.0,0.0,100.0,0.0
2026-05-29 23:45:05,twist,1,4620,success,16,0.5695,0.5679,0,97.86,1.95,100.0,0.0,100.0,0.0
2026-05-29 23:45:14,twist,1,4621,success,8,0.889,0.6703,0,97.86,1.95,100.0,0.0,100.0,0.0
2026-05-29 23:45:21,twist,1,4622,success,6,1.0086,1.2235,0,97.86,1.95,100.0,0.0,100.0,0.0
2026-05-29 23:45:32,twist,1,4623,success,10,0.6346,1.0038,0,97.86,1.95,100.0,0.0,100.0,0.0
2026-05-29 23:45:39,twist,1,4624,success,6,1.1008,1.2118,0,97.86,1.95,100.0,0.0,100.0,0.0
2026-05-29 23:45:42,twist,1,4625,success,2,1.0235,1.8747,0,97.86,1.95,100.0,0.0,100.0,0.0
2026-05-29 23:45:51,twist,1,4626,success,8,0.6888,1.1586,0,97.86,1.95,100.0,0.0,100.0,0.0
2026-05-29 23:46:07,twist,1,4627,success,14,0.6161,0.6438,0,97.86,1.95,100.0,0.0,100.0,0.0
2026-05-29 23:46:15,twist,1,4628,success,6,0.9021,1.0895,0,97.86,1.94,100.0,0.0,100.0,0.0
2026-05-29 23:46:26,twist,1,4629,success,10,0.3473,1.6306,0,97.86,1.94,100.0,0.0,100.0,0.0
2026-05-29 23:46:33,twist,1,4630,success,6,0.9099,0.804,0,97.86,1.94,100.0,0.0,100.0,0.0
2026-05-29 23:46:45,twist,1,4631,success,10,0.861,0.9027,0,97.86,1.94,100.0,0.0,100.0,0.0
2026-05-29 23:46:59,twist,1,4632,success,12,0.384,1.1516,0,97.86,1.94,100.0,0.0,100.0,0.0
2026-05-29 23:47:09,twist,1,4633,success,10,0.6058,1.0774,0,97.86,1.94,100.0,0.0,100.0,0.0
2026-05-29 23:47:18,twist,1,4634,success,8,0.9977,0.6855,0,97.86,1.94,100.0,0.0,100.0,0.0
2026-05-29 23:47:29,twist,1,4635,success,10,0.6224,0.7382,0,97.86,1.94,100.0,0.0,100.0,0.0
2026-05-29 23:47:42,twist,1,4636,success,12,0.7567,0.8388,0,97.86,1.94,100.0,0.0,100.0,0.0
2026-05-29 23:47:55,twist,1,4637,success,12,0.884,0.4976,0,97.86,1.94,100.0,0.0,100.0,0.0
2026-05-29 23:48:09,twist,1,4638,success,14,0.7843,0.3925,0,97.87,1.94,100.0,0.0,100.0,0.0
2026-05-29 23:48:21,twist,1,4639,success,12,0.518,1.4575,0,97.87,1.94,100.0,0.0,100.0,0.0
2026-05-29 23:48:27,twist,1,4640,success,4,1.2233,1.7268,0,97.87,1.94,100.0,0.0,100.0,0.0
2026-05-29 23:48:37,twist,1,4641,success,10,0.5449,1.2112,0,97.87,1.94,100.0,0.0,100.0,0.0
2026-05-29 23:48:50,twist,1,4642,success,12,0.6791,0.4074,0,97.87,1.94,100.0,0.0,100.0,0.0
2026-05-29 23:48:55,twist,1,4643,success,4,1.087,1.5123,0,97.87,1.94,100.0,0.0,100.0,0.0
2026-05-29 23:49:05,twist,1,4644,success,8,0.9964,0.7251,0,97.87,1.94,100.0,0.0,100.0,0.0
2026-05-29 23:49:20,twist,1,4645,success,14,0.1942,1.5333,0,97.87,1.94,100.0,0.0,100.0,0.0
2026-05-29 23:49:31,twist,1,4646,success,10,0.7171,1.0073,0,97.87,1.94,100.0,0.0,100.0,0.0
2026-05-29 23:49:38,twist,1,4647,success,6,1.1601,1.0277,0,97.87,1.94,100.0,0.0,100.0,0.0
2026-05-29 23:49:44,twist,1,4648,success,6,0.6266,1.6035,0,97.87,1.94,100.0,0.0,100.0,0.0
2026-05-29 23:49:51,twist,1,4649,success,6,0.8875,1.1267,0,97.87,1.94,100.0,0.0,100.0,0.0
2026-05-29 23:50:05,twist,1,4650,success,14,0.6254,0.8788,0,97.87,1.94,100.0,0.0,100.0,0.0
2026-05-29 23:50:15,twist,1,4651,success,8,0.7906,1.4985,0,97.87,1.94,100.0,0.0,100.0,0.0
2026-05-29 23:50:20,twist,1,4652,success,4,0.6159,1.568,0,97.87,1.93,100.0,0.0,100.0,0.0
2026-05-29 23:50:29,twist,1,4653,success,8,0.9135,1.1455,0,97.87,1.93,100.0,0.0,100.0,0.0
2026-05-29 23:50:58,twist,1,4654,success,28,0.2762,1.0198,0,97.87,1.93,100.0,0.0,100.0,0.0
2026-05-29 23:51:05,twist,1,4655,success,6,1.0285,0.9676,0,97.87,1.93,100.0,0.0,100.0,0.0
2026-05-29 23:51:14,twist,1,4656,success,8,0.3666,1.535,0,97.87,1.93,100.0,0.0,100.0,0.0
2026-05-29 23:51:21,twist,1,4657,success,6,0.5777,1.354,0,97.87,1.93,100.0,0.0,100.0,0.0
2026-05-29 23:51:35,twist,1,4658,success,14,0.714,0.6047,0,97.87,1.93,100.0,0.0,100.0,0.0
2026-05-29 23:51:50,twist,1,4659,success,14,0.732,0.4401,0,97.88,1.93,100.0,0.0,100.0,0.0
2026-05-29 23:51:59,twist,1,4660,success,8,0.7577,0.8379,0,97.88,1.93,100.0,0.0,100.0,0.0
2026-05-29 23:52:02,twist,1,4661,success,2,1.0944,1.9123,0,97.88,1.93,100.0,0.0,100.0,0.0
2026-05-29 23:52:07,twist,1,4662,success,4,1.0442,1.173,0,97.88,1.93,100.0,0.0,100.0,0.0
2026-05-29 23:52:10,twist,1,4663,success,2,1.3794,1.6889,0,97.88,1.93,100.0,0.0,100.0,0.0
2026-05-29 23:52:20,twist,1,4664,success,8,0.8058,1.5127,0,97.88,1.93,100.0,0.0,100.0,0.0
2026-05-29 23:52:30,twist,1,4665,success,10,0.7802,1.0849,0,97.88,1.93,100.0,0.0,100.0,0.0
2026-05-29 23:52:40,twist,1,4666,success,8,0.7498,0.2034,1,97.88,1.93,100.0,0.0,100.0,0.0
2026-05-29 23:52:48,twist,1,4667,success,6,0.6448,1.3155,0,97.88,1.93,100.0,0.0,100.0,0.0
2026-05-29 23:52:56,twist,1,4668,success,6,0.624,1.958,0,97.88,1.93,100.0,0.0,100.0,0.0
2026-05-29 23:53:05,twist,1,4669,success,8,0.6906,0.9225,0,97.88,1.93,100.0,0.0,100.0,0.0
2026-05-29 23:53:10,twist,1,4670,success,4,1.0074,1.6653,0,97.88,1.93,100.0,0.0,100.0,0.0
2026-05-29 23:53:20,twist,1,4671,success,8,1.0191,0.9114,0,97.88,1.93,100.0,0.0,100.0,0.0
2026-05-29 23:53:25,twist,1,4672,success,5,1.3956,1.4091,0,97.88,1.93,100.0,0.0,100.0,0.0
2026-05-29 23:53:33,twist,1,4673,success,7,1.0074,1.9588,0,97.88,1.93,100.0,0.0,100.0,0.0
2026-05-29 23:53:35,twist,1,4674,success,1,80.4263,2.3098,0,97.88,1.93,100.0,0.0,100.0,0.0
2026-05-29 23:53:42,twist,1,4675,success,5,1.2796,1.2042,0,97.88,1.93,100.0,0.0,100.0,0.0
2026-05-29 23:53:56,twist,1,4676,success,12,0.5639,0.5505,0,97.88,1.92,100.0,0.0,100.0,0.0
2026-05-29 23:54:07,twist,1,4677,success,10,0.8484,0.8817,0,97.88,1.92,100.0,0.0,100.0,0.0
2026-05-29 23:54:15,twist,1,4678,success,8,0.6597,1.1989,0,97.88,1.92,100.0,0.0,100.0,0.0
2026-05-29 23:54:23,twist,1,4679,success,6,1.2001,1.7543,0,97.88,1.92,100.0,0.0,100.0,0.0
2026-05-29 23:54:28,twist,1,4680,success,4,1.013,1.0302,0,97.88,1.92,100.0,0.0,100.0,0.0
2026-05-29 23:54:35,twist,1,4681,success,6,1.0138,1.1316,0,97.89,1.92,100.0,0.0,100.0,0.0
2026-05-29 23:54:42,twist,1,4682,success,6,0.9637,1.2556,0,97.89,1.92,100.0,0.0,100.0,0.0
2026-05-29 23:54:52,twist,1,4683,success,10,0.9382,0.6418,0,97.89,1.92,100.0,0.0,100.0,0.0
2026-05-29 23:55:03,twist,1,4684,success,10,0.8341,0.602,0,97.89,1.92,100.0,0.0,100.0,0.0
2026-05-29 23:55:16,twist,1,4685,success,12,0.6941,0.6747,0,97.89,1.92,100.0,0.0,100.0,0.0
2026-05-29 23:55:21,twist,1,4686,success,4,1.2987,1.713,0,97.89,1.92,100.0,0.0,100.0,0.0
2026-05-29 23:55:32,twist,1,4687,success,11,0.936,1.0058,0,97.89,1.92,100.0,0.0,100.0,0.0
2026-05-29 23:55:48,twist,1,4688,success,13,0.644,0.81,0,97.89,1.92,100.0,0.0,100.0,0.0
2026-05-29 23:55:57,twist,1,4689,success,8,0.9638,0.612,0,97.89,1.92,100.0,0.0,100.0,0.0
2026-05-29 23:56:01,twist,1,4690,success,2,1.3811,1.6474,0,97.89,1.92,100.0,0.0,100.0,0.0
2026-05-29 23:56:05,twist,1,4691,success,2,1.1389,1.9387,0,97.89,1.92,100.0,0.0,100.0,0.0
2026-05-29 23:56:12,twist,1,4692,success,6,0.72,0.8992,0,97.89,1.92,100.0,0.0,100.0,0.0
2026-05-29 23:56:22,twist,1,4693,success,8,0.9155,0.7771,0,97.89,1.92,100.0,0.0,100.0,0.0
2026-05-29 23:56:27,twist,1,4694,success,4,0.8334,1.4995,0,97.89,1.92,100.0,0.0,100.0,0.0
2026-05-29 23:56:43,twist,1,4695,success,14,0.6326,0.7973,0,97.89,1.92,100.0,0.0,100.0,0.0
2026-05-29 23:56:55,twist,1,4696,success,10,0.6339,1.2357,0,97.89,1.92,100.0,0.0,100.0,0.0
2026-05-29 23:57:07,twist,1,4697,success,10,0.6138,0.8368,0,97.89,1.92,100.0,0.0,100.0,0.0
2026-05-29 23:57:20,twist,1,4698,success,10,0.7626,1.3454,0,97.89,1.92,100.0,0.0,100.0,0.0
2026-05-29 23:57:23,twist,1,4699,success,2,1.7682,2.1174,0,97.89,1.92,100.0,0.0,100.0,0.0
2026-05-29 23:57:32,twist,1,4700,success,8,0.8845,0.4208,0,97.89,1.91,100.0,0.0,100.0,0.0
2026-05-29 23:57:42,twist,1,4701,success,8,0.5198,1.8001,0,97.89,1.91,100.0,0.0,100.0,0.0
2026-05-29 23:57:58,twist,1,4702,success,16,0.5495,1.0049,0,97.89,1.91,100.0,0.0,100.0,0.0
2026-05-29 23:58:08,twist,1,4703,success,10,0.8635,0.9597,0,97.89,1.91,100.0,0.0,100.0,0.0
2026-05-29 23:58:17,twist,1,4704,success,8,0.9573,0.6466,0,97.9,1.91,100.0,0.0,100.0,0.0
2026-05-29 23:58:22,twist,1,4705,success,4,0.9415,1.7257,0,97.9,1.91,100.0,0.0,100.0,0.0
2026-05-29 23:58:33,twist,1,4706,success,10,1.0553,0.8175,0,97.9,1.91,100.0,0.0,100.0,0.0
2026-05-29 23:58:40,twist,1,4707,success,6,1.2487,1.1995,0,97.9,1.91,100.0,0.0,100.0,0.0
2026-05-29 23:58:46,twist,1,4708,success,4,1.3498,1.2737,0,97.9,1.91,100.0,0.0,100.0,0.0
2026-05-29 23:58:51,twist,1,4709,success,4,1.034,1.4919,0,97.9,1.91,100.0,0.0,100.0,0.0
2026-05-29 23:59:08,twist,1,4710,success,16,0.3781,0.9574,0,97.9,1.91,100.0,0.0,100.0,0.0
2026-05-29 23:59:09,twist,1,4711,success,1,59.7198,2.3159,0,97.9,1.91,100.0,0.0,100.0,0.0
2026-05-29 23:59:21,twist,1,4712,success,9,0.3589,1.4262,0,97.9,1.91,100.0,0.0,100.0,0.0
2026-05-29 23:59:28,twist,1,4713,success,6,0.9053,0.6004,0,97.9,1.91,100.0,0.0,100.0,0.0
2026-05-29 23:59:40,twist,1,4714,success,10,0.8564,0.3894,0,97.9,1.91,100.0,0.0,100.0,0.0
2026-05-29 23:59:53,twist,1,4715,success,12,0.838,0.7222,0,97.9,1.91,100.0,0.0,100.0,0.0
2026-05-30 00:00:02,twist,1,4716,success,8,0.6934,1.6283,0,97.9,1.91,100.0,0.0,100.0,0.0
2026-05-30 00:00:10,twist,1,4717,success,6,1.0716,2.0231,0,97.9,1.91,100.0,0.0,100.0,0.0
2026-05-30 00:00:15,twist,1,4718,success,4,1.4642,1.7236,0,97.9,1.91,100.0,0.0,100.0,0.0
2026-05-30 00:00:18,twist,1,4719,success,2,1.5522,1.8604,0,97.9,1.91,100.0,0.0,100.0,0.0
2026-05-30 00:00:20,twist,1,4720,success,1,105.2512,2.3179,0,97.9,1.91,100.0,0.0,100.0,0.0
2026-05-30 00:00:31,twist,1,4721,success,9,1.0146,0.7619,0,97.9,1.91,100.0,0.0,100.0,0.0
2026-05-30 00:00:39,twist,1,4722,success,8,0.6294,1.6727,0,97.9,1.91,100.0,0.0,100.0,0.0
2026-05-30 00:00:50,twist,1,4723,success,10,0.5275,1.4707,0,97.9,1.91,100.0,0.0,100.0,0.0
2026-05-30 00:00:57,twist,1,4724,success,6,0.9506,1.3914,0,97.9,1.91,100.0,0.0,100.0,0.0
2026-05-30 00:01:07,twist,1,4725,success,8,0.9638,1.1821,0,97.9,1.9,100.0,0.0,100.0,0.0
2026-05-30 00:01:10,twist,1,4726,success,2,1.1695,1.9199,0,97.91,1.9,100.0,0.0,100.0,0.0
2026-05-30 00:01:21,twist,1,4727,success,10,0.88,0.6597,0,97.91,1.9,100.0,0.0,100.0,0.0
2026-05-30 00:01:41,twist,1,4728,success,20,0.4796,0.4192,0,97.91,1.9,100.0,0.0,100.0,0.0
2026-05-30 00:01:47,twist,1,4729,success,4,0.7848,1.554,0,97.91,1.9,100.0,0.0,100.0,0.0
2026-05-30 00:01:48,twist,1,4730,success,1,287.7659,2.3239,0,97.91,1.9,100.0,0.0,100.0,0.0
2026-05-30 00:01:58,twist,1,4731,success,8,1.2493,1.2691,0,97.91,1.9,100.0,0.0,100.0,0.0
2026-05-30 00:02:11,twist,1,4732,success,11,0.9281,0.61,0,97.91,1.9,100.0,0.0,100.0,0.0
2026-05-30 00:02:16,twist,1,4733,success,5,1.5795,1.7862,0,97.91,1.9,100.0,0.0,100.0,0.0
2026-05-30 00:02:28,twist,1,4734,success,11,0.4411,1.0431,0,97.91,1.9,100.0,0.0,100.0,0.0
2026-05-30 00:02:34,twist,1,4735,success,4,1.2635,1.5697,0,97.91,1.9,100.0,0.0,100.0,0.0
2026-05-30 00:02:35,twist,1,4736,success,1,42.5245,2.3268,0,97.91,1.9,100.0,0.0,100.0,0.0
2026-05-30 00:02:48,twist,1,4737,success,11,0.7988,0.7628,0,97.91,1.9,100.0,0.0,100.0,0.0
2026-05-30 00:02:53,twist,1,4738,success,4,1.2412,1.6162,0,97.91,1.9,100.0,0.0,100.0,0.0
2026-05-30 00:02:58,twist,1,4739,success,4,0.836,1.694,0,97.91,1.9,100.0,0.0,100.0,0.0
2026-05-30 00:03:12,twist,1,4740,success,14,0.7149,0.616,0,97.91,1.9,100.0,0.0,100.0,0.0
2026-05-30 00:03:24,twist,1,4741,success,10,0.7305,0.4429,0,97.91,1.9,100.0,0.0,100.0,0.0
2026-05-30 00:03:34,twist,1,4742,success,10,0.8592,1.2073,0,97.91,1.9,100.0,0.0,100.0,0.0
2026-05-30 00:03:44,twist,1,4743,success,9,0.6653,1.5749,0,97.91,1.9,100.0,0.0,100.0,0.0
2026-05-30 00:03:47,twist,1,4744,success,1,56.1915,2.3237,0,97.91,1.9,100.0,0.0,100.0,0.0
2026-05-30 00:03:57,twist,1,4745,success,8,1.0514,0.8111,0,97.91,1.9,100.0,0.0,100.0,0.0
2026-05-30 00:03:58,twist,1,4746,success,1,29.0698,2.3335,0,97.91,1.9,100.0,0.0,100.0,0.0
2026-05-30 00:04:03,twist,1,4747,success,3,4.0566,2.2514,0,97.91,1.9,100.0,0.0,100.0,0.0
2026-05-30 00:04:10,twist,1,4748,success,6,0.963,0.7865,0,97.91,1.9,100.0,0.0,100.0,0.0
2026-05-30 00:04:15,twist,1,4749,success,4,1.1271,1.4445,0,97.92,1.9,100.0,0.0,100.0,0.0
2026-05-30 00:04:27,twist,1,4750,success,10,0.8743,0.6205,0,97.92,1.89,100.0,0.0,100.0,0.0
2026-05-30 00:04:36,twist,1,4751,success,8,0.9182,1.4654,0,97.92,1.89,100.0,0.0,100.0,0.0
2026-05-30 00:04:45,twist,1,4752,success,8,0.6797,1.4723,0,97.92,1.89,100.0,0.0,100.0,0.0
2026-05-30 00:04:54,twist,1,4753,success,8,0.727,0.419,0,97.92,1.89,100.0,0.0,100.0,0.0
2026-05-30 00:04:59,twist,1,4754,success,4,0.8827,1.4582,0,97.92,1.89,100.0,0.0,100.0,0.0
2026-05-30 00:05:08,twist,1,4755,success,8,0.9044,0.8734,0,97.92,1.89,100.0,0.0,100.0,0.0
2026-05-30 00:05:15,twist,1,4756,success,6,0.9845,1.0651,0,97.92,1.89,100.0,0.0,100.0,0.0
2026-05-30 00:05:21,twist,1,4757,success,4,1.0985,1.5424,0,97.92,1.89,100.0,0.0,100.0,0.0
2026-05-30 00:05:26,twist,1,4758,success,4,1.0478,1.2849,0,97.92,1.89,100.0,0.0,100.0,0.0
2026-05-30 00:05:36,twist,1,4759,success,8,0.682,1.5175,0,97.92,1.89,100.0,0.0,100.0,0.0
2026-05-30 00:05:48,twist,1,4760,success,12,0.8465,0.3644,0,97.92,1.89,100.0,0.0,100.0,0.0
2026-05-30 00:05:57,twist,1,4761,success,8,0.8189,0.6255,0,97.92,1.89,100.0,0.0,100.0,0.0
2026-05-30 00:05:59,twist,1,4762,success,1,276.4894,2.3164,0,97.92,1.89,100.0,0.0,100.0,0.0
2026-05-30 00:06:14,twist,1,4763,success,13,0.7138,0.4594,0,97.92,1.89,100.0,0.0,100.0,0.0
2026-05-30 00:06:22,twist,1,4764,success,8,0.6336,1.8537,0,97.92,1.89,100.0,0.0,100.0,0.0
2026-05-30 00:06:35,twist,1,4765,success,10,0.8908,0.837,0,97.92,1.89,100.0,0.0,100.0,0.0
2026-05-30 00:06:48,twist,1,4766,success,12,0.6699,0.8818,0,97.92,1.89,100.0,0.0,100.0,0.0
2026-05-30 00:06:55,twist,1,4767,success,6,0.9854,1.251,0,97.92,1.89,100.0,0.0,100.0,0.0
2026-05-30 00:07:04,twist,1,4768,success,8,0.9907,1.5726,0,97.92,1.89,100.0,0.0,100.0,0.0
2026-05-30 00:07:12,twist,1,4769,success,6,0.9718,0.7581,0,97.92,1.89,100.0,0.0,100.0,0.0
2026-05-30 00:07:29,twist,1,4770,success,16,0.557,0.7616,0,97.92,1.89,100.0,0.0,100.0,0.0
2026-05-30 00:07:44,twist,1,4771,success,14,0.6279,0.8296,0,97.92,1.89,100.0,0.0,100.0,0.0
2026-05-30 00:07:51,twist,1,4772,success,6,1.0831,1.1474,0,97.93,1.89,100.0,0.0,100.0,0.0
2026-05-30 00:08:04,twist,1,4773,success,12,0.6205,0.8505,0,97.93,1.89,100.0,0.0,100.0,0.0
2026-05-30 00:08:14,twist,1,4774,success,10,0.5641,1.5005,0,97.93,1.89,100.0,0.0,100.0,0.0
2026-05-30 00:08:16,twist,1,4775,success,1,36.2623,2.3236,0,97.93,1.88,100.0,0.0,100.0,0.0
2026-05-30 00:08:25,twist,1,4776,success,7,0.9783,1.2197,0,97.93,1.88,100.0,0.0,100.0,0.0
2026-05-30 00:08:34,twist,1,4777,success,8,0.4261,1.8582,0,97.93,1.88,100.0,0.0,100.0,0.0
2026-05-30 00:08:39,twist,1,4778,success,4,1.082,1.6092,0,97.93,1.88,100.0,0.0,100.0,0.0
2026-05-30 00:08:46,twist,1,4779,success,6,0.9513,1.808,0,97.93,1.88,100.0,0.0,100.0,0.0
2026-05-30 00:08:53,twist,1,4780,success,6,0.8108,1.0042,0,97.93,1.88,100.0,0.0,100.0,0.0
2026-05-30 00:08:58,twist,1,4781,success,4,1.2585,1.7184,0,97.93,1.88,100.0,0.0,100.0,0.0
2026-05-30 00:09:07,twist,1,4782,success,8,0.6412,1.3865,0,97.93,1.88,100.0,0.0,100.0,0.0
2026-05-30 00:09:14,twist,1,4783,success,6,0.9738,1.1208,0,97.93,1.88,100.0,0.0,100.0,0.0
2026-05-30 00:09:20,twist,1,4784,success,4,1.1367,1.6563,0,97.93,1.88,100.0,0.0,100.0,0.0
2026-05-30 00:09:35,twist,1,4785,success,14,0.7222,0.3645,0,97.93,1.88,100.0,0.0,100.0,0.0
2026-05-30 00:09:43,twist,1,4786,success,6,1.0443,1.1961,0,97.93,1.88,100.0,0.0,100.0,0.0
2026-05-30 00:09:58,twist,1,4787,success,14,0.6435,0.5344,0,97.93,1.88,100.0,0.0,100.0,0.0
2026-05-30 00:10:09,twist,1,4788,success,10,0.776,0.96,0,97.93,1.88,100.0,0.0,100.0,0.0
2026-05-30 00:10:18,twist,1,4789,success,8,0.5529,1.7366,0,97.93,1.88,100.0,0.0,100.0,0.0
2026-05-30 00:10:25,twist,1,4790,success,6,0.4518,1.3872,0,97.93,1.88,100.0,0.0,100.0,0.0
2026-05-30 00:10:35,twist,1,4791,success,10,0.8122,0.8274,0,97.93,1.88,100.0,0.0,100.0,0.0
2026-05-30 00:10:48,twist,1,4792,success,12,0.7763,0.494,0,97.93,1.88,100.0,0.0,100.0,0.0
2026-05-30 00:10:53,twist,1,4793,success,4,0.9163,1.2557,0,97.93,1.88,100.0,0.0,100.0,0.0
2026-05-30 00:10:58,twist,1,4794,success,4,0.9906,1.7805,0,97.93,1.88,100.0,0.0,100.0,0.0
2026-05-30 00:11:13,twist,1,4795,success,14,0.7407,0.6829,0,97.94,1.88,100.0,0.0,100.0,0.0
2026-05-30 00:11:18,twist,1,4796,success,4,1.2241,1.203,0,97.94,1.88,100.0,0.0,100.0,0.0
2026-05-30 00:11:33,twist,1,4797,success,14,0.8146,0.6,0,97.94,1.88,100.0,0.0,100.0,0.0
2026-05-30 00:11:40,twist,1,4798,success,6,0.9541,1.0372,0,97.94,1.88,100.0,0.0,100.0,0.0
2026-05-30 00:11:51,twist,1,4799,success,10,0.7753,0.777,0,97.94,1.88,100.0,0.0,100.0,0.0
2026-05-30 00:12:01,twist,1,4800,success,10,0.9441,0.9933,0,97.94,1.88,100.0,0.0,100.0,0.0
2026-05-30 00:12:11,twist,1,4801,success,8,0.9189,0.7297,0,97.94,1.87,100.0,0.0,100.0,0.0
2026-05-30 00:12:16,twist,1,4802,success,4,1.091,1.3937,0,97.94,1.87,100.0,0.0,100.0,0.0
2026-05-30 00:12:27,twist,1,4803,success,10,0.4849,1.5767,0,97.94,1.87,100.0,0.0,100.0,0.0
2026-05-30 00:12:41,twist,1,4804,success,14,0.7094,0.3557,0,97.94,1.87,100.0,0.0,100.0,0.0
2026-05-30 00:12:50,twist,1,4805,success,8,0.6858,1.6553,0,97.94,1.87,100.0,0.0,100.0,0.0
2026-05-30 00:12:59,twist,1,4806,success,8,0.4989,1.8237,0,97.94,1.87,100.0,0.0,100.0,0.0
2026-05-30 00:13:06,twist,1,4807,success,6,0.9144,1.3613,0,97.94,1.87,100.0,0.0,100.0,0.0
2026-05-30 00:13:21,twist,1,4808,success,12,0.4011,1.0005,0,97.94,1.87,100.0,0.0,100.0,0.0
2026-05-30 00:13:30,twist,1,4809,success,8,0.3477,1.5385,0,97.94,1.87,100.0,0.0,100.0,0.0
2026-05-30 00:13:40,twist,1,4810,success,8,0.8015,0.7574,0,97.94,1.87,100.0,0.0,100.0,0.0
2026-05-30 00:13:49,twist,1,4811,success,8,0.9085,0.7528,0,97.94,1.87,100.0,0.0,100.0,0.0
2026-05-30 00:13:58,twist,1,4812,success,8,0.8685,0.5915,0,97.94,1.87,100.0,0.0,100.0,0.0
2026-05-30 00:14:05,twist,1,4813,success,6,1.056,1.2316,0,97.94,1.87,100.0,0.0,100.0,0.0
2026-05-30 00:14:20,twist,1,4814,success,14,0.6353,0.7309,0,97.94,1.87,100.0,0.0,100.0,0.0
2026-05-30 00:14:30,twist,1,4815,success,10,0.5958,0.9648,0,97.94,1.87,100.0,0.0,100.0,0.0
2026-05-30 00:14:39,twist,1,4816,success,8,0.9218,0.7012,0,97.94,1.87,100.0,0.0,100.0,0.0
2026-05-30 00:14:52,twist,1,4817,success,12,0.841,0.3956,0,97.94,1.87,100.0,0.0,100.0,0.0
2026-05-30 00:15:01,twist,1,4818,success,8,0.786,1.6823,0,97.95,1.87,100.0,0.0,100.0,0.0
2026-05-30 00:15:32,twist,1,4819,success,28,0.1129,1.3003,0,97.95,1.87,100.0,0.0,100.0,0.0
2026-05-30 00:15:40,twist,1,4820,success,6,0.4988,1.6407,0,97.95,1.87,100.0,0.0,100.0,0.0
2026-05-30 00:15:49,twist,1,4821,success,8,0.9958,1.1695,0,97.95,1.87,100.0,0.0,100.0,0.0
2026-05-30 00:15:56,twist,1,4822,success,6,0.9193,1.303,0,97.95,1.87,100.0,0.0,100.0,0.0
2026-05-30 00:16:04,twist,1,4823,success,6,0.9428,1.5806,0,97.95,1.87,100.0,0.0,100.0,0.0
2026-05-30 00:16:11,twist,1,4824,success,6,1.0264,1.2047,0,97.95,1.87,100.0,0.0,100.0,0.0
2026-05-30 00:16:21,twist,1,4825,success,8,0.9252,1.4588,0,97.95,1.87,100.0,0.0,100.0,0.0
2026-05-30 00:16:31,twist,1,4826,success,8,0.9095,0.5776,0,97.95,1.86,100.0,0.0,100.0,0.0
2026-05-30 00:16:36,twist,1,4827,success,4,1.1167,1.2527,0,97.95,1.86,100.0,0.0,100.0,0.0
2026-05-30 00:16:48,twist,1,4828,success,10,0.5662,0.7163,0,97.95,1.86,100.0,0.0,100.0,0.0
2026-05-30 00:16:55,twist,1,4829,success,6,1.157,1.396,0,97.95,1.86,100.0,0.0,100.0,0.0
2026-05-30 00:17:02,twist,1,4830,success,6,0.8446,1.1189,0,97.95,1.86,100.0,0.0,100.0,0.0
2026-05-30 00:17:13,twist,1,4831,success,10,0.994,0.8489,0,97.95,1.86,100.0,0.0,100.0,0.0
2026-05-30 00:17:25,twist,1,4832,success,10,0.8355,0.6772,0,97.95,1.86,100.0,0.0,100.0,0.0
2026-05-30 00:17:31,twist,1,4833,success,4,1.1016,1.3992,0,97.95,1.86,100.0,0.0,100.0,0.0
2026-05-30 00:17:36,twist,1,4834,success,4,0.7049,1.8826,0,97.95,1.86,100.0,0.0,100.0,0.0
2026-05-30 00:17:46,twist,1,4835,success,8,1.0058,0.6833,0,97.95,1.86,100.0,0.0,100.0,0.0
2026-05-30 00:18:03,twist,1,4836,success,16,0.6285,0.7743,0,97.95,1.86,100.0,0.0,100.0,0.0
2026-05-30 00:18:13,twist,1,4837,success,8,0.4448,1.1807,0,97.95,1.86,100.0,0.0,100.0,0.0
2026-05-30 00:18:25,twist,1,4838,success,12,0.6455,0.9268,0,97.95,1.86,100.0,0.0,100.0,0.0
2026-05-30 00:18:37,twist,1,4839,success,10,0.8569,0.7293,0,97.95,1.86,100.0,0.0,100.0,0.0
2026-05-30 00:18:46,twist,1,4840,success,8,0.7974,0.7133,0,97.95,1.86,100.0,0.0,100.0,0.0
2026-05-30 00:18:53,twist,1,4841,success,6,1.0291,1.1307,0,97.95,1.86,100.0,0.0,100.0,0.0
2026-05-30 00:18:55,twist,1,4842,success,1,53.5688,2.3244,0,97.96,1.86,100.0,0.0,100.0,0.0
2026-05-30 00:19:04,twist,1,4843,success,7,1.2868,1.852,0,97.96,1.86,100.0,0.0,100.0,0.0
2026-05-30 00:19:13,twist,1,4844,success,8,1.0858,1.0877,0,97.96,1.86,100.0,0.0,100.0,0.0
2026-05-30 00:19:24,twist,1,4845,success,10,0.699,0.8674,0,97.96,1.86,100.0,0.0,100.0,0.0
2026-05-30 00:19:29,twist,1,4846,success,4,0.8869,1.6741,0,97.96,1.86,100.0,0.0,100.0,0.0
2026-05-30 00:19:47,twist,1,4847,success,16,0.6608,0.5371,0,97.96,1.86,100.0,0.0,100.0,0.0
2026-05-30 00:19:56,twist,1,4848,success,8,0.7412,1.3619,0,97.96,1.86,100.0,0.0,100.0,0.0
2026-05-30 00:20:07,twist,1,4849,success,10,1.0052,0.7904,0,97.96,1.86,100.0,0.0,100.0,0.0
2026-05-30 00:20:18,twist,1,4850,success,10,1.0564,0.7752,0,97.96,1.86,100.0,0.0,100.0,0.0
2026-05-30 00:20:26,twist,1,4851,success,6,1.0451,1.2418,0,97.96,1.86,100.0,0.0,100.0,0.0
2026-05-30 00:20:35,twist,1,4852,success,8,0.8014,0.5855,0,97.96,1.85,100.0,0.0,100.0,0.0
2026-05-30 00:20:48,twist,1,4853,success,12,0.2818,0.9278,0,97.96,1.85,100.0,0.0,100.0,0.0
2026-05-30 00:20:55,twist,1,4854,success,6,0.9748,1.0675,0,97.96,1.85,100.0,0.0,100.0,0.0
2026-05-30 00:21:03,twist,1,4855,success,6,0.9046,1.5606,0,97.96,1.85,100.0,0.0,100.0,0.0
2026-05-30 00:21:08,twist,1,4856,success,4,0.941,1.6121,0,97.96,1.85,100.0,0.0,100.0,0.0
2026-05-30 00:21:17,twist,1,4857,success,8,0.5129,1.7242,0,97.96,1.85,100.0,0.0,100.0,0.0
2026-05-30 00:21:26,twist,1,4858,success,8,0.7843,1.3439,0,97.96,1.85,100.0,0.0,100.0,0.0
2026-05-30 00:21:30,twist,1,4859,success,2,1.5232,1.866,0,97.96,1.85,100.0,0.0,100.0,0.0
2026-05-30 00:21:39,twist,1,4860,success,8,0.5468,1.9393,0,97.96,1.85,100.0,0.0,100.0,0.0
2026-05-30 00:21:48,twist,1,4861,success,8,0.8299,1.3278,0,97.96,1.85,100.0,0.0,100.0,0.0
2026-05-30 00:21:57,twist,1,4862,success,8,0.9759,0.493,0,97.96,1.85,100.0,0.0,100.0,0.0
2026-05-30 00:22:08,twist,1,4863,success,10,0.9063,0.5186,0,97.96,1.85,100.0,0.0,100.0,0.0
2026-05-30 00:22:12,twist,1,4864,success,2,1.2476,1.8115,0,97.96,1.85,100.0,0.0,100.0,0.0
2026-05-30 00:22:20,twist,1,4865,success,8,0.8445,0.912,0,97.97,1.85,100.0,0.0,100.0,0.0
2026-05-30 00:22:32,twist,1,4866,success,10,0.982,1.2951,0,97.97,1.85,100.0,0.0,100.0,0.0
2026-05-30 00:22:35,twist,1,4867,success,2,1.797,1.945,0,97.97,1.85,100.0,0.0,100.0,0.0
2026-05-30 00:22:45,twist,1,4868,success,10,0.7472,0.8346,0,97.97,1.85,100.0,0.0,100.0,0.0
2026-05-30 00:22:52,twist,1,4869,success,6,0.9666,0.8704,0,97.97,1.85,100.0,0.0,100.0,0.0
2026-05-30 00:22:59,twist,1,4870,success,6,1.0681,1.0271,0,97.97,1.85,100.0,0.0,100.0,0.0
2026-05-30 00:23:06,twist,1,4871,success,6,1.0045,0.9668,0,97.97,1.85,100.0,0.0,100.0,0.0
2026-05-30 00:23:12,twist,1,4872,success,4,1.1398,1.3379,0,97.97,1.85,100.0,0.0,100.0,0.0
2026-05-30 00:23:23,twist,1,4873,success,10,1.1299,0.8311,0,97.97,1.85,100.0,0.0,100.0,0.0
2026-05-30 00:23:30,twist,1,4874,success,6,1.0447,1.002,0,97.97,1.85,100.0,0.0,100.0,0.0
2026-05-30 00:23:39,twist,1,4875,success,8,1.0275,1.0054,0,97.97,1.85,100.0,0.0,100.0,0.0
2026-05-30 00:23:47,twist,1,4876,success,8,1.0333,0.7289,0,97.97,1.85,100.0,0.0,100.0,0.0
2026-05-30 00:23:54,twist,1,4877,success,6,1.3233,1.4918,0,97.97,1.85,100.0,0.0,100.0,0.0
2026-05-30 00:24:01,twist,1,4878,success,6,1.1451,1.7025,0,97.97,1.85,100.0,0.0,100.0,0.0
2026-05-30 00:24:10,twist,1,4879,success,8,0.8411,0.9186,0,97.97,1.84,100.0,0.0,100.0,0.0
2026-05-30 00:24:17,twist,1,4880,success,6,0.9525,0.9797,0,97.97,1.84,100.0,0.0,100.0,0.0
2026-05-30 00:24:26,twist,1,4881,success,8,1.0571,0.8596,0,97.97,1.84,100.0,0.0,100.0,0.0
2026-05-30 00:24:39,twist,1,4882,success,12,0.5113,0.9891,0,97.97,1.84,100.0,0.0,100.0,0.0
2026-05-30 00:24:50,twist,1,4883,success,10,0.933,0.6325,0,97.97,1.84,100.0,0.0,100.0,0.0
2026-05-30 00:25:01,twist,1,4884,success,10,0.8439,0.4272,0,97.97,1.84,100.0,0.0,100.0,0.0
2026-05-30 00:25:09,twist,1,4885,success,6,0.919,1.294,0,97.97,1.84,100.0,0.0,100.0,0.0
2026-05-30 00:25:20,twist,1,4886,success,10,0.7352,0.6412,0,97.97,1.84,100.0,0.0,100.0,0.0
2026-05-30 00:25:28,twist,1,4887,success,6,0.9182,0.931,0,97.97,1.84,100.0,0.0,100.0,0.0
2026-05-30 00:25:35,twist,1,4888,success,6,0.5981,1.7441,0,97.97,1.84,100.0,0.0,100.0,0.0
2026-05-30 00:25:40,twist,1,4889,success,4,0.8504,1.3552,0,97.98,1.84,100.0,0.0,100.0,0.0
2026-05-30 00:25:52,twist,1,4890,success,10,0.8644,1.1921,0,97.98,1.84,100.0,0.0,100.0,0.0
2026-05-30 00:26:03,twist,1,4891,success,10,0.943,0.6804,0,97.98,1.84,100.0,0.0,100.0,0.0
2026-05-30 00:26:06,twist,1,4892,success,2,1.0841,1.8837,0,97.98,1.84,100.0,0.0,100.0,0.0
2026-05-30 00:26:10,twist,1,4893,success,2,1.1154,1.7446,0,97.98,1.84,100.0,0.0,100.0,0.0
2026-05-30 00:26:13,twist,1,4894,success,2,1.4954,1.9551,0,97.98,1.84,100.0,0.0,100.0,0.0
2026-05-30 00:26:26,twist,1,4895,success,12,0.7952,0.7239,0,97.98,1.84,100.0,0.0,100.0,0.0
2026-05-30 00:26:38,twist,1,4896,success,10,0.3985,1.2219,0,97.98,1.84,100.0,0.0,100.0,0.0
2026-05-30 00:26:39,twist,1,4897,success,1,383.7918,2.3168,0,97.98,1.84,100.0,0.0,100.0,0.0
2026-05-30 00:26:56,twist,1,4898,collision,-1,0.4494,0.1385,3,97.96,1.86,99.0,1.0,99.8,0.2
2026-05-30 00:27:06,twist,1,4899,success,8,0.8636,0.8968,0,97.96,1.86,99.0,1.0,99.8,0.2
2026-05-30 00:27:16,twist,1,4900,success,8,0.9298,0.5277,0,97.96,1.86,99.0,1.0,99.8,0.2
2026-05-30 00:27:27,twist,1,4901,success,10,0.7389,0.7766,0,97.96,1.86,99.0,1.0,99.8,0.2
2026-05-30 00:27:28,twist,1,4902,success,1,78.9648,2.315,0,97.96,1.86,99.0,1.0,99.8,0.2
2026-05-30 00:27:39,twist,1,4903,success,9,0.9639,0.8653,0,97.96,1.86,99.0,1.0,99.8,0.2
2026-05-30 00:27:46,twist,1,4904,success,6,1.0265,0.9999,0,97.96,1.86,99.0,1.0,99.8,0.2
2026-05-30 00:27:56,twist,1,4905,success,10,0.946,0.6021,0,97.96,1.86,99.0,1.0,99.8,0.2
2026-05-30 00:28:04,twist,1,4906,success,6,1.0296,1.4811,0,97.96,1.85,99.0,1.0,99.8,0.2
2026-05-30 00:28:13,twist,1,4907,success,8,1.061,0.8524,0,97.96,1.85,99.0,1.0,99.8,0.2
2026-05-30 00:28:28,twist,1,4908,success,14,0.5627,0.9331,0,97.96,1.85,99.0,1.0,99.8,0.2
2026-05-30 00:28:33,twist,1,4909,success,4,0.8951,1.3189,0,97.96,1.85,99.0,1.0,99.8,0.2
2026-05-30 00:28:59,twist,1,4910,success,24,0.2651,0.6988,0,97.96,1.85,99.0,1.0,99.8,0.2
2026-05-30 00:29:08,twist,1,4911,success,8,0.8323,1.8076,0,97.96,1.85,99.0,1.0,99.8,0.2
2026-05-30 00:29:19,twist,1,4912,success,10,0.6969,0.5371,0,97.96,1.85,99.0,1.0,99.8,0.2
2026-05-30 00:29:30,twist,1,4913,success,10,0.7201,1.3911,0,97.96,1.85,99.0,1.0,99.8,0.2
2026-05-30 00:29:43,twist,1,4914,success,12,0.334,0.8939,0,97.96,1.85,99.0,1.0,99.8,0.2
2026-05-30 00:29:52,twist,1,4915,success,8,1.1056,0.553,0,97.97,1.85,99.0,1.0,99.8,0.2
2026-05-30 00:30:00,twist,1,4916,success,6,0.3837,1.6228,0,97.97,1.85,99.0,1.0,99.8,0.2
2026-05-30 00:30:11,twist,1,4917,success,10,0.4991,1.4586,0,97.97,1.85,99.0,1.0,99.8,0.2
