datetime,odometry_mode,stage,episode,outcome,steps_to_goal,path_directness,min_obstacle_dist,near_collisions,success_rate,collision_rate,rolling_success_rate_100,rolling_collision_rate_100,rolling_success_rate_500,rolling_collision_rate_500
2026-05-30 00:34:10,delta,1,1,collision,-1,0.7477,0.1989,13,0.0,100.0,0.0,100.0,0.0,100.0
2026-05-30 00:34:22,delta,1,2,collision,-1,0.4411,0.1871,14,0.0,100.0,0.0,100.0,0.0,100.0
2026-05-30 01:46:40,delta,1,3,collision,-1,0.1692,0.12,1,0.0,100.0,0.0,100.0,0.0,100.0
2026-05-30 01:48:06,delta,1,4,collision,-1,0.1511,0.12,1,0.0,100.0,0.0,100.0,0.0,100.0
2026-05-30 01:49:16,delta,1,5,collision,-1,0.1575,0.12,1,0.0,100.0,0.0,100.0,0.0,100.0
2026-05-30 01:49:44,delta,1,6,collision,-1,0.4274,0.12,1,0.0,100.0,0.0,100.0,0.0,100.0
2026-05-30 01:50:33,delta,1,7,collision,-1,0.1405,0.12,3,0.0,100.0,0.0,100.0,0.0,100.0
2026-05-30 01:51:10,delta,1,8,success,34,0.1604,1.0122,0,12.5,87.5,12.5,87.5,12.5,87.5
2026-05-30 01:51:40,delta,1,9,success,28,0.2905,0.3165,0,22.22,77.78,22.22,77.78,22.22,77.78
2026-05-30 01:52:17,delta,1,10,collision,-1,0.1974,0.12,3,20.0,80.0,20.0,80.0,20.0,80.0
2026-05-30 01:53:47,delta,1,11,collision,-1,0.1196,0.1728,2,18.18,81.82,18.18,81.82,18.18,81.82
2026-05-30 01:54:35,delta,1,12,success,44,0.135,1.2698,0,25.0,75.0,25.0,75.0,25.0,75.0
2026-05-30 01:55:25,delta,1,13,success,46,0.114,0.5545,0,30.77,69.23,30.77,69.23,30.77,69.23
2026-05-30 01:55:41,delta,1,14,collision,-1,0.685,0.12,1,28.57,71.43,28.57,71.43,28.57,71.43
2026-05-30 01:56:04,delta,1,15,collision,-1,0.4466,0.1599,1,26.67,73.33,26.67,73.33,26.67,73.33
2026-05-30 01:57:08,delta,1,16,collision,-1,0.0699,0.12,1,25.0,75.0,25.0,75.0,25.0,75.0
2026-05-30 01:57:18,delta,1,17,success,8,0.4073,1.2599,0,29.41,70.59,29.41,70.59,29.41,70.59
2026-05-30 01:58:49,delta,1,18,collision,-1,0.0557,0.1816,2,27.78,72.22,27.78,72.22,27.78,72.22
2026-05-30 02:00:16,delta,1,19,collision,-1,0.1218,0.1268,1,26.32,73.68,26.32,73.68,26.32,73.68
2026-05-30 02:01:16,delta,1,20,collision,-1,0.1289,0.1947,2,25.0,75.0,25.0,75.0,25.0,75.0
2026-05-30 02:02:50,delta,1,21,success,85,0.0841,1.1372,0,28.57,71.43,28.57,71.43,28.57,71.43
2026-05-30 02:03:08,delta,1,22,success,16,0.5326,0.3267,0,31.82,68.18,31.82,68.18,31.82,68.18
2026-05-30 02:05:02,delta,1,23,collision,-1,0.1175,0.1723,5,30.43,69.57,30.43,69.57,30.43,69.57
2026-05-30 02:05:05,delta,1,24,success,2,1.4997,1.8797,0,33.33,66.67,33.33,66.67,33.33,66.67
2026-05-30 02:06:19,delta,1,25,success,68,0.0823,0.6959,0,36.0,64.0,36.0,64.0,36.0,64.0
2026-05-30 02:06:54,delta,1,26,success,30,0.319,0.757,0,38.46,61.54,38.46,61.54,38.46,61.54
2026-05-30 02:07:16,delta,1,27,collision,-1,0.4318,0.12,1,37.04,62.96,37.04,62.96,37.04,62.96
2026-05-30 02:08:30,delta,1,28,collision,-1,0.1471,0.1681,1,35.71,64.29,35.71,64.29,35.71,64.29
2026-05-30 02:09:15,delta,1,29,success,40,0.198,0.7492,0,37.93,62.07,37.93,62.07,37.93,62.07
2026-05-30 02:10:31,delta,1,30,collision,-1,0.1339,0.12,1,36.67,63.33,36.67,63.33,36.67,63.33
2026-05-30 02:11:02,delta,1,31,success,28,0.2871,0.659,0,38.71,61.29,38.71,61.29,38.71,61.29
2026-05-30 02:12:00,delta,1,32,collision,-1,0.1243,0.1531,1,37.5,62.5,37.5,62.5,37.5,62.5
2026-05-30 02:15:47,delta,1,33,collision,-1,0.0445,0.1362,1,36.36,63.64,36.36,63.64,36.36,63.64
2026-05-30 02:20:13,delta,1,34,timeout,-1,0.0304,0.7126,0,35.29,61.76,35.29,61.76,35.29,61.76
2026-05-30 02:21:10,delta,1,35,collision,-1,0.1439,0.1577,1,34.29,62.86,34.29,62.86,34.29,62.86
2026-05-30 02:23:49,delta,1,36,collision,-1,0.0624,0.1637,1,33.33,63.89,33.33,63.89,33.33,63.89
2026-05-30 02:24:45,delta,1,37,collision,-1,0.1684,0.12,1,32.43,64.86,32.43,64.86,32.43,64.86
2026-05-30 02:25:21,delta,1,38,success,32,0.2781,0.6315,0,34.21,63.16,34.21,63.16,34.21,63.16
2026-05-30 02:29:24,delta,1,39,collision,-1,0.0435,0.12,3,33.33,64.1,33.33,64.1,33.33,64.1
2026-05-30 02:33:51,delta,1,40,timeout,-1,0.0407,0.6485,0,32.5,62.5,32.5,62.5,32.5,62.5
2026-05-30 02:36:35,delta,1,41,collision,-1,0.0436,0.1325,1,31.71,63.41,31.71,63.41,31.71,63.41
2026-05-30 02:39:03,delta,1,42,collision,-1,0.056,0.12,1,30.95,64.29,30.95,64.29,30.95,64.29
2026-05-30 02:43:30,delta,1,43,timeout,-1,0.0237,0.6028,0,30.23,62.79,30.23,62.79,30.23,62.79
2026-05-30 02:43:38,delta,1,44,success,5,1.0322,1.5068,0,31.82,61.36,31.82,61.36,31.82,61.36
2026-05-30 02:44:39,delta,1,45,collision,-1,0.1641,0.12,1,31.11,62.22,31.11,62.22,31.11,62.22
2026-05-30 02:46:52,delta,1,46,collision,-1,0.0679,0.12,3,30.43,63.04,30.43,63.04,30.43,63.04
2026-05-30 02:47:08,delta,1,47,collision,-1,0.6047,0.12,3,29.79,63.83,29.79,63.83,29.79,63.83
2026-05-30 02:47:47,delta,1,48,success,36,0.1657,1.3353,0,31.25,62.5,31.25,62.5,31.25,62.5
2026-05-30 02:48:53,delta,1,49,collision,-1,0.1007,0.1674,1,30.61,63.27,30.61,63.27,30.61,63.27
2026-05-30 02:51:27,delta,1,50,collision,-1,0.0518,0.12,1,30.0,64.0,30.0,64.0,30.0,64.0
2026-05-30 02:53:37,delta,1,51,success,120,0.0813,0.83,0,31.37,62.75,31.37,62.75,31.37,62.75
2026-05-30 02:54:02,delta,1,52,success,22,0.4479,0.3641,0,32.69,61.54,32.69,61.54,32.69,61.54
2026-05-30 02:55:02,delta,1,53,collision,-1,0.1796,0.1232,1,32.08,62.26,32.08,62.26,32.08,62.26
2026-05-30 02:55:29,delta,1,54,success,24,0.4801,0.5997,0,33.33,61.11,33.33,61.11,33.33,61.11
2026-05-30 02:56:10,delta,1,55,success,36,0.2115,0.5692,0,34.55,60.0,34.55,60.0,34.55,60.0
2026-05-30 02:56:26,delta,1,56,success,15,0.6124,1.0844,0,35.71,58.93,35.71,58.93,35.71,58.93
2026-05-30 02:56:55,delta,1,57,success,25,0.4012,0.7498,0,36.84,57.89,36.84,57.89,36.84,57.89
2026-05-30 02:58:08,delta,1,58,success,68,0.1223,0.4339,0,37.93,56.9,37.93,56.9,37.93,56.9
2026-05-30 02:58:42,delta,1,59,collision,-1,0.239,0.12,1,37.29,57.63,37.29,57.63,37.29,57.63
2026-05-30 03:00:25,delta,1,60,success,94,0.0928,0.6846,0,38.33,56.67,38.33,56.67,38.33,56.67
2026-05-30 03:01:08,delta,1,61,success,46,0.217,0.4021,0,39.34,55.74,39.34,55.74,39.34,55.74
2026-05-30 03:01:15,delta,1,62,success,6,0.9583,1.1617,0,40.32,54.84,40.32,54.84,40.32,54.84
2026-05-30 03:01:23,delta,1,63,success,8,0.9723,1.3123,0,41.27,53.97,41.27,53.97,41.27,53.97
2026-05-30 03:01:32,delta,1,64,success,8,1.1306,1.2335,0,42.19,53.12,42.19,53.12,42.19,53.12
2026-05-30 03:04:19,delta,1,65,success,186,0.039,0.7932,0,43.08,52.31,43.08,52.31,43.08,52.31
2026-05-30 03:07:56,delta,1,66,timeout,-1,0.0446,0.6657,0,42.42,51.52,42.42,51.52,42.42,51.52
2026-05-30 03:09:15,delta,1,67,success,89,0.0527,0.9966,0,43.28,50.75,43.28,50.75,43.28,50.75
2026-05-30 03:12:53,delta,1,68,timeout,-1,0.0392,0.8234,0,42.65,50.0,42.65,50.0,42.65,50.0
2026-05-30 03:15:57,delta,1,69,success,170,0.034,0.6447,0,43.48,49.28,43.48,49.28,43.48,49.28
2026-05-30 03:19:29,delta,1,70,timeout,-1,0.0313,1.0748,0,42.86,48.57,42.86,48.57,42.86,48.57
2026-05-30 03:23:10,delta,1,71,timeout,-1,0.0281,0.3111,0,42.25,47.89,42.25,47.89,42.25,47.89
2026-05-30 03:26:48,delta,1,72,timeout,-1,0.0378,0.3327,0,41.67,47.22,41.67,47.22,41.67,47.22
2026-05-30 03:30:31,delta,1,73,timeout,-1,0.0307,0.8986,0,41.1,46.58,41.1,46.58,41.1,46.58
2026-05-30 03:30:40,delta,1,74,success,8,0.8866,1.3095,0,41.89,45.95,41.89,45.95,41.89,45.95
2026-05-30 03:30:55,delta,1,75,success,16,0.3011,1.3948,0,42.67,45.33,42.67,45.33,42.67,45.33
2026-05-30 03:34:38,delta,1,76,timeout,-1,0.0394,0.9467,0,42.11,44.74,42.11,44.74,42.11,44.74
2026-05-30 03:36:48,delta,1,77,success,143,0.0549,0.796,0,42.86,44.16,42.86,44.16,42.86,44.16
2026-05-30 03:38:11,delta,1,78,success,92,0.0627,1.0868,0,43.59,43.59,43.59,43.59,43.59,43.59
2026-05-30 03:41:42,delta,1,79,success,232,0.0369,0.3589,0,44.3,43.04,44.3,43.04,44.3,43.04
2026-05-30 03:42:07,delta,1,80,success,26,0.3056,0.6166,0,45.0,42.5,45.0,42.5,45.0,42.5
2026-05-30 03:43:35,delta,1,81,success,96,0.0667,0.2074,4,45.68,41.98,45.68,41.98,45.68,41.98
2026-05-30 03:44:01,delta,1,82,success,28,0.2242,0.7457,0,46.34,41.46,46.34,41.46,46.34,41.46
2026-05-30 03:44:57,delta,1,83,success,60,0.14,0.6147,0,46.99,40.96,46.99,40.96,46.99,40.96
2026-05-30 03:45:45,delta,1,84,success,52,0.1092,0.6359,0,47.62,40.48,47.62,40.48,47.62,40.48
2026-05-30 03:45:58,delta,1,85,collision,-1,0.7158,0.1867,1,47.06,41.18,47.06,41.18,47.06,41.18
2026-05-30 03:46:09,delta,1,86,success,10,0.8443,0.5505,0,47.67,40.7,47.67,40.7,47.67,40.7
2026-05-30 03:46:21,delta,1,87,success,12,0.698,0.9427,0,48.28,40.23,48.28,40.23,48.28,40.23
2026-05-30 03:46:33,delta,1,88,success,12,0.5658,0.9758,0,48.86,39.77,48.86,39.77,48.86,39.77
2026-05-30 03:46:45,delta,1,89,success,12,0.6257,0.8314,0,49.44,39.33,49.44,39.33,49.44,39.33
2026-05-30 03:47:01,delta,1,90,success,16,0.3389,0.7074,0,50.0,38.89,50.0,38.89,50.0,38.89
2026-05-30 03:47:08,delta,1,91,success,6,0.6973,1.1174,0,50.55,38.46,50.55,38.46,50.55,38.46
2026-05-30 03:47:21,delta,1,92,success,12,0.9187,0.7934,0,51.09,38.04,51.09,38.04,51.09,38.04
2026-05-30 03:47:48,delta,1,93,collision,-1,0.3801,0.12,1,50.54,38.71,50.54,38.71,50.54,38.71
2026-05-30 03:47:56,delta,1,94,success,8,0.8816,1.1643,0,51.06,38.3,51.06,38.3,51.06,38.3
2026-05-30 03:48:52,delta,1,95,success,60,0.1522,0.7362,0,51.58,37.89,51.58,37.89,51.58,37.89
2026-05-30 03:49:08,delta,1,96,success,16,0.3931,1.1592,0,52.08,37.5,52.08,37.5,52.08,37.5
2026-05-30 03:49:24,delta,1,97,success,16,0.7047,1.1818,0,52.58,37.11,52.58,37.11,52.58,37.11
2026-05-30 03:49:41,delta,1,98,success,18,0.5068,0.4269,0,53.06,36.73,53.06,36.73,53.06,36.73
2026-05-30 03:50:19,delta,1,99,success,40,0.0933,0.9462,0,53.54,36.36,53.54,36.36,53.54,36.36
2026-05-30 03:50:49,delta,1,100,success,32,0.2517,0.3251,0,54.0,36.0,54.0,36.0,54.0,36.0
2026-05-30 03:50:59,delta,1,101,success,11,0.9524,0.7709,0,54.46,35.64,55.0,35.0,54.46,35.64
2026-05-30 03:51:12,delta,1,102,success,11,0.5863,0.5965,0,54.9,35.29,56.0,34.0,54.9,35.29
2026-05-30 03:51:19,delta,1,103,success,6,1.1143,1.4125,0,55.34,34.95,57.0,33.0,55.34,34.95
2026-05-30 03:51:30,delta,1,104,collision,-1,0.7591,0.12,1,54.81,35.58,57.0,33.0,54.81,35.58
2026-05-30 03:51:44,delta,1,105,success,14,0.6723,0.6851,0,55.24,35.24,58.0,32.0,55.24,35.24
2026-05-30 03:52:02,delta,1,106,success,18,0.6307,0.2202,4,55.66,34.91,59.0,31.0,55.66,34.91
2026-05-30 03:52:17,delta,1,107,success,14,0.6455,0.934,0,56.07,34.58,60.0,30.0,56.07,34.58
2026-05-30 03:52:45,delta,1,108,success,30,0.2697,0.5997,0,56.48,34.26,60.0,30.0,56.48,34.26
2026-05-30 03:53:04,delta,1,109,success,20,0.4579,0.8394,0,56.88,33.94,60.0,30.0,56.88,33.94
2026-05-30 03:53:24,delta,1,110,success,20,0.7917,0.2171,1,57.27,33.64,61.0,29.0,57.27,33.64
2026-05-30 03:53:41,delta,1,111,success,18,0.8226,0.984,0,57.66,33.33,62.0,28.0,57.66,33.33
2026-05-30 03:53:51,delta,1,112,success,8,1.055,1.1008,0,58.04,33.04,62.0,28.0,58.04,33.04
2026-05-30 03:54:03,delta,1,113,success,12,0.5227,1.2927,0,58.41,32.74,62.0,28.0,58.41,32.74
2026-05-30 03:54:57,delta,1,114,success,58,0.1612,0.2065,2,58.77,32.46,63.0,27.0,58.77,32.46
2026-05-30 03:55:18,delta,1,115,success,22,0.6531,0.8615,0,59.13,32.17,64.0,26.0,59.13,32.17
2026-05-30 03:55:33,delta,1,116,success,16,0.512,0.6603,0,59.48,31.9,65.0,25.0,59.48,31.9
2026-05-30 03:55:46,delta,1,117,success,12,0.8462,0.9544,0,59.83,31.62,65.0,25.0,59.83,31.62
2026-05-30 03:56:11,delta,1,118,success,26,0.2868,0.7097,0,60.17,31.36,66.0,24.0,60.17,31.36
2026-05-30 03:56:33,delta,1,119,success,24,0.5473,0.3059,0,60.5,31.09,67.0,23.0,60.5,31.09
2026-05-30 03:56:42,delta,1,120,success,8,0.9166,0.4874,0,60.83,30.83,68.0,22.0,60.83,30.83
2026-05-30 03:57:27,delta,1,121,collision,-1,0.2611,0.1366,5,60.33,31.4,67.0,23.0,60.33,31.4
2026-05-30 03:57:38,delta,1,122,success,11,0.5404,1.1234,0,60.66,31.15,67.0,23.0,60.66,31.15
2026-05-30 03:58:09,delta,1,123,success,33,0.5695,0.5054,0,60.98,30.89,68.0,22.0,60.98,30.89
2026-05-30 03:58:21,delta,1,124,success,12,0.3991,0.9753,0,61.29,30.65,68.0,22.0,61.29,30.65
2026-05-30 03:58:32,delta,1,125,success,10,0.9465,0.6024,0,61.6,30.4,68.0,22.0,61.6,30.4
2026-05-30 03:58:39,delta,1,126,success,6,0.8627,1.1216,0,61.9,30.16,68.0,22.0,61.9,30.16
2026-05-30 03:58:52,delta,1,127,success,12,0.6979,1.1091,0,62.2,29.92,69.0,21.0,62.2,29.92
2026-05-30 03:59:11,delta,1,128,success,20,0.2495,1.4382,0,62.5,29.69,70.0,20.0,62.5,29.69
2026-05-30 03:59:38,delta,1,129,success,28,0.4143,0.5859,0,62.79,29.46,70.0,20.0,62.79,29.46
2026-05-30 03:59:54,delta,1,130,success,16,0.7149,0.5898,0,63.08,29.23,71.0,19.0,63.08,29.23
2026-05-30 04:00:24,delta,1,131,success,32,0.2851,0.9054,0,63.36,29.01,71.0,19.0,63.36,29.01
2026-05-30 04:00:29,delta,1,132,success,5,1.0638,1.7193,0,63.64,28.79,72.0,18.0,63.64,28.79
2026-05-30 04:00:45,delta,1,133,success,15,0.4125,1.0816,0,63.91,28.57,73.0,17.0,63.91,28.57
2026-05-30 04:00:57,delta,1,134,success,12,0.5324,0.9793,0,64.18,28.36,74.0,17.0,64.18,28.36
2026-05-30 04:01:08,delta,1,135,success,10,0.9353,0.6133,0,64.44,28.15,75.0,16.0,64.44,28.15
2026-05-30 04:01:32,delta,1,136,success,26,0.2086,0.9298,0,64.71,27.94,76.0,15.0,64.71,27.94
2026-05-30 04:01:50,delta,1,137,success,18,0.3383,1.1799,0,64.96,27.74,77.0,14.0,64.96,27.74
2026-05-30 04:02:02,delta,1,138,success,12,1.0472,0.9228,0,65.22,27.54,77.0,14.0,65.22,27.54
2026-05-30 04:02:15,delta,1,139,success,12,0.5327,0.8628,0,65.47,27.34,78.0,13.0,65.47,27.34
2026-05-30 04:02:22,delta,1,140,success,6,1.0329,1.376,0,65.71,27.14,79.0,13.0,65.71,27.14
2026-05-30 04:02:29,delta,1,141,success,6,0.9692,1.3927,0,65.96,26.95,80.0,12.0,65.96,26.95
2026-05-30 04:02:43,delta,1,142,success,14,0.4454,1.3877,0,66.2,26.76,81.0,11.0,66.2,26.76
2026-05-30 04:02:57,delta,1,143,success,14,0.8853,0.6729,0,66.43,26.57,82.0,11.0,66.43,26.57
2026-05-30 04:03:19,delta,1,144,success,22,0.2807,1.0865,0,66.67,26.39,82.0,11.0,66.67,26.39
2026-05-30 04:03:31,delta,1,145,success,12,0.8871,0.6365,0,66.9,26.21,83.0,10.0,66.9,26.21
2026-05-30 04:03:58,delta,1,146,success,28,0.1372,1.1067,0,67.12,26.03,84.0,9.0,67.12,26.03
2026-05-30 04:04:21,delta,1,147,success,24,0.4057,0.7732,0,67.35,25.85,85.0,8.0,67.35,25.85
2026-05-30 04:04:26,delta,1,148,success,4,1.4642,1.621,0,67.57,25.68,85.0,8.0,67.57,25.68
2026-05-30 04:04:35,delta,1,149,success,8,0.9462,1.3851,0,67.79,25.5,86.0,7.0,67.79,25.5
2026-05-30 04:04:40,delta,1,150,success,4,1.0749,1.5428,0,68.0,25.33,87.0,6.0,68.0,25.33
2026-05-30 04:04:56,delta,1,151,success,16,0.4504,1.0424,0,68.21,25.17,87.0,6.0,68.21,25.17
2026-05-30 04:05:12,delta,1,152,success,17,0.7917,0.9214,0,68.42,25.0,87.0,6.0,68.42,25.0
2026-05-30 04:05:27,delta,1,153,success,15,0.6211,1.0903,0,68.63,24.84,88.0,5.0,68.63,24.84
2026-05-30 04:05:56,delta,1,154,success,30,0.3005,0.4457,0,68.83,24.68,88.0,5.0,68.83,24.68
2026-05-30 04:06:14,delta,1,155,success,18,0.3541,0.6888,0,69.03,24.52,88.0,5.0,69.03,24.52
2026-05-30 04:06:27,delta,1,156,success,12,0.4272,1.215,0,69.23,24.36,88.0,5.0,69.23,24.36
2026-05-30 04:06:36,delta,1,157,success,8,0.8409,0.6687,0,69.43,24.2,88.0,5.0,69.43,24.2
2026-05-30 04:06:46,delta,1,158,success,10,1.0004,0.9709,0,69.62,24.05,88.0,5.0,69.62,24.05
2026-05-30 04:06:53,delta,1,159,success,6,1.1342,1.5203,0,69.81,23.9,89.0,4.0,69.81,23.9
2026-05-30 04:07:04,delta,1,160,success,10,0.6507,0.7973,0,70.0,23.75,89.0,4.0,70.0,23.75
2026-05-30 04:07:24,delta,1,161,success,20,0.3188,0.7812,0,70.19,23.6,89.0,4.0,70.19,23.6
2026-05-30 04:07:36,delta,1,162,success,12,0.2723,1.3146,0,70.37,23.46,89.0,4.0,70.37,23.46
2026-05-30 04:07:42,delta,1,163,success,6,1.152,1.367,0,70.55,23.31,89.0,4.0,70.55,23.31
2026-05-30 04:07:55,delta,1,164,success,12,0.3392,1.458,0,70.73,23.17,89.0,4.0,70.73,23.17
2026-05-30 04:08:09,delta,1,165,success,14,0.5337,1.1283,0,70.91,23.03,89.0,4.0,70.91,23.03
2026-05-30 04:08:14,delta,1,166,success,4,1.5021,1.8393,0,71.08,22.89,90.0,4.0,71.08,22.89
2026-05-30 04:08:23,delta,1,167,success,8,0.7444,0.8578,0,71.26,22.75,90.0,4.0,71.26,22.75
2026-05-30 04:08:32,delta,1,168,success,8,0.9562,1.752,0,71.43,22.62,91.0,4.0,71.43,22.62
2026-05-30 04:08:42,delta,1,169,success,10,0.4078,1.3636,0,71.6,22.49,91.0,4.0,71.6,22.49
2026-05-30 04:08:55,delta,1,170,success,12,0.7133,0.5555,0,71.76,22.35,92.0,4.0,71.76,22.35
2026-05-30 04:09:08,delta,1,171,success,12,0.8849,0.7389,0,71.93,22.22,93.0,4.0,71.93,22.22
2026-05-30 04:09:22,delta,1,172,success,14,0.6966,0.5501,0,72.09,22.09,94.0,4.0,72.09,22.09
2026-05-30 04:09:32,delta,1,173,success,10,0.7575,0.9061,0,72.25,21.97,95.0,4.0,72.25,21.97
2026-05-30 04:09:47,delta,1,174,success,14,0.6611,0.7946,0,72.41,21.84,95.0,4.0,72.41,21.84
2026-05-30 04:10:07,delta,1,175,collision,-1,0.4983,0.161,1,72.0,22.29,94.0,5.0,72.0,22.29
2026-05-30 04:10:12,delta,1,176,success,4,1.1647,1.6025,0,72.16,22.16,95.0,5.0,72.16,22.16
2026-05-30 04:10:25,delta,1,177,success,12,0.723,0.7585,0,72.32,22.03,95.0,5.0,72.32,22.03
2026-05-30 04:10:37,delta,1,178,success,12,0.7705,0.9145,0,72.47,21.91,95.0,5.0,72.47,21.91
2026-05-30 04:10:52,delta,1,179,collision,-1,0.6387,0.12,1,72.07,22.35,94.0,6.0,72.07,22.35
2026-05-30 04:11:00,delta,1,180,success,8,0.9829,1.5708,0,72.22,22.22,94.0,6.0,72.22,22.22
2026-05-30 04:11:11,delta,1,181,success,10,0.5874,1.2188,0,72.38,22.1,94.0,6.0,72.38,22.1
2026-05-30 04:11:23,delta,1,182,success,12,0.5103,1.0134,0,72.53,21.98,94.0,6.0,72.53,21.98
2026-05-30 04:11:45,delta,1,183,success,22,0.314,1.1971,0,72.68,21.86,94.0,6.0,72.68,21.86
2026-05-30 04:11:52,delta,1,184,success,6,1.1375,1.1214,0,72.83,21.74,94.0,6.0,72.83,21.74
2026-05-30 04:11:59,delta,1,185,success,6,0.7653,1.557,0,72.97,21.62,95.0,5.0,72.97,21.62
2026-05-30 04:12:06,delta,1,186,success,6,0.8673,1.1067,0,73.12,21.51,95.0,5.0,73.12,21.51
2026-05-30 04:12:18,delta,1,187,success,12,0.7989,0.9747,0,73.26,21.39,95.0,5.0,73.26,21.39
2026-05-30 04:12:25,delta,1,188,success,6,1.0837,1.4112,0,73.4,21.28,95.0,5.0,73.4,21.28
2026-05-30 04:12:34,delta,1,189,success,8,0.8543,1.2439,0,73.54,21.16,95.0,5.0,73.54,21.16
2026-05-30 04:12:46,delta,1,190,success,12,0.9434,1.3442,0,73.68,21.05,95.0,5.0,73.68,21.05
2026-05-30 04:12:57,delta,1,191,success,10,0.9482,0.7259,0,73.82,20.94,95.0,5.0,73.82,20.94
2026-05-30 04:13:20,delta,1,192,collision,-1,0.3387,0.1948,1,73.44,21.35,94.0,6.0,73.44,21.35
2026-05-30 04:13:36,delta,1,193,success,16,0.5538,0.6515,0,73.58,21.24,95.0,5.0,73.58,21.24
2026-05-30 04:13:50,delta,1,194,success,14,0.6018,0.3223,0,73.71,21.13,95.0,5.0,73.71,21.13
2026-05-30 04:13:59,delta,1,195,success,8,0.9033,1.3699,0,73.85,21.03,95.0,5.0,73.85,21.03
2026-05-30 04:14:07,delta,1,196,success,8,0.9702,1.3204,0,73.98,20.92,95.0,5.0,73.98,20.92
2026-05-30 04:14:21,delta,1,197,success,14,1.0115,0.6596,0,74.11,20.81,95.0,5.0,74.11,20.81
2026-05-30 04:14:34,delta,1,198,success,12,1.0289,0.7638,0,74.24,20.71,95.0,5.0,74.24,20.71
2026-05-30 04:14:41,delta,1,199,success,6,0.8563,1.3577,0,74.37,20.6,95.0,5.0,74.37,20.6
2026-05-30 04:14:57,delta,1,200,success,16,0.7173,0.9045,0,74.5,20.5,95.0,5.0,74.5,20.5
2026-05-30 04:15:18,delta,1,201,success,22,0.4384,0.6105,0,74.63,20.4,95.0,5.0,74.63,20.4
2026-05-30 04:15:25,delta,1,202,success,6,1.1719,1.1916,0,74.75,20.3,95.0,5.0,74.75,20.3
2026-05-30 04:15:32,delta,1,203,success,6,1.0503,1.2987,0,74.88,20.2,95.0,5.0,74.88,20.2
2026-05-30 04:15:46,delta,1,204,success,14,0.6928,0.4235,0,75.0,20.1,96.0,4.0,75.0,20.1
2026-05-30 04:15:53,delta,1,205,success,6,1.1404,1.0777,0,75.12,20.0,96.0,4.0,75.12,20.0
2026-05-30 04:16:13,delta,1,206,success,20,0.349,0.9163,0,75.24,19.9,96.0,4.0,75.24,19.9
2026-05-30 04:16:21,delta,1,207,success,8,1.0909,1.0829,0,75.36,19.81,96.0,4.0,75.36,19.81
2026-05-30 04:16:32,delta,1,208,success,10,0.8665,0.8932,0,75.48,19.71,96.0,4.0,75.48,19.71
2026-05-30 04:16:49,delta,1,209,success,18,0.4909,0.8398,0,75.6,19.62,96.0,4.0,75.6,19.62
2026-05-30 04:17:03,delta,1,210,success,14,0.382,1.0931,0,75.71,19.52,96.0,4.0,75.71,19.52
2026-05-30 04:17:15,delta,1,211,success,12,0.6147,1.1526,0,75.83,19.43,96.0,4.0,75.83,19.43
2026-05-30 04:17:22,delta,1,212,success,6,1.0065,1.5275,0,75.94,19.34,96.0,4.0,75.94,19.34
2026-05-30 04:17:43,delta,1,213,collision,-1,0.3196,0.12,1,75.59,19.72,95.0,5.0,75.59,19.72
2026-05-30 04:17:55,delta,1,214,success,12,0.4499,1.3209,0,75.7,19.63,95.0,5.0,75.7,19.63
2026-05-30 04:18:10,delta,1,215,success,14,0.8796,0.4724,0,75.81,19.53,95.0,5.0,75.81,19.53
2026-05-30 04:18:24,delta,1,216,success,14,0.8795,0.5841,0,75.93,19.44,95.0,5.0,75.93,19.44
2026-05-30 04:18:30,delta,1,217,success,6,0.6505,1.3014,0,76.04,19.35,95.0,5.0,76.04,19.35
2026-05-30 04:18:48,delta,1,218,success,18,0.4912,0.3421,0,76.15,19.27,95.0,5.0,76.15,19.27
2026-05-30 04:19:16,delta,1,219,success,28,0.2794,0.2277,2,76.26,19.18,95.0,5.0,76.26,19.18
2026-05-30 04:19:30,delta,1,220,success,14,0.6458,0.7727,0,76.36,19.09,95.0,5.0,76.36,19.09
2026-05-30 04:19:42,delta,1,221,success,12,0.6959,0.9883,0,76.47,19.0,96.0,4.0,76.47,19.0
2026-05-30 04:19:53,delta,1,222,success,10,0.7494,1.0012,0,76.58,18.92,96.0,4.0,76.58,18.92
2026-05-30 04:20:02,delta,1,223,success,8,0.9376,1.0151,0,76.68,18.83,96.0,4.0,76.68,18.83
2026-05-30 04:20:09,delta,1,224,success,6,0.6335,1.3277,0,76.79,18.75,96.0,4.0,76.79,18.75
2026-05-30 04:20:18,delta,1,225,success,8,1.0903,0.8917,0,76.89,18.67,96.0,4.0,76.89,18.67
2026-05-30 04:20:38,delta,1,226,success,20,0.31,1.2271,0,76.99,18.58,96.0,4.0,76.99,18.58
2026-05-30 04:20:52,delta,1,227,success,14,0.5916,1.0904,0,77.09,18.5,96.0,4.0,77.09,18.5
2026-05-30 04:21:07,delta,1,228,collision,-1,0.4819,0.1385,1,76.75,18.86,95.0,5.0,76.75,18.86
2026-05-30 04:21:19,delta,1,229,success,12,0.2887,1.2278,0,76.86,18.78,95.0,5.0,76.86,18.78
2026-05-30 04:21:30,delta,1,230,success,10,0.9527,1.4799,0,76.96,18.7,95.0,5.0,76.96,18.7
2026-05-30 04:21:35,delta,1,231,success,4,1.0368,1.615,0,77.06,18.61,95.0,5.0,77.06,18.61
2026-05-30 04:21:48,delta,1,232,success,12,0.5574,1.13,0,77.16,18.53,95.0,5.0,77.16,18.53
2026-05-30 04:21:58,delta,1,233,success,10,0.8143,0.6299,0,77.25,18.45,95.0,5.0,77.25,18.45
2026-05-30 04:22:05,delta,1,234,success,6,1.1515,1.6272,0,77.35,18.38,95.0,5.0,77.35,18.38
2026-05-30 04:22:27,delta,1,235,success,22,0.221,0.7833,0,77.45,18.3,95.0,5.0,77.45,18.3
2026-05-30 04:22:32,delta,1,236,success,4,1.1996,1.6272,0,77.54,18.22,95.0,5.0,77.54,18.22
2026-05-30 04:22:43,delta,1,237,success,10,0.7237,0.9784,0,77.64,18.14,95.0,5.0,77.64,18.14
2026-05-30 04:23:00,delta,1,238,success,18,0.4965,1.1284,0,77.73,18.07,95.0,5.0,77.73,18.07
2026-05-30 04:23:11,delta,1,239,success,10,0.8115,0.9134,0,77.82,17.99,95.0,5.0,77.82,17.99
2026-05-30 04:23:24,delta,1,240,success,12,0.2943,1.2919,0,77.92,17.92,95.0,5.0,77.92,17.92
2026-05-30 04:23:31,delta,1,241,success,6,0.8678,1.6836,0,78.01,17.84,95.0,5.0,78.01,17.84
2026-05-30 04:23:41,delta,1,242,success,10,0.698,0.8628,0,78.1,17.77,95.0,5.0,78.1,17.77
2026-05-30 04:23:52,delta,1,243,success,11,0.5892,1.7376,0,78.19,17.7,95.0,5.0,78.19,17.7
2026-05-30 04:24:01,delta,1,244,success,7,0.9793,1.2608,0,78.28,17.62,95.0,5.0,78.28,17.62
2026-05-30 04:24:12,delta,1,245,success,10,0.3674,1.0141,0,78.37,17.55,95.0,5.0,78.37,17.55
2026-05-30 04:24:24,delta,1,246,success,12,0.6461,0.9873,0,78.46,17.48,95.0,5.0,78.46,17.48
2026-05-30 04:24:39,delta,1,247,success,14,0.5208,0.4493,0,78.54,17.41,95.0,5.0,78.54,17.41
2026-05-30 04:24:56,delta,1,248,success,18,0.4074,1.2905,0,78.63,17.34,95.0,5.0,78.63,17.34
2026-05-30 04:25:04,delta,1,249,success,6,1.0507,0.7761,0,78.71,17.27,95.0,5.0,78.71,17.27
2026-05-30 04:25:22,delta,1,250,success,18,0.584,0.8109,0,78.8,17.2,95.0,5.0,78.8,17.2
2026-05-30 04:25:29,delta,1,251,success,6,1.189,1.4127,0,78.88,17.13,95.0,5.0,78.88,17.13
2026-05-30 04:25:40,delta,1,252,success,10,0.6069,1.1742,0,78.97,17.06,95.0,5.0,78.97,17.06
2026-05-30 04:25:53,delta,1,253,success,12,0.6355,0.6271,0,79.05,17.0,95.0,5.0,79.05,17.0
2026-05-30 04:26:02,delta,1,254,success,8,0.8538,0.8574,0,79.13,16.93,95.0,5.0,79.13,16.93
2026-05-30 04:26:15,delta,1,255,success,12,0.7633,1.1701,0,79.22,16.86,95.0,5.0,79.22,16.86
2026-05-30 04:26:26,delta,1,256,success,10,0.8749,0.4631,0,79.3,16.8,95.0,5.0,79.3,16.8
2026-05-30 04:26:36,delta,1,257,success,10,0.4686,1.2616,0,79.38,16.73,95.0,5.0,79.38,16.73
2026-05-30 04:26:45,delta,1,258,success,8,1.0679,0.8272,0,79.46,16.67,95.0,5.0,79.46,16.67
2026-05-30 04:26:56,delta,1,259,success,10,0.7556,1.162,0,79.54,16.6,95.0,5.0,79.54,16.6
2026-05-30 04:27:20,delta,1,260,success,24,0.2349,0.7346,0,79.62,16.54,95.0,5.0,79.62,16.54
2026-05-30 04:27:27,delta,1,261,success,7,1.1845,1.4091,0,79.69,16.48,95.0,5.0,79.69,16.48
2026-05-30 04:27:41,delta,1,262,success,13,0.5536,0.9043,0,79.77,16.41,95.0,5.0,79.77,16.41
2026-05-30 04:27:55,delta,1,263,success,14,0.8438,0.5921,0,79.85,16.35,95.0,5.0,79.85,16.35
2026-05-30 04:28:06,delta,1,264,success,10,1.095,0.9072,0,79.92,16.29,95.0,5.0,79.92,16.29
2026-05-30 04:28:12,delta,1,265,success,4,1.1541,1.6035,0,80.0,16.23,95.0,5.0,80.0,16.23
2026-05-30 04:28:24,delta,1,266,success,12,0.4475,1.4115,0,80.08,16.17,95.0,5.0,80.08,16.17
2026-05-30 04:28:33,delta,1,267,success,8,0.5086,1.356,0,80.15,16.1,95.0,5.0,80.15,16.1
2026-05-30 04:28:38,delta,1,268,success,4,0.8042,1.5472,0,80.22,16.04,95.0,5.0,80.22,16.04
2026-05-30 04:28:56,delta,1,269,success,18,0.5273,0.738,0,80.3,15.99,95.0,5.0,80.3,15.99
2026-05-30 04:29:09,delta,1,270,success,12,0.7305,0.3507,0,80.37,15.93,95.0,5.0,80.37,15.93
2026-05-30 04:29:24,delta,1,271,success,16,0.6103,0.726,0,80.44,15.87,95.0,5.0,80.44,15.87
2026-05-30 04:29:38,delta,1,272,success,14,0.5476,0.9399,0,80.51,15.81,95.0,5.0,80.51,15.81
2026-05-30 04:29:53,delta,1,273,success,14,0.7944,0.7307,0,80.59,15.75,95.0,5.0,80.59,15.75
2026-05-30 04:30:02,delta,1,274,success,8,1.0687,1.167,0,80.66,15.69,95.0,5.0,80.66,15.69
2026-05-30 04:30:18,delta,1,275,success,16,0.3747,1.2699,0,80.73,15.64,96.0,4.0,80.73,15.64
2026-05-30 04:30:27,delta,1,276,success,8,0.9533,1.4344,0,80.8,15.58,96.0,4.0,80.8,15.58
2026-05-30 04:30:37,delta,1,277,success,10,0.975,0.8691,0,80.87,15.52,96.0,4.0,80.87,15.52
2026-05-30 04:30:42,delta,1,278,success,4,0.8888,1.4518,0,80.94,15.47,96.0,4.0,80.94,15.47
2026-05-30 04:30:51,delta,1,279,success,8,0.5079,1.5411,0,81.0,15.41,97.0,3.0,81.0,15.41
2026-05-30 04:30:58,delta,1,280,success,6,1.0617,1.7706,0,81.07,15.36,97.0,3.0,81.07,15.36
2026-05-30 04:31:11,delta,1,281,success,12,0.7072,0.7884,0,81.14,15.3,97.0,3.0,81.14,15.3
2026-05-30 04:31:32,delta,1,282,collision,-1,0.5968,0.1246,1,80.85,15.6,96.0,4.0,80.85,15.6
2026-05-30 04:31:39,delta,1,283,success,6,1.2005,1.3036,0,80.92,15.55,96.0,4.0,80.92,15.55
2026-05-30 04:31:46,delta,1,284,success,6,1.2724,1.3357,0,80.99,15.49,96.0,4.0,80.99,15.49
2026-05-30 04:32:01,delta,1,285,success,14,0.4804,0.9957,0,81.05,15.44,96.0,4.0,81.05,15.44
2026-05-30 04:32:08,delta,1,286,success,6,0.9014,1.2037,0,81.12,15.38,96.0,4.0,81.12,15.38
2026-05-30 04:32:28,delta,1,287,success,20,0.7803,0.6668,0,81.18,15.33,96.0,4.0,81.18,15.33
2026-05-30 04:32:42,delta,1,288,success,15,0.5735,0.8393,0,81.25,15.28,96.0,4.0,81.25,15.28
2026-05-30 04:32:52,delta,1,289,success,9,1.1231,1.4098,0,81.31,15.22,96.0,4.0,81.31,15.22
2026-05-30 04:33:06,delta,1,290,success,14,0.8899,0.6734,0,81.38,15.17,96.0,4.0,81.38,15.17
2026-05-30 04:33:15,delta,1,291,success,8,0.8379,0.9696,0,81.44,15.12,96.0,4.0,81.44,15.12
2026-05-30 04:33:24,delta,1,292,success,8,0.5586,1.4342,0,81.51,15.07,97.0,3.0,81.51,15.07
2026-05-30 04:33:31,delta,1,293,success,6,1.083,1.1914,0,81.57,15.02,97.0,3.0,81.57,15.02
2026-05-30 04:33:48,delta,1,294,success,16,0.8,0.4338,0,81.63,14.97,97.0,3.0,81.63,14.97
2026-05-30 04:34:06,delta,1,295,success,10,0.7861,1.1958,0,81.69,14.92,97.0,3.0,81.69,14.92
2026-05-30 04:34:15,delta,1,296,success,8,0.6439,1.6027,0,81.76,14.86,97.0,3.0,81.76,14.86
2026-05-30 04:34:20,delta,1,297,success,4,1.2983,1.7993,0,81.82,14.81,97.0,3.0,81.82,14.81
2026-05-30 04:34:33,delta,1,298,success,12,0.4207,1.6206,0,81.88,14.77,97.0,3.0,81.88,14.77
2026-05-30 04:34:40,delta,1,299,success,6,0.7061,1.47,0,81.94,14.72,97.0,3.0,81.94,14.72
2026-05-30 04:34:47,delta,1,300,success,6,0.9793,0.8242,0,82.0,14.67,97.0,3.0,82.0,14.67
2026-05-30 04:35:01,delta,1,301,success,14,0.7573,0.436,0,82.06,14.62,97.0,3.0,82.06,14.62
2026-05-30 04:35:06,delta,1,302,success,4,1.0919,1.7744,0,82.12,14.57,97.0,3.0,82.12,14.57
2026-05-30 04:35:12,delta,1,303,success,4,1.0556,1.6102,0,82.18,14.52,97.0,3.0,82.18,14.52
2026-05-30 04:35:22,delta,1,304,collision,-1,0.7024,0.1884,2,81.91,14.8,96.0,4.0,81.91,14.8
2026-05-30 04:35:37,delta,1,305,success,13,1.0918,0.8288,0,81.97,14.75,96.0,4.0,81.97,14.75
2026-05-30 04:35:44,delta,1,306,success,6,1.287,1.5635,0,82.03,14.71,96.0,4.0,82.03,14.71
2026-05-30 04:35:53,delta,1,307,success,8,1.018,1.2291,0,82.08,14.66,96.0,4.0,82.08,14.66
2026-05-30 04:36:06,delta,1,308,success,12,0.9809,0.5859,0,82.14,14.61,96.0,4.0,82.14,14.61
2026-05-30 04:36:44,delta,1,309,success,38,0.1322,0.4804,0,82.2,14.56,96.0,4.0,82.2,14.56
2026-05-30 04:36:55,delta,1,310,success,10,1.0537,0.9656,0,82.26,14.52,96.0,4.0,82.26,14.52
2026-05-30 04:37:03,delta,1,311,success,8,0.9295,0.8158,0,82.32,14.47,96.0,4.0,82.32,14.47
2026-05-30 04:37:10,delta,1,312,success,6,0.9752,1.5459,0,82.37,14.42,96.0,4.0,82.37,14.42
2026-05-30 04:37:22,delta,1,313,success,10,0.5923,0.6037,0,82.43,14.38,97.0,3.0,82.43,14.38
2026-05-30 04:37:31,delta,1,314,success,8,0.8078,0.787,0,82.48,14.33,97.0,3.0,82.48,14.33
2026-05-30 04:37:40,delta,1,315,success,8,1.0937,0.7642,0,82.54,14.29,97.0,3.0,82.54,14.29
2026-05-30 04:37:55,delta,1,316,success,14,0.5869,1.0634,0,82.59,14.24,97.0,3.0,82.59,14.24
2026-05-30 04:38:04,delta,1,317,success,8,0.7819,0.3947,0,82.65,14.2,97.0,3.0,82.65,14.2
2026-05-30 04:38:09,delta,1,318,success,4,1.214,1.8201,0,82.7,14.15,97.0,3.0,82.7,14.15
2026-05-30 04:38:16,delta,1,319,success,6,0.9527,1.2229,0,82.76,14.11,97.0,3.0,82.76,14.11
2026-05-30 04:38:30,delta,1,320,collision,-1,0.8328,0.12,3,82.5,14.37,96.0,4.0,82.5,14.37
2026-05-30 04:38:44,delta,1,321,success,14,0.9671,0.9096,0,82.55,14.33,96.0,4.0,82.55,14.33
2026-05-30 04:38:59,delta,1,322,success,14,0.719,0.7865,0,82.61,14.29,96.0,4.0,82.61,14.29
2026-05-30 04:39:06,delta,1,323,success,6,1.0785,0.8217,0,82.66,14.24,96.0,4.0,82.66,14.24
2026-05-30 04:39:17,delta,1,324,success,10,0.8307,0.5877,0,82.72,14.2,96.0,4.0,82.72,14.2
2026-05-30 04:39:22,delta,1,325,success,4,1.1753,1.3409,0,82.77,14.15,96.0,4.0,82.77,14.15
2026-05-30 04:39:35,delta,1,326,success,12,0.5306,1.4318,0,82.82,14.11,96.0,4.0,82.82,14.11
2026-05-30 04:39:45,delta,1,327,success,10,0.733,0.5371,0,82.87,14.07,96.0,4.0,82.87,14.07
2026-05-30 04:39:58,delta,1,328,success,12,0.7732,1.1438,0,82.93,14.02,97.0,3.0,82.93,14.02
2026-05-30 04:40:07,delta,1,329,success,8,0.9759,1.0351,0,82.98,13.98,97.0,3.0,82.98,13.98
2026-05-30 04:40:23,delta,1,330,success,16,0.4532,1.0375,0,83.03,13.94,97.0,3.0,83.03,13.94
2026-05-30 04:40:28,delta,1,331,success,4,1.1956,1.4737,0,83.08,13.9,97.0,3.0,83.08,13.9
2026-05-30 04:40:35,delta,1,332,success,6,0.9034,1.3856,0,83.13,13.86,97.0,3.0,83.13,13.86
2026-05-30 04:40:45,delta,1,333,success,8,0.3992,1.391,0,83.18,13.81,97.0,3.0,83.18,13.81
2026-05-30 04:40:54,delta,1,334,success,8,1.0836,0.827,0,83.23,13.77,97.0,3.0,83.23,13.77
2026-05-30 04:41:02,delta,1,335,success,6,1.1167,0.8924,0,83.28,13.73,97.0,3.0,83.28,13.73
2026-05-30 04:41:16,delta,1,336,success,14,0.5883,0.12,3,83.33,13.69,97.0,3.0,83.33,13.69
2026-05-30 04:41:30,delta,1,337,success,14,0.445,1.1032,0,83.38,13.65,97.0,3.0,83.38,13.65
2026-05-30 04:41:38,delta,1,338,success,6,1.103,1.2478,0,83.43,13.61,97.0,3.0,83.43,13.61
2026-05-30 04:41:45,delta,1,339,success,6,0.9749,1.2178,0,83.48,13.57,97.0,3.0,83.48,13.57
2026-05-30 04:41:59,delta,1,340,success,12,0.5296,0.5541,0,83.53,13.53,97.0,3.0,83.53,13.53
2026-05-30 04:42:08,delta,1,341,success,8,0.9936,0.7793,0,83.58,13.49,97.0,3.0,83.58,13.49
2026-05-30 04:42:15,delta,1,342,success,6,1.0495,1.4551,0,83.63,13.45,97.0,3.0,83.63,13.45
2026-05-30 04:42:28,delta,1,343,success,12,0.6453,0.7851,0,83.67,13.41,97.0,3.0,83.67,13.41
2026-05-30 04:42:36,delta,1,344,success,8,0.9306,0.6389,0,83.72,13.37,97.0,3.0,83.72,13.37
2026-05-30 04:42:41,delta,1,345,success,4,1.2086,1.7171,0,83.77,13.33,97.0,3.0,83.77,13.33
2026-05-30 04:42:56,delta,1,346,success,14,0.5048,0.6737,0,83.82,13.29,97.0,3.0,83.82,13.29
2026-05-30 04:43:07,delta,1,347,success,10,0.8495,0.5605,0,83.86,13.26,97.0,3.0,83.86,13.26
2026-05-30 04:43:18,delta,1,348,success,10,0.7862,0.3938,0,83.91,13.22,97.0,3.0,83.91,13.22
2026-05-30 04:43:25,delta,1,349,success,6,0.6724,1.3821,0,83.95,13.18,97.0,3.0,83.95,13.18
2026-05-30 04:43:32,delta,1,350,success,6,1.0326,1.3972,0,84.0,13.14,97.0,3.0,84.0,13.14
2026-05-30 04:43:43,delta,1,351,collision,-1,0.8712,0.12,1,83.76,13.39,96.0,4.0,83.76,13.39
2026-05-30 04:43:54,delta,1,352,success,10,0.923,0.4818,0,83.81,13.35,96.0,4.0,83.81,13.35
2026-05-30 04:44:03,delta,1,353,success,8,0.8106,0.4846,0,83.85,13.31,96.0,4.0,83.85,13.31
2026-05-30 04:44:14,delta,1,354,success,10,0.8008,1.0349,0,83.9,13.28,96.0,4.0,83.9,13.28
2026-05-30 04:44:19,delta,1,355,success,4,1.0144,1.3117,0,83.94,13.24,96.0,4.0,83.94,13.24
2026-05-30 04:44:34,delta,1,356,success,14,0.5694,0.4848,0,83.99,13.2,96.0,4.0,83.99,13.2
2026-05-30 04:44:47,delta,1,357,success,12,0.774,0.4906,0,84.03,13.17,96.0,4.0,84.03,13.17
2026-05-30 04:44:56,delta,1,358,success,8,0.6928,1.06,0,84.08,13.13,96.0,4.0,84.08,13.13
2026-05-30 04:45:03,delta,1,359,success,6,1.4309,1.6047,0,84.12,13.09,96.0,4.0,84.12,13.09
2026-05-30 04:45:12,delta,1,360,success,8,0.833,1.2514,0,84.17,13.06,96.0,4.0,84.17,13.06
2026-05-30 04:45:25,delta,1,361,success,12,0.7769,0.7728,0,84.21,13.02,96.0,4.0,84.21,13.02
2026-05-30 04:45:40,delta,1,362,collision,-1,0.5427,0.1602,1,83.98,13.26,95.0,5.0,83.98,13.26
2026-05-30 04:45:45,delta,1,363,success,4,1.1826,1.7276,0,84.02,13.22,95.0,5.0,84.02,13.22
2026-05-30 04:45:58,delta,1,364,success,12,0.5699,0.8645,0,84.07,13.19,95.0,5.0,84.07,13.19
2026-05-30 04:46:07,delta,1,365,success,8,0.9647,0.9293,0,84.11,13.15,95.0,5.0,84.11,13.15
2026-05-30 04:46:19,delta,1,366,success,12,0.7134,0.478,0,84.15,13.11,95.0,5.0,84.15,13.11
2026-05-30 04:46:34,delta,1,367,success,14,0.3956,0.8415,0,84.2,13.08,95.0,5.0,84.2,13.08
2026-05-30 04:46:48,delta,1,368,success,14,0.6584,0.4232,0,84.24,13.04,95.0,5.0,84.24,13.04
2026-05-30 04:46:59,delta,1,369,success,10,0.9461,0.808,0,84.28,13.01,95.0,5.0,84.28,13.01
2026-05-30 04:47:10,delta,1,370,success,10,0.677,0.9498,0,84.32,12.97,95.0,5.0,84.32,12.97
2026-05-30 04:47:19,delta,1,371,success,8,1.0473,0.7992,0,84.37,12.94,95.0,5.0,84.37,12.94
2026-05-30 04:47:29,delta,1,372,success,8,0.5404,1.4168,0,84.41,12.9,95.0,5.0,84.41,12.9
2026-05-30 04:47:38,delta,1,373,success,8,0.9006,0.8525,0,84.45,12.87,95.0,5.0,84.45,12.87
2026-05-30 04:47:50,delta,1,374,success,12,0.7337,0.9994,0,84.49,12.83,95.0,5.0,84.49,12.83
2026-05-30 04:48:00,delta,1,375,success,8,0.853,0.5163,0,84.53,12.8,95.0,5.0,84.53,12.8
2026-05-30 04:48:11,delta,1,376,success,10,0.95,0.7737,0,84.57,12.77,95.0,5.0,84.57,12.77
2026-05-30 04:48:16,delta,1,377,success,4,0.9556,1.644,0,84.62,12.73,95.0,5.0,84.62,12.73
2026-05-30 04:48:26,delta,1,378,success,8,0.8216,0.5849,0,84.66,12.7,95.0,5.0,84.66,12.7
2026-05-30 04:48:40,delta,1,379,success,14,0.4464,0.804,0,84.7,12.66,95.0,5.0,84.7,12.66
2026-05-30 04:48:53,delta,1,380,success,12,0.5178,0.5783,0,84.74,12.63,95.0,5.0,84.74,12.63
2026-05-30 04:49:02,delta,1,381,success,8,0.5983,1.477,0,84.78,12.6,95.0,5.0,84.78,12.6
2026-05-30 04:49:15,delta,1,382,success,10,0.5429,1.2741,0,84.82,12.57,96.0,4.0,84.82,12.57
2026-05-30 04:49:27,delta,1,383,success,12,0.8447,0.3797,0,84.86,12.53,96.0,4.0,84.86,12.53
2026-05-30 04:49:40,delta,1,384,success,12,0.6129,0.863,0,84.9,12.5,96.0,4.0,84.9,12.5
2026-05-30 04:49:50,delta,1,385,success,8,0.835,0.4178,0,84.94,12.47,96.0,4.0,84.94,12.47
2026-05-30 04:50:07,delta,1,386,success,16,0.5061,0.2684,1,84.97,12.44,96.0,4.0,84.97,12.44
2026-05-30 04:50:18,delta,1,387,success,10,0.9439,0.8041,0,85.01,12.4,96.0,4.0,85.01,12.4
2026-05-30 04:50:29,delta,1,388,success,10,0.4268,1.4959,0,85.05,12.37,96.0,4.0,85.05,12.37
2026-05-30 04:50:41,delta,1,389,success,10,0.4926,1.2428,0,85.09,12.34,96.0,4.0,85.09,12.34
2026-05-30 04:50:48,delta,1,390,success,6,1.2433,1.5038,0,85.13,12.31,96.0,4.0,85.13,12.31
2026-05-30 04:50:56,delta,1,391,success,6,1.0704,1.0297,0,85.17,12.28,96.0,4.0,85.17,12.28
2026-05-30 04:51:05,delta,1,392,success,8,0.6833,1.1805,0,85.2,12.24,96.0,4.0,85.2,12.24
2026-05-30 04:51:14,delta,1,393,success,8,0.8548,0.5443,0,85.24,12.21,96.0,4.0,85.24,12.21
2026-05-30 04:51:25,delta,1,394,success,10,0.9306,0.9669,0,85.28,12.18,96.0,4.0,85.28,12.18
2026-05-30 04:51:36,delta,1,395,success,10,0.6883,0.6619,0,85.32,12.15,96.0,4.0,85.32,12.15
2026-05-30 04:51:44,delta,1,396,success,8,1.0999,0.7843,0,85.35,12.12,96.0,4.0,85.35,12.12
2026-05-30 04:51:53,delta,1,397,success,8,0.9906,0.8736,0,85.39,12.09,96.0,4.0,85.39,12.09
2026-05-30 04:52:02,delta,1,398,success,8,0.7327,0.7408,0,85.43,12.06,96.0,4.0,85.43,12.06
2026-05-30 04:52:12,delta,1,399,success,11,0.3409,1.2078,0,85.46,12.03,96.0,4.0,85.46,12.03
2026-05-30 04:52:27,delta,1,400,success,13,0.6628,1.0201,0,85.5,12.0,96.0,4.0,85.5,12.0
2026-05-30 04:52:33,delta,1,401,success,4,1.5113,1.8717,0,85.54,11.97,96.0,4.0,85.54,11.97
2026-05-30 04:52:44,delta,1,402,success,10,0.8967,0.763,0,85.57,11.94,96.0,4.0,85.57,11.94
2026-05-30 04:52:55,delta,1,403,success,10,0.719,0.7203,0,85.61,11.91,96.0,4.0,85.61,11.91
2026-05-30 04:53:06,delta,1,404,success,10,0.7552,0.7813,0,85.64,11.88,97.0,3.0,85.64,11.88
2026-05-30 04:53:11,delta,1,405,success,4,0.9834,1.278,0,85.68,11.85,97.0,3.0,85.68,11.85
2026-05-30 04:53:24,delta,1,406,success,12,0.7366,0.5479,0,85.71,11.82,97.0,3.0,85.71,11.82
2026-05-30 04:53:33,delta,1,407,success,8,0.7256,1.4552,0,85.75,11.79,97.0,3.0,85.75,11.79
2026-05-30 04:53:42,delta,1,408,success,8,0.8162,0.8824,0,85.78,11.76,97.0,3.0,85.78,11.76
2026-05-30 04:53:50,delta,1,409,success,6,1.1296,1.3526,0,85.82,11.74,97.0,3.0,85.82,11.74
2026-05-30 04:54:01,delta,1,410,success,10,0.6763,0.6452,0,85.85,11.71,97.0,3.0,85.85,11.71
2026-05-30 04:54:08,delta,1,411,success,6,0.8078,1.1976,0,85.89,11.68,97.0,3.0,85.89,11.68
2026-05-30 04:54:18,delta,1,412,success,8,0.9553,0.7425,0,85.92,11.65,97.0,3.0,85.92,11.65
2026-05-30 04:54:31,delta,1,413,success,12,0.694,0.5289,0,85.96,11.62,97.0,3.0,85.96,11.62
2026-05-30 04:54:38,delta,1,414,success,7,1.2542,1.3624,0,85.99,11.59,97.0,3.0,85.99,11.59
2026-05-30 04:54:50,delta,1,415,success,11,0.424,1.4935,0,86.02,11.57,97.0,3.0,86.02,11.57
2026-05-30 04:55:03,delta,1,416,success,12,0.6354,1.0373,0,86.06,11.54,97.0,3.0,86.06,11.54
2026-05-30 04:55:14,delta,1,417,success,10,0.8431,0.7221,0,86.09,11.51,97.0,3.0,86.09,11.51
2026-05-30 04:55:23,delta,1,418,success,8,0.9631,0.7433,0,86.12,11.48,97.0,3.0,86.12,11.48
2026-05-30 04:55:32,delta,1,419,success,8,0.8153,0.6954,0,86.16,11.46,97.0,3.0,86.16,11.46
2026-05-30 04:55:42,delta,1,420,success,10,0.7701,0.5468,0,86.19,11.43,98.0,2.0,86.19,11.43
2026-05-30 04:55:50,delta,1,421,success,6,0.8811,1.2124,0,86.22,11.4,98.0,2.0,86.22,11.4
2026-05-30 04:55:59,delta,1,422,success,8,0.735,1.1864,0,86.26,11.37,98.0,2.0,86.26,11.37
2026-05-30 04:56:09,delta,1,423,success,10,0.8086,1.0999,0,86.29,11.35,98.0,2.0,86.29,11.35
2026-05-30 04:56:14,delta,1,424,success,4,1.1976,1.6791,0,86.32,11.32,98.0,2.0,86.32,11.32
2026-05-30 04:56:22,delta,1,425,success,6,1.0831,1.0412,0,86.35,11.29,98.0,2.0,86.35,11.29
2026-05-30 04:56:31,delta,1,426,success,8,1.0122,0.7465,0,86.38,11.27,98.0,2.0,86.38,11.27
2026-05-30 04:56:39,delta,1,427,success,8,1.0603,1.1937,0,86.42,11.24,98.0,2.0,86.42,11.24
2026-05-30 04:56:55,delta,1,428,success,14,0.556,0.4169,0,86.45,11.21,98.0,2.0,86.45,11.21
2026-05-30 04:57:04,delta,1,429,success,8,0.7205,1.0037,0,86.48,11.19,98.0,2.0,86.48,11.19
2026-05-30 04:57:13,delta,1,430,success,9,0.7086,1.268,0,86.51,11.16,98.0,2.0,86.51,11.16
2026-05-30 04:57:22,delta,1,431,success,7,1.0475,1.1708,0,86.54,11.14,98.0,2.0,86.54,11.14
2026-05-30 04:57:31,delta,1,432,success,8,0.9434,0.8757,0,86.57,11.11,98.0,2.0,86.57,11.11
2026-05-30 04:57:40,delta,1,433,success,8,1.1031,0.7821,0,86.61,11.09,98.0,2.0,86.61,11.09
2026-05-30 04:57:53,delta,1,434,success,12,0.8354,0.7337,0,86.64,11.06,98.0,2.0,86.64,11.06
2026-05-30 04:58:00,delta,1,435,success,6,0.8777,1.4574,0,86.67,11.03,98.0,2.0,86.67,11.03
2026-05-30 04:58:13,delta,1,436,success,12,0.9628,0.4475,0,86.7,11.01,98.0,2.0,86.7,11.01
2026-05-30 04:58:19,delta,1,437,success,6,1.0636,1.2239,0,86.73,10.98,98.0,2.0,86.73,10.98
2026-05-30 04:58:32,delta,1,438,success,12,0.7739,0.6916,0,86.76,10.96,98.0,2.0,86.76,10.96
2026-05-30 04:58:41,delta,1,439,success,8,0.8928,1.1647,0,86.79,10.93,98.0,2.0,86.79,10.93
2026-05-30 04:58:46,delta,1,440,success,4,1.3004,1.5759,0,86.82,10.91,98.0,2.0,86.82,10.91
2026-05-30 04:58:58,delta,1,441,collision,-1,0.6916,0.1569,1,86.62,11.11,97.0,3.0,86.62,11.11
2026-05-30 04:59:08,delta,1,442,success,8,0.9792,0.8356,0,86.65,11.09,97.0,3.0,86.65,11.09
2026-05-30 04:59:20,delta,1,443,success,12,0.3748,1.3255,0,86.68,11.06,97.0,3.0,86.68,11.06
2026-05-30 04:59:33,delta,1,444,success,12,0.4281,0.9079,0,86.71,11.04,97.0,3.0,86.71,11.04
2026-05-30 04:59:42,delta,1,445,success,8,0.9754,0.7413,0,86.74,11.01,97.0,3.0,86.74,11.01
2026-05-30 04:59:50,delta,1,446,success,6,1.166,0.8653,0,86.77,10.99,97.0,3.0,86.77,10.99
2026-05-30 04:59:59,delta,1,447,success,8,0.5873,1.1338,0,86.8,10.96,97.0,3.0,86.8,10.96
2026-05-30 05:00:06,delta,1,448,success,6,1.0576,1.2628,0,86.83,10.94,97.0,3.0,86.83,10.94
2026-05-30 05:00:17,delta,1,449,success,10,0.8825,0.5115,0,86.86,10.91,97.0,3.0,86.86,10.91
2026-05-30 05:00:28,delta,1,450,success,10,0.6811,0.3163,0,86.89,10.89,97.0,3.0,86.89,10.89
2026-05-30 05:00:41,delta,1,451,success,12,0.627,0.6555,0,86.92,10.86,98.0,2.0,86.92,10.86
2026-05-30 05:00:50,delta,1,452,success,8,0.6898,1.3735,0,86.95,10.84,98.0,2.0,86.95,10.84
2026-05-30 05:01:00,delta,1,453,success,8,0.9483,0.6555,0,86.98,10.82,98.0,2.0,86.98,10.82
2026-05-30 05:01:09,delta,1,454,success,8,0.9203,0.6478,0,87.0,10.79,98.0,2.0,87.0,10.79
2026-05-30 05:01:19,delta,1,455,success,8,0.8399,0.4414,0,87.03,10.77,98.0,2.0,87.03,10.77
2026-05-30 05:01:30,delta,1,456,success,10,0.5995,1.0612,0,87.06,10.75,98.0,2.0,87.06,10.75
2026-05-30 05:01:42,delta,1,457,collision,-1,0.5164,0.163,1,86.87,10.94,97.0,3.0,86.87,10.94
2026-05-30 05:01:47,delta,1,458,success,4,1.3354,1.7737,0,86.9,10.92,97.0,3.0,86.9,10.92
2026-05-30 05:02:08,delta,1,459,success,20,0.2627,0.4063,0,86.93,10.89,97.0,3.0,86.93,10.89
2026-05-30 05:02:20,delta,1,460,collision,-1,0.8191,0.12,3,86.74,11.09,96.0,4.0,86.74,11.09
2026-05-30 05:02:29,delta,1,461,success,8,0.9285,0.6299,0,86.77,11.06,96.0,4.0,86.77,11.06
2026-05-30 05:02:48,delta,1,462,success,18,0.2572,0.8081,0,86.8,11.04,97.0,3.0,86.8,11.04
2026-05-30 05:02:55,delta,1,463,success,6,1.0533,1.1871,0,86.83,11.02,97.0,3.0,86.83,11.02
2026-05-30 05:03:05,delta,1,464,success,8,1.0129,0.6684,0,86.85,10.99,97.0,3.0,86.85,10.99
2026-05-30 05:03:10,delta,1,465,success,4,0.8205,1.6234,0,86.88,10.97,97.0,3.0,86.88,10.97
2026-05-30 05:03:16,delta,1,466,success,4,0.794,1.4611,0,86.91,10.94,97.0,3.0,86.91,10.94
2026-05-30 05:03:26,delta,1,467,success,10,0.4688,1.2955,0,86.94,10.92,97.0,3.0,86.94,10.92
2026-05-30 05:03:36,delta,1,468,success,8,0.6712,0.9488,0,86.97,10.9,97.0,3.0,86.97,10.9
2026-05-30 05:03:43,delta,1,469,success,6,0.9102,1.1733,0,86.99,10.87,97.0,3.0,86.99,10.87
2026-05-30 05:03:58,delta,1,470,success,14,0.4678,0.712,0,87.02,10.85,97.0,3.0,87.02,10.85
2026-05-30 05:04:05,delta,1,471,success,6,0.9208,1.2043,0,87.05,10.83,97.0,3.0,87.05,10.83
2026-05-30 05:04:16,delta,1,472,success,10,0.6513,1.1228,0,87.08,10.81,97.0,3.0,87.08,10.81
2026-05-30 05:04:29,delta,1,473,success,12,0.362,1.368,0,87.1,10.78,97.0,3.0,87.1,10.78
2026-05-30 05:04:36,delta,1,474,success,6,0.9108,1.1592,0,87.13,10.76,97.0,3.0,87.13,10.76
2026-05-30 05:04:49,delta,1,475,success,12,0.5585,0.5007,0,87.16,10.74,97.0,3.0,87.16,10.74
2026-05-30 05:05:06,delta,1,476,success,14,0.3021,0.9611,0,87.18,10.71,97.0,3.0,87.18,10.71
2026-05-30 05:05:21,delta,1,477,success,14,0.7448,0.7649,0,87.21,10.69,97.0,3.0,87.21,10.69
2026-05-30 05:05:28,delta,1,478,success,6,0.9402,0.8915,0,87.24,10.67,97.0,3.0,87.24,10.67
2026-05-30 05:05:39,delta,1,479,success,10,0.9378,0.9332,0,87.27,10.65,97.0,3.0,87.27,10.65
2026-05-30 05:05:48,delta,1,480,success,8,0.4374,1.2695,0,87.29,10.62,97.0,3.0,87.29,10.62
2026-05-30 05:05:59,delta,1,481,success,10,0.9654,0.5241,0,87.32,10.6,97.0,3.0,87.32,10.6
2026-05-30 05:06:04,delta,1,482,success,4,0.9814,1.429,0,87.34,10.58,97.0,3.0,87.34,10.58
2026-05-30 05:06:17,delta,1,483,success,12,0.9248,0.5614,0,87.37,10.56,97.0,3.0,87.37,10.56
2026-05-30 05:06:34,delta,1,484,success,14,0.493,0.4208,0,87.4,10.54,97.0,3.0,87.4,10.54
2026-05-30 05:06:43,delta,1,485,success,8,0.8433,0.675,0,87.42,10.52,97.0,3.0,87.42,10.52
2026-05-30 05:06:55,delta,1,486,success,10,0.7782,0.5559,0,87.45,10.49,97.0,3.0,87.45,10.49
2026-05-30 05:07:02,delta,1,487,success,6,1.1892,1.3829,0,87.47,10.47,97.0,3.0,87.47,10.47
2026-05-30 05:07:15,delta,1,488,success,12,0.589,0.5644,0,87.5,10.45,97.0,3.0,87.5,10.45
2026-05-30 05:07:40,delta,1,489,collision,-1,0.312,0.1237,3,87.32,10.63,96.0,4.0,87.32,10.63
2026-05-30 05:07:45,delta,1,490,success,4,1.2898,1.6016,0,87.35,10.61,96.0,4.0,87.35,10.61
2026-05-30 05:07:58,delta,1,491,success,12,0.6339,0.7488,0,87.37,10.59,96.0,4.0,87.37,10.59
2026-05-30 05:08:11,delta,1,492,success,12,0.5474,1.0895,0,87.4,10.57,96.0,4.0,87.4,10.57
2026-05-30 05:08:21,delta,1,493,success,8,0.9471,0.4286,0,87.42,10.55,96.0,4.0,87.42,10.55
2026-05-30 05:08:30,delta,1,494,success,8,1.0128,0.8045,0,87.45,10.53,96.0,4.0,87.45,10.53
2026-05-30 05:08:39,delta,1,495,success,8,0.8308,0.8577,0,87.47,10.51,96.0,4.0,87.47,10.51
2026-05-30 05:08:53,delta,1,496,success,12,0.276,1.0861,0,87.5,10.48,96.0,4.0,87.5,10.48
2026-05-30 05:09:02,delta,1,497,success,8,1.0676,0.9608,0,87.53,10.46,96.0,4.0,87.53,10.46
2026-05-30 05:09:09,delta,1,498,success,6,1.0753,1.2971,0,87.55,10.44,96.0,4.0,87.55,10.44
2026-05-30 05:09:24,delta,1,499,success,14,0.561,0.7785,0,87.58,10.42,96.0,4.0,87.58,10.42
2026-05-30 05:09:33,delta,1,500,success,8,0.8444,0.7457,0,87.6,10.4,96.0,4.0,87.6,10.4
2026-05-30 05:09:42,delta,1,501,success,8,0.9538,1.0503,0,87.62,10.38,96.0,4.0,87.8,10.2
2026-05-30 05:09:51,delta,1,502,success,8,0.7095,0.7825,0,87.65,10.36,96.0,4.0,88.0,10.0
2026-05-30 05:09:58,delta,1,503,success,6,0.8071,1.0774,0,87.67,10.34,96.0,4.0,88.2,9.8
2026-05-30 05:10:04,delta,1,504,success,4,0.7824,1.3093,0,87.7,10.32,96.0,4.0,88.4,9.6
2026-05-30 05:10:17,delta,1,505,success,12,0.7179,0.7941,0,87.72,10.3,96.0,4.0,88.6,9.4
2026-05-30 05:10:26,delta,1,506,success,8,0.6836,0.8486,0,87.75,10.28,96.0,4.0,88.8,9.2
2026-05-30 05:10:39,delta,1,507,collision,-1,0.5692,0.1487,3,87.57,10.45,95.0,5.0,88.8,9.2
2026-05-30 05:10:50,delta,1,508,success,10,1.0115,0.7767,0,87.6,10.43,95.0,5.0,88.8,9.2
2026-05-30 05:10:57,delta,1,509,success,6,1.1527,1.1545,0,87.62,10.41,95.0,5.0,88.8,9.2
2026-05-30 05:11:05,delta,1,510,success,6,1.0304,1.2838,0,87.65,10.39,95.0,5.0,89.0,9.0
2026-05-30 05:11:16,delta,1,511,success,10,0.4517,1.343,0,87.67,10.37,95.0,5.0,89.2,8.8
2026-05-30 05:11:27,delta,1,512,success,10,1.0346,1.0657,0,87.7,10.35,95.0,5.0,89.2,8.8
2026-05-30 05:11:37,delta,1,513,success,8,0.9574,0.9857,0,87.72,10.33,95.0,5.0,89.2,8.8
2026-05-30 05:11:49,delta,1,514,success,12,0.8053,0.7431,0,87.74,10.31,95.0,5.0,89.4,8.6
2026-05-30 05:11:59,delta,1,515,success,8,0.7962,0.9728,0,87.77,10.29,95.0,5.0,89.6,8.4
2026-05-30 05:12:05,delta,1,516,success,4,0.7601,1.4259,0,87.79,10.27,95.0,5.0,89.8,8.2
2026-05-30 05:12:16,delta,1,517,success,10,0.6067,0.6989,0,87.81,10.25,95.0,5.0,89.8,8.2
2026-05-30 05:12:31,delta,1,518,success,14,0.4499,0.9652,0,87.84,10.23,95.0,5.0,90.0,8.0
2026-05-30 05:12:44,delta,1,519,success,12,0.6378,1.1487,0,87.86,10.21,95.0,5.0,90.2,7.8
2026-05-30 05:12:53,delta,1,520,success,8,1.0022,1.0619,0,87.88,10.19,95.0,5.0,90.4,7.6
2026-05-30 05:13:01,delta,1,521,success,6,1.0456,0.8384,0,87.91,10.17,95.0,5.0,90.4,7.6
2026-05-30 05:13:10,delta,1,522,success,8,0.7616,0.9004,0,87.93,10.15,95.0,5.0,90.4,7.6
2026-05-30 05:13:16,delta,1,523,success,5,1.6498,1.7779,0,87.95,10.13,95.0,5.0,90.6,7.4
2026-05-30 05:13:31,delta,1,524,success,13,0.554,0.8471,0,87.98,10.11,95.0,5.0,90.6,7.4
2026-05-30 05:13:41,delta,1,525,success,8,0.7604,1.1803,0,88.0,10.1,95.0,5.0,90.6,7.4
2026-05-30 05:13:50,delta,1,526,success,8,0.7688,0.8802,0,88.02,10.08,95.0,5.0,90.6,7.4
2026-05-30 05:14:04,delta,1,527,success,12,0.7535,0.4295,0,88.05,10.06,95.0,5.0,90.8,7.2
2026-05-30 05:14:11,delta,1,528,success,6,0.8394,0.9811,0,88.07,10.04,95.0,5.0,91.0,7.0
2026-05-30 05:14:22,delta,1,529,success,10,0.4261,1.3413,0,88.09,10.02,95.0,5.0,91.0,7.0
2026-05-30 05:14:29,delta,1,530,success,6,0.9218,0.7502,0,88.11,10.0,95.0,5.0,91.2,6.8
2026-05-30 05:14:38,delta,1,531,success,8,0.7856,0.8968,0,88.14,9.98,95.0,5.0,91.2,6.8
2026-05-30 05:14:43,delta,1,532,success,4,0.98,1.5259,0,88.16,9.96,95.0,5.0,91.4,6.6
2026-05-30 05:14:51,delta,1,533,success,6,0.9985,1.3505,0,88.18,9.94,95.0,5.0,91.6,6.4
2026-05-30 05:15:00,delta,1,534,success,8,0.8632,0.6471,0,88.2,9.93,95.0,5.0,91.8,6.4
2026-05-30 05:15:07,delta,1,535,success,6,0.9073,0.9552,0,88.22,9.91,95.0,5.0,92.0,6.2
2026-05-30 05:15:21,delta,1,536,success,12,0.6431,0.7948,0,88.25,9.89,95.0,5.0,92.2,6.0
2026-05-30 05:15:32,delta,1,537,success,10,0.6864,0.7047,0,88.27,9.87,95.0,5.0,92.4,5.8
2026-05-30 05:15:40,delta,1,538,success,6,0.709,1.3795,0,88.29,9.85,95.0,5.0,92.4,5.8
2026-05-30 05:15:50,delta,1,539,success,10,0.9906,0.7067,0,88.31,9.83,95.0,5.0,92.6,5.6
2026-05-30 05:16:00,delta,1,540,success,8,0.838,1.3975,0,88.33,9.81,95.0,5.0,92.8,5.6
2026-05-30 05:16:07,delta,1,541,success,6,0.9807,0.6783,0,88.35,9.8,96.0,4.0,93.0,5.4
2026-05-30 05:16:20,delta,1,542,success,12,0.4657,0.6777,0,88.38,9.78,96.0,4.0,93.2,5.2
2026-05-30 05:16:33,delta,1,543,success,12,0.8711,0.3308,0,88.4,9.76,96.0,4.0,93.4,5.2
2026-05-30 05:16:42,delta,1,544,success,8,1.0706,1.0665,0,88.42,9.74,96.0,4.0,93.4,5.2
2026-05-30 05:16:53,delta,1,545,success,10,0.8197,0.6722,0,88.44,9.72,96.0,4.0,93.6,5.0
2026-05-30 05:17:04,delta,1,546,success,10,0.7372,0.6907,0,88.46,9.71,96.0,4.0,93.8,4.8
2026-05-30 05:17:14,delta,1,547,success,8,0.8198,0.3445,0,88.48,9.69,96.0,4.0,94.0,4.6
2026-05-30 05:17:26,delta,1,548,success,12,0.7197,0.8705,0,88.5,9.67,96.0,4.0,94.0,4.6
2026-05-30 05:17:38,delta,1,549,success,10,0.4888,1.2358,0,88.52,9.65,96.0,4.0,94.2,4.4
2026-05-30 05:17:50,delta,1,550,success,12,0.6626,0.8013,0,88.55,9.64,96.0,4.0,94.4,4.2
2026-05-30 05:17:58,delta,1,551,success,6,0.6481,1.2122,0,88.57,9.62,96.0,4.0,94.4,4.2
2026-05-30 05:18:09,delta,1,552,success,10,0.6222,1.0002,0,88.59,9.6,96.0,4.0,94.4,4.2
2026-05-30 05:18:24,delta,1,553,success,14,0.7738,0.6555,0,88.61,9.58,96.0,4.0,94.6,4.0
2026-05-30 05:18:38,delta,1,554,success,12,0.5335,0.4197,0,88.63,9.57,96.0,4.0,94.6,4.0
2026-05-30 05:18:49,delta,1,555,success,10,0.776,1.1739,0,88.65,9.55,96.0,4.0,94.6,4.0
2026-05-30 05:19:00,delta,1,556,success,10,0.8342,0.5879,0,88.67,9.53,96.0,4.0,94.6,4.0
2026-05-30 05:19:12,delta,1,557,success,10,0.8623,0.7649,0,88.69,9.52,97.0,3.0,94.6,4.0
2026-05-30 05:19:23,delta,1,558,success,10,0.7243,0.8482,0,88.71,9.5,97.0,3.0,94.6,4.0
2026-05-30 05:19:40,delta,1,559,collision,-1,0.4227,0.1221,1,88.55,9.66,96.0,4.0,94.6,4.0
2026-05-30 05:19:49,delta,1,560,success,8,0.5838,1.2379,0,88.57,9.64,97.0,3.0,94.6,4.0
2026-05-30 05:19:54,delta,1,561,success,4,1.297,1.5586,0,88.59,9.63,97.0,3.0,94.6,4.0
2026-05-30 05:20:23,delta,1,562,success,28,0.1238,0.6995,0,88.61,9.61,97.0,3.0,94.6,4.0
2026-05-30 05:20:30,delta,1,563,success,7,0.9479,1.4378,0,88.63,9.59,97.0,3.0,94.6,4.0
2026-05-30 05:20:41,delta,1,564,success,9,0.7689,1.7318,0,88.65,9.57,97.0,3.0,94.6,4.0
2026-05-30 05:20:49,delta,1,565,success,6,0.965,0.9844,0,88.67,9.56,97.0,3.0,94.6,4.0
2026-05-30 05:20:56,delta,1,566,success,6,1.0893,0.8189,0,88.69,9.54,97.0,3.0,94.8,4.0
2026-05-30 05:21:05,delta,1,567,success,8,0.6177,1.3471,0,88.71,9.52,97.0,3.0,94.8,4.0
2026-05-30 05:21:12,delta,1,568,success,6,0.9828,1.3432,0,88.73,9.51,97.0,3.0,95.0,4.0
2026-05-30 05:21:19,delta,1,569,success,6,0.7469,0.9406,0,88.75,9.49,97.0,3.0,95.0,4.0
2026-05-30 05:21:33,delta,1,570,success,12,0.7867,1.0852,0,88.77,9.47,97.0,3.0,95.2,4.0
2026-05-30 05:21:47,delta,1,571,success,12,0.6336,0.8666,0,88.79,9.46,97.0,3.0,95.4,4.0
2026-05-30 05:21:58,delta,1,572,success,10,0.4835,0.8506,0,88.81,9.44,97.0,3.0,95.6,4.0
2026-05-30 05:22:07,delta,1,573,success,8,0.7053,1.3101,0,88.83,9.42,97.0,3.0,95.8,4.0
2026-05-30 05:22:22,delta,1,574,success,12,0.5278,0.3155,0,88.85,9.41,97.0,3.0,95.8,4.0
2026-05-30 05:22:37,delta,1,575,success,14,0.7146,0.2958,1,88.87,9.39,97.0,3.0,95.8,4.0
2026-05-30 05:22:49,delta,1,576,success,10,0.6075,0.6984,0,88.89,9.38,97.0,3.0,96.0,4.0
2026-05-30 05:22:54,delta,1,577,success,4,0.8978,1.3491,0,88.91,9.36,97.0,3.0,96.0,4.0
2026-05-30 05:23:02,delta,1,578,success,6,0.6805,1.3458,0,88.93,9.34,97.0,3.0,96.0,4.0
2026-05-30 05:23:09,delta,1,579,success,6,0.6419,1.1591,0,88.95,9.33,97.0,3.0,96.0,4.0
2026-05-30 05:23:23,delta,1,580,success,12,0.3334,1.4522,0,88.97,9.31,97.0,3.0,96.0,4.0
2026-05-30 05:23:33,delta,1,581,success,8,0.9168,0.7923,0,88.98,9.29,97.0,3.0,96.0,4.0
2026-05-30 05:23:41,delta,1,582,success,8,0.9694,0.7021,0,89.0,9.28,97.0,3.0,96.0,4.0
2026-05-30 05:23:54,delta,1,583,success,12,0.6677,0.9791,0,89.02,9.26,97.0,3.0,96.0,4.0
2026-05-30 05:24:06,delta,1,584,success,10,0.8195,0.691,0,89.04,9.25,97.0,3.0,96.0,4.0
2026-05-30 05:24:21,delta,1,585,success,14,0.9198,0.8706,0,89.06,9.23,97.0,3.0,96.2,3.8
2026-05-30 05:24:29,delta,1,586,success,6,1.1459,1.285,0,89.08,9.22,97.0,3.0,96.2,3.8
2026-05-30 05:24:36,delta,1,587,success,6,0.8317,1.1763,0,89.1,9.2,97.0,3.0,96.2,3.8
2026-05-30 05:24:49,delta,1,588,success,12,0.3957,1.2417,0,89.12,9.18,97.0,3.0,96.2,3.8
2026-05-30 05:25:00,delta,1,589,success,10,1.0365,0.607,0,89.13,9.17,98.0,2.0,96.2,3.8
2026-05-30 05:25:08,delta,1,590,success,6,1.1748,1.1838,0,89.15,9.15,98.0,2.0,96.2,3.8
2026-05-30 05:25:19,delta,1,591,success,10,0.3376,1.178,0,89.17,9.14,98.0,2.0,96.2,3.8
2026-05-30 05:25:29,delta,1,592,success,10,0.9439,0.9411,0,89.19,9.12,98.0,2.0,96.2,3.8
2026-05-30 05:25:35,delta,1,593,success,4,0.9596,1.4969,0,89.21,9.11,98.0,2.0,96.4,3.6
2026-05-30 05:25:44,delta,1,594,success,8,0.855,0.6456,0,89.23,9.09,98.0,2.0,96.4,3.6
2026-05-30 05:25:49,delta,1,595,success,4,1.0217,1.5268,0,89.24,9.08,98.0,2.0,96.4,3.6
2026-05-30 05:25:57,delta,1,596,success,6,0.8092,1.3196,0,89.26,9.06,98.0,2.0,96.4,3.6
2026-05-30 05:26:11,delta,1,597,success,12,0.7113,0.509,0,89.28,9.05,98.0,2.0,96.4,3.6
2026-05-30 05:26:18,delta,1,598,success,6,0.7348,1.0601,0,89.3,9.03,98.0,2.0,96.4,3.6
2026-05-30 05:26:32,delta,1,599,success,12,0.6025,0.5878,0,89.32,9.02,98.0,2.0,96.4,3.6
2026-05-30 05:26:43,delta,1,600,success,10,0.5537,1.4682,0,89.33,9.0,98.0,2.0,96.4,3.6
2026-05-30 05:26:51,delta,1,601,success,6,1.1709,1.212,0,89.35,8.99,98.0,2.0,96.4,3.6
2026-05-30 05:27:06,delta,1,602,success,14,0.7374,0.4966,0,89.37,8.97,98.0,2.0,96.4,3.6
2026-05-30 05:27:17,delta,1,603,success,10,0.4221,1.3984,0,89.39,8.96,98.0,2.0,96.4,3.6
2026-05-30 05:27:34,delta,1,604,success,16,0.3498,0.8869,0,89.4,8.94,98.0,2.0,96.6,3.4
2026-05-30 05:27:43,delta,1,605,success,8,0.5424,0.6313,0,89.42,8.93,98.0,2.0,96.6,3.4
2026-05-30 05:27:55,delta,1,606,success,10,0.53,1.124,0,89.44,8.91,98.0,2.0,96.6,3.4
2026-05-30 05:28:05,delta,1,607,success,8,0.9597,0.682,0,89.46,8.9,99.0,1.0,96.6,3.4
2026-05-30 05:28:24,delta,1,608,success,16,0.363,0.3738,0,89.47,8.88,99.0,1.0,96.6,3.4
2026-05-30 05:28:32,delta,1,609,success,8,0.9669,0.5888,0,89.49,8.87,99.0,1.0,96.6,3.4
2026-05-30 05:28:44,delta,1,610,success,10,0.6518,0.8199,0,89.51,8.85,99.0,1.0,96.6,3.4
2026-05-30 05:28:55,delta,1,611,success,10,0.7864,0.6964,0,89.53,8.84,99.0,1.0,96.6,3.4
2026-05-30 05:29:04,delta,1,612,success,8,0.5462,1.1242,0,89.54,8.82,99.0,1.0,96.6,3.4
2026-05-30 05:29:22,delta,1,613,collision,-1,0.6722,0.12,1,89.4,8.97,98.0,2.0,96.4,3.6
2026-05-30 05:29:37,delta,1,614,success,14,0.5085,1.2512,0,89.41,8.96,98.0,2.0,96.4,3.6
2026-05-30 05:29:45,delta,1,615,success,6,1.0034,1.0581,0,89.43,8.94,98.0,2.0,96.4,3.6
2026-05-30 05:29:53,delta,1,616,success,6,1.0264,0.8073,0,89.45,8.93,98.0,2.0,96.4,3.6
2026-05-30 05:30:06,delta,1,617,success,12,0.5011,0.8835,0,89.47,8.91,98.0,2.0,96.4,3.6
2026-05-30 05:30:13,delta,1,618,success,6,0.9703,1.4643,0,89.48,8.9,98.0,2.0,96.4,3.6
2026-05-30 05:30:23,delta,1,619,success,8,0.8429,1.2252,0,89.5,8.89,98.0,2.0,96.4,3.6
2026-05-30 05:30:34,delta,1,620,success,10,0.742,0.9168,0,89.52,8.87,98.0,2.0,96.4,3.6
2026-05-30 05:30:46,delta,1,621,success,11,0.8523,0.5549,0,89.53,8.86,98.0,2.0,96.6,3.4
2026-05-30 05:30:55,delta,1,622,success,7,1.0509,1.4284,0,89.55,8.84,98.0,2.0,96.6,3.4
2026-05-30 05:31:40,delta,1,623,success,44,0.0807,0.958,0,89.57,8.83,98.0,2.0,96.6,3.4
2026-05-30 05:31:50,delta,1,624,success,8,0.8613,1.1212,0,89.58,8.81,98.0,2.0,96.6,3.4
2026-05-30 05:31:59,delta,1,625,success,8,0.575,1.4021,0,89.6,8.8,98.0,2.0,96.6,3.4
2026-05-30 05:32:09,delta,1,626,success,8,0.8567,0.9174,0,89.62,8.79,98.0,2.0,96.6,3.4
2026-05-30 05:32:21,delta,1,627,collision,-1,0.7168,0.12,1,89.47,8.93,97.0,3.0,96.4,3.6
2026-05-30 05:32:35,delta,1,628,success,12,0.9718,0.6266,0,89.49,8.92,97.0,3.0,96.4,3.6
2026-05-30 05:32:45,delta,1,629,success,8,1.005,0.688,0,89.51,8.9,97.0,3.0,96.4,3.6
2026-05-30 05:32:54,delta,1,630,success,8,0.9621,0.7704,0,89.52,8.89,97.0,3.0,96.4,3.6
2026-05-30 05:33:05,delta,1,631,success,10,0.9571,0.7666,0,89.54,8.87,97.0,3.0,96.4,3.6
2026-05-30 05:33:14,delta,1,632,success,8,0.9791,0.7764,0,89.56,8.86,97.0,3.0,96.4,3.6
2026-05-30 05:33:24,delta,1,633,success,8,0.4664,1.4243,0,89.57,8.85,97.0,3.0,96.4,3.6
2026-05-30 05:33:32,delta,1,634,success,6,0.8561,0.9251,0,89.59,8.83,97.0,3.0,96.4,3.6
2026-05-30 05:33:42,delta,1,635,success,8,0.6052,0.8994,0,89.61,8.82,97.0,3.0,96.4,3.6
2026-05-30 05:33:57,delta,1,636,success,15,0.3561,1.1784,0,89.62,8.81,97.0,3.0,96.4,3.6
2026-05-30 05:34:13,delta,1,637,success,13,0.8478,0.8506,0,89.64,8.79,97.0,3.0,96.4,3.6
2026-05-30 05:34:32,delta,1,638,success,16,0.1997,1.0439,0,89.66,8.78,97.0,3.0,96.4,3.6
2026-05-30 05:34:43,delta,1,639,success,10,0.9148,0.5484,0,89.67,8.76,97.0,3.0,96.4,3.6
2026-05-30 05:34:51,delta,1,640,success,6,0.6836,1.1211,0,89.69,8.75,97.0,3.0,96.4,3.6
2026-05-30 05:35:06,delta,1,641,success,14,0.4274,0.8451,0,89.7,8.74,97.0,3.0,96.4,3.6
2026-05-30 05:35:14,delta,1,642,success,6,0.7553,1.1304,0,89.72,8.72,97.0,3.0,96.4,3.6
2026-05-30 05:35:23,delta,1,643,success,8,0.6147,1.108,0,89.74,8.71,97.0,3.0,96.4,3.6
2026-05-30 05:35:36,delta,1,644,success,12,0.7564,0.3497,0,89.75,8.7,97.0,3.0,96.4,3.6
2026-05-30 05:35:44,delta,1,645,success,6,1.083,0.9143,0,89.77,8.68,97.0,3.0,96.4,3.6
2026-05-30 05:35:49,delta,1,646,success,4,1.1036,1.576,0,89.78,8.67,97.0,3.0,96.4,3.6
2026-05-30 05:36:04,delta,1,647,success,14,0.6371,0.6351,0,89.8,8.66,97.0,3.0,96.4,3.6
2026-05-30 05:36:16,delta,1,648,success,10,0.8179,0.7159,0,89.81,8.64,97.0,3.0,96.4,3.6
2026-05-30 05:36:25,delta,1,649,success,8,1.018,0.8519,0,89.83,8.63,97.0,3.0,96.4,3.6
2026-05-30 05:36:37,delta,1,650,success,10,0.8653,0.6458,0,89.85,8.62,97.0,3.0,96.4,3.6
2026-05-30 05:36:47,delta,1,651,success,8,0.4757,1.3963,0,89.86,8.6,97.0,3.0,96.4,3.6
2026-05-30 05:36:55,delta,1,652,success,6,1.0382,0.9711,0,89.88,8.59,97.0,3.0,96.4,3.6
2026-05-30 05:37:05,delta,1,653,success,8,0.6245,0.8158,0,89.89,8.58,97.0,3.0,96.4,3.6
2026-05-30 05:37:15,delta,1,654,success,8,0.7905,0.8969,0,89.91,8.56,97.0,3.0,96.4,3.6
2026-05-30 05:37:27,delta,1,655,success,10,0.7511,0.9205,0,89.92,8.55,97.0,3.0,96.4,3.6
2026-05-30 05:37:37,delta,1,656,success,8,0.8259,0.7687,0,89.94,8.54,97.0,3.0,96.4,3.6
2026-05-30 05:37:46,delta,1,657,success,8,0.8571,0.6734,0,89.95,8.52,97.0,3.0,96.4,3.6
2026-05-30 05:38:01,delta,1,658,success,12,0.7914,0.4316,0,89.97,8.51,97.0,3.0,96.4,3.6
2026-05-30 05:38:10,delta,1,659,success,8,0.9118,0.6341,0,89.98,8.5,98.0,2.0,96.4,3.6
2026-05-30 05:38:22,delta,1,660,success,10,0.3778,1.2386,0,90.0,8.48,98.0,2.0,96.4,3.6
2026-05-30 05:38:31,delta,1,661,success,8,1.0812,0.6546,0,90.02,8.47,98.0,2.0,96.4,3.6
2026-05-30 05:38:39,delta,1,662,success,6,1.0483,1.3098,0,90.03,8.46,98.0,2.0,96.4,3.6
2026-05-30 05:38:49,delta,1,663,success,10,0.7979,1.2562,0,90.05,8.45,98.0,2.0,96.4,3.6
2026-05-30 05:38:54,delta,1,664,success,4,1.2055,1.727,0,90.06,8.43,98.0,2.0,96.4,3.6
2026-05-30 05:39:19,delta,1,665,success,24,0.4027,0.2648,2,90.08,8.42,98.0,2.0,96.4,3.6
2026-05-30 05:39:36,delta,1,666,success,16,0.5148,0.8564,0,90.09,8.41,98.0,2.0,96.4,3.6
2026-05-30 05:39:48,delta,1,667,success,11,0.6886,0.6432,0,90.1,8.4,98.0,2.0,96.4,3.6
2026-05-30 05:40:07,delta,1,668,success,17,0.3407,1.0321,0,90.12,8.38,98.0,2.0,96.4,3.6
2026-05-30 05:40:15,delta,1,669,success,6,0.8166,1.0715,0,90.13,8.37,98.0,2.0,96.4,3.6
2026-05-30 05:40:20,delta,1,670,success,4,0.9622,1.5679,0,90.15,8.36,98.0,2.0,96.4,3.6
2026-05-30 05:40:30,delta,1,671,success,8,0.6453,0.9378,0,90.16,8.35,98.0,2.0,96.4,3.6
2026-05-30 05:40:41,delta,1,672,success,10,0.5869,1.1375,0,90.18,8.33,98.0,2.0,96.4,3.6
2026-05-30 05:40:48,delta,1,673,success,6,0.7206,1.2467,0,90.19,8.32,98.0,2.0,96.4,3.6
2026-05-30 05:41:16,delta,1,674,success,26,0.2104,0.5408,0,90.21,8.31,98.0,2.0,96.4,3.6
2026-05-30 05:41:26,delta,1,675,success,8,0.6925,1.4064,0,90.22,8.3,98.0,2.0,96.6,3.4
2026-05-30 05:41:39,delta,1,676,success,12,0.6076,0.6146,0,90.24,8.28,98.0,2.0,96.6,3.4
2026-05-30 05:41:53,delta,1,677,success,12,0.9497,0.2371,1,90.25,8.27,98.0,2.0,96.6,3.4
2026-05-30 05:42:05,delta,1,678,success,10,0.3331,0.9035,0,90.27,8.26,98.0,2.0,96.6,3.4
2026-05-30 05:42:17,delta,1,679,success,10,0.7171,1.2215,0,90.28,8.25,98.0,2.0,96.8,3.2
2026-05-30 05:42:26,delta,1,680,success,8,0.5337,1.375,0,90.29,8.24,98.0,2.0,96.8,3.2
2026-05-30 05:42:38,delta,1,681,success,10,0.6678,0.6212,0,90.31,8.22,98.0,2.0,96.8,3.2
2026-05-30 05:42:53,delta,1,682,success,14,0.5328,0.4748,0,90.32,8.21,98.0,2.0,96.8,3.2
2026-05-30 05:43:02,delta,1,683,success,8,0.8652,0.9742,0,90.34,8.2,98.0,2.0,96.8,3.2
2026-05-30 05:43:12,delta,1,684,success,8,0.6712,1.3285,0,90.35,8.19,98.0,2.0,96.8,3.2
2026-05-30 05:43:21,delta,1,685,success,8,0.8348,1.0724,0,90.36,8.18,98.0,2.0,96.8,3.2
2026-05-30 05:43:26,delta,1,686,success,4,1.1162,1.6122,0,90.38,8.16,98.0,2.0,96.8,3.2
2026-05-30 05:43:43,delta,1,687,collision,-1,0.5451,0.12,1,90.25,8.3,97.0,3.0,96.6,3.4
2026-05-30 05:43:53,delta,1,688,success,8,0.5911,0.9656,0,90.26,8.28,97.0,3.0,96.6,3.4
2026-05-30 05:44:05,delta,1,689,success,10,0.804,0.8847,0,90.28,8.27,97.0,3.0,96.6,3.4
2026-05-30 05:44:26,delta,1,690,success,17,0.2132,1.0375,0,90.29,8.26,97.0,3.0,96.6,3.4
2026-05-30 05:44:47,delta,1,691,success,19,0.3107,0.4901,0,90.3,8.25,97.0,3.0,96.6,3.4
2026-05-30 05:44:58,delta,1,692,success,8,0.6497,1.1209,0,90.32,8.24,97.0,3.0,96.8,3.2
2026-05-30 05:45:07,delta,1,693,success,8,1.1099,0.8323,0,90.33,8.23,97.0,3.0,96.8,3.2
2026-05-30 05:45:17,delta,1,694,success,8,0.8966,1.1302,0,90.35,8.21,97.0,3.0,96.8,3.2
2026-05-30 05:45:22,delta,1,695,success,4,1.2743,1.5653,0,90.36,8.2,97.0,3.0,96.8,3.2
2026-05-30 05:45:31,delta,1,696,success,8,0.9444,1.0231,0,90.37,8.19,97.0,3.0,96.8,3.2
2026-05-30 05:45:45,delta,1,697,success,12,0.6987,0.838,0,90.39,8.18,97.0,3.0,96.8,3.2
2026-05-30 05:45:53,delta,1,698,success,6,0.673,1.1169,0,90.4,8.17,97.0,3.0,96.8,3.2
2026-05-30 05:46:04,delta,1,699,success,10,0.7956,1.0129,0,90.41,8.15,97.0,3.0,96.8,3.2
2026-05-30 05:46:18,delta,1,700,success,12,0.7849,0.4093,0,90.43,8.14,97.0,3.0,96.8,3.2
2026-05-30 05:46:35,delta,1,701,success,14,0.5971,0.7039,0,90.44,8.13,97.0,3.0,96.8,3.2
2026-05-30 05:46:44,delta,1,702,success,8,1.1439,0.7506,0,90.46,8.12,97.0,3.0,96.8,3.2
2026-05-30 05:46:50,delta,1,703,success,4,1.2882,1.7354,0,90.47,8.11,97.0,3.0,96.8,3.2
2026-05-30 05:46:59,delta,1,704,success,8,0.5,1.2212,0,90.48,8.1,97.0,3.0,96.8,3.2
2026-05-30 05:47:09,delta,1,705,success,8,0.9391,0.8392,0,90.5,8.09,97.0,3.0,96.8,3.2
2026-05-30 05:47:19,delta,1,706,success,8,0.7825,1.1054,0,90.51,8.07,97.0,3.0,96.8,3.2
2026-05-30 05:47:36,delta,1,707,success,16,0.4702,0.5231,0,90.52,8.06,97.0,3.0,96.8,3.2
2026-05-30 05:47:44,delta,1,708,success,6,1.0481,0.924,0,90.54,8.05,97.0,3.0,96.8,3.2
2026-05-30 05:47:52,delta,1,709,success,6,0.8754,1.2076,0,90.55,8.04,97.0,3.0,96.8,3.2
2026-05-30 05:48:06,delta,1,710,success,12,0.599,1.2642,0,90.56,8.03,97.0,3.0,96.8,3.2
2026-05-30 05:48:15,delta,1,711,success,8,0.8368,0.4738,0,90.58,8.02,97.0,3.0,96.8,3.2
2026-05-30 05:48:26,delta,1,712,success,10,0.673,1.0156,0,90.59,8.01,97.0,3.0,96.8,3.2
2026-05-30 05:48:36,delta,1,713,success,8,0.8921,0.6989,0,90.6,7.99,98.0,2.0,97.0,3.0
2026-05-30 05:48:47,delta,1,714,success,10,0.48,1.2519,0,90.62,7.98,98.0,2.0,97.0,3.0
2026-05-30 05:48:57,delta,1,715,success,8,0.685,1.1139,0,90.63,7.97,98.0,2.0,97.0,3.0
2026-05-30 05:49:08,delta,1,716,success,10,0.5232,1.1234,0,90.64,7.96,98.0,2.0,97.0,3.0
2026-05-30 05:49:25,delta,1,717,success,14,0.4629,0.4487,0,90.66,7.95,98.0,2.0,97.0,3.0
2026-05-30 05:49:32,delta,1,718,success,6,1.1163,1.6527,0,90.67,7.94,98.0,2.0,97.0,3.0
2026-05-30 05:49:42,delta,1,719,success,8,0.791,0.865,0,90.68,7.93,98.0,2.0,97.0,3.0
2026-05-30 05:49:54,delta,1,720,success,10,0.4291,1.4074,0,90.69,7.92,98.0,2.0,97.0,3.0
2026-05-30 05:50:01,delta,1,721,success,6,0.9024,1.1512,0,90.71,7.91,98.0,2.0,97.0,3.0
2026-05-30 05:50:12,delta,1,722,collision,-1,0.6247,0.178,1,90.58,8.03,97.0,3.0,96.8,3.2
2026-05-30 05:50:17,delta,1,723,success,4,1.3177,1.5902,0,90.59,8.02,97.0,3.0,96.8,3.2
2026-05-30 05:50:27,delta,1,724,success,8,0.6435,0.9218,0,90.61,8.01,97.0,3.0,96.8,3.2
2026-05-30 05:50:41,delta,1,725,success,14,0.5681,0.8786,0,90.62,8.0,97.0,3.0,96.8,3.2
2026-05-30 05:50:49,delta,1,726,success,6,0.9723,0.6681,0,90.63,7.99,97.0,3.0,96.8,3.2
2026-05-30 05:51:00,delta,1,727,success,10,0.7585,0.9351,0,90.65,7.98,98.0,2.0,96.8,3.2
2026-05-30 05:51:17,delta,1,728,success,14,0.4124,0.8284,0,90.66,7.97,98.0,2.0,97.0,3.0
2026-05-30 05:51:30,delta,1,729,success,12,0.8624,0.5329,0,90.67,7.96,98.0,2.0,97.0,3.0
2026-05-30 05:51:44,delta,1,730,success,12,0.9194,0.7474,0,90.68,7.95,98.0,2.0,97.0,3.0
2026-05-30 05:51:53,delta,1,731,success,8,1.0401,1.193,0,90.7,7.93,98.0,2.0,97.0,3.0
2026-05-30 05:52:02,delta,1,732,success,8,0.9611,0.543,0,90.71,7.92,98.0,2.0,97.0,3.0
2026-05-30 05:52:14,delta,1,733,success,10,0.9089,0.4266,0,90.72,7.91,98.0,2.0,97.0,3.0
2026-05-30 05:52:31,delta,1,734,success,16,0.721,0.3619,0,90.74,7.9,98.0,2.0,97.0,3.0
2026-05-30 05:52:42,delta,1,735,success,10,0.848,1.0182,0,90.75,7.89,98.0,2.0,97.0,3.0
2026-05-30 05:52:49,delta,1,736,success,6,0.9181,1.2732,0,90.76,7.88,98.0,2.0,97.0,3.0
2026-05-30 05:52:59,delta,1,737,success,8,0.6104,0.7765,0,90.77,7.87,98.0,2.0,97.0,3.0
2026-05-30 05:53:08,delta,1,738,success,8,0.6583,1.1676,0,90.79,7.86,98.0,2.0,97.0,3.0
2026-05-30 05:53:18,delta,1,739,success,8,0.9482,0.4938,0,90.8,7.85,98.0,2.0,97.0,3.0
2026-05-30 05:53:30,delta,1,740,success,10,0.7289,0.7836,0,90.81,7.84,98.0,2.0,97.0,3.0
2026-05-30 05:53:40,delta,1,741,success,8,0.7717,1.017,0,90.82,7.83,98.0,2.0,97.0,3.0
2026-05-30 05:53:52,delta,1,742,success,10,0.5456,0.9999,0,90.84,7.82,98.0,2.0,97.0,3.0
2026-05-30 05:54:07,delta,1,743,success,14,0.5315,0.2825,1,90.85,7.81,98.0,2.0,97.0,3.0
2026-05-30 05:54:16,delta,1,744,success,8,1.1143,0.9529,0,90.86,7.8,98.0,2.0,97.0,3.0
2026-05-30 05:54:32,delta,1,745,success,14,0.6234,0.8196,0,90.87,7.79,98.0,2.0,97.0,3.0
2026-05-30 05:54:45,delta,1,746,success,12,0.7179,0.8342,0,90.88,7.77,98.0,2.0,97.0,3.0
2026-05-30 05:54:54,delta,1,747,success,8,0.7605,0.6536,0,90.9,7.76,98.0,2.0,97.0,3.0
2026-05-30 05:55:06,delta,1,748,success,10,0.8731,0.614,0,90.91,7.75,98.0,2.0,97.0,3.0
2026-05-30 05:55:13,delta,1,749,success,6,0.696,1.5149,0,90.92,7.74,98.0,2.0,97.0,3.0
2026-05-30 05:55:23,delta,1,750,success,8,0.6435,0.7777,0,90.93,7.73,98.0,2.0,97.0,3.0
2026-05-30 05:55:34,delta,1,751,success,10,0.7678,0.3742,0,90.95,7.72,98.0,2.0,97.0,3.0
2026-05-30 05:55:48,delta,1,752,success,12,0.768,0.4179,0,90.96,7.71,98.0,2.0,97.0,3.0
2026-05-30 05:55:57,delta,1,753,success,8,1.1001,0.7577,0,90.97,7.7,98.0,2.0,97.0,3.0
2026-05-30 05:56:05,delta,1,754,success,6,1.0323,1.0257,0,90.98,7.69,98.0,2.0,97.0,3.0
2026-05-30 05:56:17,delta,1,755,success,10,0.7802,1.0378,0,90.99,7.68,98.0,2.0,97.0,3.0
2026-05-30 05:56:24,delta,1,756,success,6,0.7631,1.3426,0,91.01,7.67,98.0,2.0,97.0,3.0
2026-05-30 05:56:32,delta,1,757,success,7,0.793,1.0949,0,91.02,7.66,98.0,2.0,97.0,3.0
2026-05-30 05:56:45,delta,1,758,success,11,0.7553,0.512,0,91.03,7.65,98.0,2.0,97.0,3.0
2026-05-30 05:56:59,delta,1,759,success,12,0.5125,1.0813,0,91.04,7.64,98.0,2.0,97.0,3.0
2026-05-30 05:57:09,delta,1,760,success,8,1.0326,0.8734,0,91.05,7.63,98.0,2.0,97.0,3.0
2026-05-30 05:57:20,delta,1,761,success,10,0.6819,0.966,0,91.06,7.62,98.0,2.0,97.0,3.0
2026-05-30 05:57:26,delta,1,762,success,4,1.0309,1.5069,0,91.08,7.61,98.0,2.0,97.0,3.0
2026-05-30 05:57:35,delta,1,763,success,8,0.9486,0.783,0,91.09,7.6,98.0,2.0,97.0,3.0
2026-05-30 05:57:42,delta,1,764,success,6,1.1065,1.4777,0,91.1,7.59,98.0,2.0,97.0,3.0
2026-05-30 05:57:52,delta,1,765,success,8,0.6505,1.0968,0,91.11,7.58,98.0,2.0,97.0,3.0
2026-05-30 05:58:05,delta,1,766,success,12,0.8706,0.6373,0,91.12,7.57,98.0,2.0,97.0,3.0
2026-05-30 05:58:19,delta,1,767,success,12,0.6694,0.691,0,91.13,7.56,98.0,2.0,97.0,3.0
2026-05-30 05:58:32,delta,1,768,success,12,0.6351,0.8277,0,91.15,7.55,98.0,2.0,97.0,3.0
2026-05-30 05:58:42,delta,1,769,success,9,0.9356,0.7405,0,91.16,7.54,98.0,2.0,97.0,3.0
2026-05-30 05:58:51,delta,1,770,success,7,1.0166,1.1008,0,91.17,7.53,98.0,2.0,97.0,3.0
2026-05-30 05:59:02,delta,1,771,success,10,0.854,0.8842,0,91.18,7.52,98.0,2.0,97.0,3.0
2026-05-30 05:59:14,delta,1,772,success,10,0.9995,0.5664,0,91.19,7.51,98.0,2.0,97.0,3.0
2026-05-30 05:59:23,delta,1,773,success,8,0.9197,0.8594,0,91.2,7.5,98.0,2.0,97.0,3.0
2026-05-30 05:59:36,delta,1,774,success,12,0.661,0.8086,0,91.21,7.49,98.0,2.0,97.0,3.0
2026-05-30 05:59:41,delta,1,775,success,4,0.8099,1.4269,0,91.23,7.48,98.0,2.0,97.0,3.0
2026-05-30 05:59:54,delta,1,776,success,12,0.9535,0.5968,0,91.24,7.47,98.0,2.0,97.0,3.0
2026-05-30 06:00:04,delta,1,777,success,8,1.048,0.5925,0,91.25,7.46,98.0,2.0,97.0,3.0
2026-05-30 06:00:13,delta,1,778,success,8,0.9119,0.9445,0,91.26,7.46,98.0,2.0,97.0,3.0
2026-05-30 06:00:26,delta,1,779,success,10,0.8064,0.7039,0,91.27,7.45,98.0,2.0,97.0,3.0
2026-05-30 06:00:37,delta,1,780,success,10,0.9164,1.0756,0,91.28,7.44,98.0,2.0,97.0,3.0
2026-05-30 06:00:49,delta,1,781,success,10,1.0513,0.988,0,91.29,7.43,98.0,2.0,97.0,3.0
2026-05-30 06:00:55,delta,1,782,success,4,1.1329,1.6906,0,91.3,7.42,98.0,2.0,97.2,2.8
2026-05-30 06:01:05,delta,1,783,success,8,0.5406,1.7691,0,91.32,7.41,98.0,2.0,97.2,2.8
2026-05-30 06:01:20,delta,1,784,success,14,0.5561,0.3606,0,91.33,7.4,98.0,2.0,97.2,2.8
2026-05-30 06:01:34,delta,1,785,success,12,0.6052,0.9379,0,91.34,7.39,98.0,2.0,97.2,2.8
2026-05-30 06:01:49,delta,1,786,collision,-1,0.8352,0.12,1,91.22,7.51,97.0,3.0,97.0,3.0
2026-05-30 06:01:59,delta,1,787,success,8,0.6451,1.0998,0,91.23,7.5,98.0,2.0,97.0,3.0
2026-05-30 06:02:10,delta,1,788,success,11,0.4888,0.683,0,91.24,7.49,98.0,2.0,97.0,3.0
2026-05-30 06:02:23,delta,1,789,success,11,0.9871,0.9967,0,91.25,7.48,98.0,2.0,97.0,3.0
2026-05-30 06:02:35,delta,1,790,success,10,0.483,1.291,0,91.27,7.47,98.0,2.0,97.0,3.0
2026-05-30 06:02:44,delta,1,791,success,9,0.7138,1.0096,0,91.28,7.46,98.0,2.0,97.0,3.0
2026-05-30 06:02:54,delta,1,792,success,7,1.1261,1.0207,0,91.29,7.45,98.0,2.0,97.0,3.0
2026-05-30 06:03:02,delta,1,793,success,6,0.7329,1.3062,0,91.3,7.44,98.0,2.0,97.0,3.0
2026-05-30 06:03:10,delta,1,794,success,6,1.0786,0.9795,0,91.31,7.43,98.0,2.0,97.0,3.0
2026-05-30 06:03:21,delta,1,795,success,10,0.3418,1.2231,0,91.32,7.42,98.0,2.0,97.0,3.0
2026-05-30 06:03:30,delta,1,796,success,8,0.9829,0.9373,0,91.33,7.41,98.0,2.0,97.0,3.0
2026-05-30 06:03:44,delta,1,797,success,12,0.3879,1.4722,0,91.34,7.4,98.0,2.0,97.0,3.0
2026-05-30 06:03:51,delta,1,798,success,6,0.7747,0.956,0,91.35,7.39,98.0,2.0,97.0,3.0
2026-05-30 06:04:05,delta,1,799,success,12,0.8163,0.7235,0,91.36,7.38,98.0,2.0,97.0,3.0
2026-05-30 06:04:16,delta,1,800,success,10,0.5908,0.99,0,91.38,7.38,98.0,2.0,97.0,3.0
2026-05-30 06:04:28,delta,1,801,success,10,0.4676,1.5679,0,91.39,7.37,98.0,2.0,97.0,3.0
2026-05-30 06:04:47,delta,1,802,success,18,0.1975,0.9634,0,91.4,7.36,98.0,2.0,97.0,3.0
2026-05-30 06:04:57,delta,1,803,success,8,0.8632,1.224,0,91.41,7.35,98.0,2.0,97.0,3.0
2026-05-30 06:05:04,delta,1,804,success,6,1.1704,1.115,0,91.42,7.34,98.0,2.0,97.2,2.8
2026-05-30 06:05:16,delta,1,805,success,10,0.6293,1.1977,0,91.43,7.33,98.0,2.0,97.2,2.8
2026-05-30 06:05:27,delta,1,806,success,10,0.7639,0.8529,0,91.44,7.32,98.0,2.0,97.2,2.8
2026-05-30 06:05:35,delta,1,807,success,6,1.1024,0.8164,0,91.45,7.31,98.0,2.0,97.2,2.8
2026-05-30 06:05:44,delta,1,808,success,8,0.7805,1.2679,0,91.46,7.3,98.0,2.0,97.2,2.8
2026-05-30 06:05:58,delta,1,809,success,12,0.9089,0.756,0,91.47,7.29,98.0,2.0,97.2,2.8
2026-05-30 06:06:11,delta,1,810,success,12,0.7294,0.3724,0,91.48,7.28,98.0,2.0,97.2,2.8
2026-05-30 06:06:23,delta,1,811,success,10,0.8454,0.8036,0,91.49,7.27,98.0,2.0,97.2,2.8
2026-05-30 06:06:36,delta,1,812,success,10,0.6427,1.1352,0,91.5,7.27,98.0,2.0,97.2,2.8
2026-05-30 06:06:48,delta,1,813,success,10,0.662,0.9533,0,91.51,7.26,98.0,2.0,97.2,2.8
2026-05-30 06:06:59,delta,1,814,success,10,0.9211,0.2614,1,91.52,7.25,98.0,2.0,97.2,2.8
2026-05-30 06:07:07,delta,1,815,success,6,0.8352,1.2582,0,91.53,7.24,98.0,2.0,97.2,2.8
2026-05-30 06:07:14,delta,1,816,success,6,0.6712,1.2719,0,91.54,7.23,98.0,2.0,97.2,2.8
2026-05-30 06:07:22,delta,1,817,success,6,0.9167,1.12,0,91.55,7.22,98.0,2.0,97.2,2.8
2026-05-30 06:07:32,delta,1,818,success,8,0.8797,1.1502,0,91.56,7.21,98.0,2.0,97.2,2.8
2026-05-30 06:07:41,delta,1,819,success,8,0.9992,0.7898,0,91.58,7.2,98.0,2.0,97.2,2.8
2026-05-30 06:07:47,delta,1,820,success,4,1.0513,1.5267,0,91.59,7.2,98.0,2.0,97.4,2.6
2026-05-30 06:07:58,delta,1,821,success,10,0.8865,0.4474,0,91.6,7.19,98.0,2.0,97.4,2.6
2026-05-30 06:08:05,delta,1,822,success,6,0.6586,1.3955,0,91.61,7.18,99.0,1.0,97.4,2.6
2026-05-30 06:08:13,delta,1,823,success,6,1.0212,0.9801,0,91.62,7.17,99.0,1.0,97.4,2.6
2026-05-30 06:08:22,delta,1,824,success,8,0.983,0.9243,0,91.63,7.16,99.0,1.0,97.4,2.6
2026-05-30 06:08:31,delta,1,825,success,8,1.028,0.7612,0,91.64,7.15,99.0,1.0,97.4,2.6
2026-05-30 06:08:43,delta,1,826,success,10,0.8422,0.3985,0,91.65,7.14,99.0,1.0,97.4,2.6
2026-05-30 06:09:03,delta,1,827,success,6,0.7891,0.6308,0,91.66,7.13,99.0,1.0,97.4,2.6
2026-05-30 06:09:11,delta,1,828,success,6,0.6179,1.4439,0,91.67,7.13,99.0,1.0,97.4,2.6
2026-05-30 06:09:25,delta,1,829,success,12,0.6545,0.7895,0,91.68,7.12,99.0,1.0,97.4,2.6
2026-05-30 06:09:36,delta,1,830,success,10,0.5856,1.1841,0,91.69,7.11,99.0,1.0,97.4,2.6
2026-05-30 06:09:48,delta,1,831,success,10,0.8258,0.5833,0,91.7,7.1,99.0,1.0,97.4,2.6
2026-05-30 06:09:57,delta,1,832,success,8,0.8595,1.351,0,91.71,7.09,99.0,1.0,97.4,2.6
2026-05-30 06:10:03,delta,1,833,success,4,0.7987,1.6199,0,91.72,7.08,99.0,1.0,97.4,2.6
2026-05-30 06:10:23,delta,1,834,success,18,0.3346,0.944,0,91.73,7.07,99.0,1.0,97.4,2.6
2026-05-30 06:10:30,delta,1,835,success,7,1.2295,1.1875,0,91.74,7.07,99.0,1.0,97.4,2.6
2026-05-30 06:10:54,delta,1,836,success,19,0.3018,0.9055,0,91.75,7.06,99.0,1.0,97.4,2.6
2026-05-30 06:10:59,delta,1,837,success,4,0.7724,1.3491,0,91.76,7.05,99.0,1.0,97.4,2.6
2026-05-30 06:11:11,delta,1,838,success,10,0.3305,1.0086,0,91.77,7.04,99.0,1.0,97.4,2.6
2026-05-30 06:11:23,delta,1,839,success,10,0.6723,0.7698,0,91.78,7.03,99.0,1.0,97.4,2.6
2026-05-30 06:11:32,delta,1,840,success,8,0.5415,1.4702,0,91.79,7.02,99.0,1.0,97.4,2.6
2026-05-30 06:11:44,delta,1,841,success,10,0.4063,1.3852,0,91.8,7.02,99.0,1.0,97.4,2.6
2026-05-30 06:12:01,delta,1,842,collision,-1,0.7858,0.1996,2,91.69,7.13,98.0,2.0,97.2,2.8
2026-05-30 06:12:08,delta,1,843,success,6,1.2092,1.4477,0,91.7,7.12,98.0,2.0,97.2,2.8
2026-05-30 06:12:18,delta,1,844,success,7,0.9712,1.0144,0,91.71,7.11,98.0,2.0,97.2,2.8
2026-05-30 06:12:31,delta,1,845,success,12,0.8753,0.6943,0,91.72,7.1,98.0,2.0,97.2,2.8
2026-05-30 06:12:41,delta,1,846,success,8,0.8129,0.7986,0,91.73,7.09,98.0,2.0,97.2,2.8
2026-05-30 06:12:49,delta,1,847,success,7,1.2207,1.1583,0,91.74,7.08,98.0,2.0,97.2,2.8
2026-05-30 06:13:05,delta,1,848,success,14,0.8121,0.8092,0,91.75,7.08,98.0,2.0,97.2,2.8
2026-05-30 06:13:18,delta,1,849,success,11,0.4649,1.3261,0,91.76,7.07,98.0,2.0,97.2,2.8
2026-05-30 06:13:30,delta,1,850,success,10,0.7161,1.0192,0,91.76,7.06,98.0,2.0,97.2,2.8
2026-05-30 06:13:37,delta,1,851,success,6,0.8529,1.3607,0,91.77,7.05,98.0,2.0,97.4,2.6
2026-05-30 06:13:47,delta,1,852,success,8,0.685,1.5071,0,91.78,7.04,98.0,2.0,97.4,2.6
2026-05-30 06:14:00,delta,1,853,success,13,0.855,0.8252,0,91.79,7.03,98.0,2.0,97.4,2.6
2026-05-30 06:14:19,delta,1,854,success,17,0.7204,0.3708,0,91.8,7.03,98.0,2.0,97.4,2.6
2026-05-30 06:14:26,delta,1,855,success,6,1.1897,1.3184,0,91.81,7.02,98.0,2.0,97.4,2.6
2026-05-30 06:14:36,delta,1,856,success,8,0.6641,1.5156,0,91.82,7.01,98.0,2.0,97.4,2.6
2026-05-30 06:14:46,delta,1,857,success,8,0.9066,0.722,0,91.83,7.0,98.0,2.0,97.4,2.6
2026-05-30 06:14:55,delta,1,858,success,8,0.9282,0.6757,0,91.84,6.99,98.0,2.0,97.4,2.6
2026-05-30 06:15:04,delta,1,859,success,8,1.0701,1.3935,0,91.85,6.98,98.0,2.0,97.4,2.6
2026-05-30 06:15:12,delta,1,860,success,6,1.1924,1.0938,0,91.86,6.98,98.0,2.0,97.4,2.6
2026-05-30 06:15:30,delta,1,861,success,16,0.515,0.6167,0,91.87,6.97,98.0,2.0,97.4,2.6
2026-05-30 06:15:43,delta,1,862,success,12,0.9451,0.8043,0,91.88,6.96,98.0,2.0,97.6,2.4
2026-05-30 06:16:00,delta,1,863,success,16,0.4262,0.8429,0,91.89,6.95,98.0,2.0,97.6,2.4
2026-05-30 06:16:11,delta,1,864,success,10,0.5034,1.2132,0,91.9,6.94,98.0,2.0,97.6,2.4
2026-05-30 06:16:27,delta,1,865,success,14,0.7246,0.7687,0,91.91,6.94,98.0,2.0,97.6,2.4
2026-05-30 06:16:43,delta,1,866,success,16,0.5553,0.3762,0,91.92,6.93,98.0,2.0,97.6,2.4
2026-05-30 06:16:58,delta,1,867,success,12,0.2894,1.0655,0,91.93,6.92,98.0,2.0,97.6,2.4
2026-05-30 06:17:18,delta,1,868,success,12,0.417,1.6011,0,91.94,6.91,98.0,2.0,97.6,2.4
2026-05-30 06:17:29,delta,1,869,success,10,0.7356,1.0128,0,91.94,6.9,98.0,2.0,97.6,2.4
2026-05-30 06:17:43,delta,1,870,success,12,0.5758,0.3669,0,91.95,6.9,98.0,2.0,97.6,2.4
2026-05-30 06:17:55,delta,1,871,success,11,0.986,0.5228,0,91.96,6.89,98.0,2.0,97.6,2.4
2026-05-30 06:18:08,delta,1,872,success,11,0.9184,0.6931,0,91.97,6.88,98.0,2.0,97.6,2.4
2026-05-30 06:18:23,delta,1,873,success,14,0.5534,0.9954,0,91.98,6.87,98.0,2.0,97.6,2.4
2026-05-30 06:18:35,delta,1,874,success,10,0.8469,0.8904,0,91.99,6.86,98.0,2.0,97.6,2.4
2026-05-30 06:18:42,delta,1,875,success,6,1.1829,1.3291,0,92.0,6.86,98.0,2.0,97.6,2.4
2026-05-30 06:18:51,delta,1,876,success,8,0.8233,0.964,0,92.01,6.85,98.0,2.0,97.6,2.4
2026-05-30 06:19:01,delta,1,877,success,8,0.9772,0.5393,0,92.02,6.84,98.0,2.0,97.6,2.4
2026-05-30 06:19:14,delta,1,878,success,10,0.5669,1.0188,0,92.03,6.83,98.0,2.0,97.6,2.4
2026-05-30 06:19:25,delta,1,879,success,10,0.9739,0.6733,0,92.04,6.83,98.0,2.0,97.6,2.4
2026-05-30 06:19:37,delta,1,880,success,10,0.7239,0.8633,0,92.05,6.82,98.0,2.0,97.6,2.4
2026-05-30 06:19:50,delta,1,881,success,12,0.6706,0.6257,0,92.05,6.81,98.0,2.0,97.6,2.4
2026-05-30 06:20:01,delta,1,882,success,10,0.7776,1.1934,0,92.06,6.8,98.0,2.0,97.6,2.4
2026-05-30 06:20:13,delta,1,883,success,10,0.8201,1.1411,0,92.07,6.8,98.0,2.0,97.6,2.4
2026-05-30 06:20:27,delta,1,884,success,12,0.4364,1.2749,0,92.08,6.79,98.0,2.0,97.6,2.4
2026-05-30 06:20:33,delta,1,885,success,4,1.1919,1.4835,0,92.09,6.78,98.0,2.0,97.6,2.4
2026-05-30 06:20:42,delta,1,886,success,8,0.7387,1.3728,0,92.1,6.77,99.0,1.0,97.6,2.4
2026-05-30 06:20:54,delta,1,887,success,10,0.3788,1.6703,0,92.11,6.76,99.0,1.0,97.6,2.4
2026-05-30 06:21:04,delta,1,888,success,8,1.128,0.915,0,92.12,6.76,99.0,1.0,97.6,2.4
2026-05-30 06:21:14,delta,1,889,success,8,0.9599,0.7453,0,92.13,6.75,99.0,1.0,97.6,2.4
2026-05-30 06:21:31,delta,1,890,collision,-1,0.4427,0.1938,1,92.02,6.85,98.0,2.0,97.4,2.6
2026-05-30 06:21:41,delta,1,891,success,8,1.0688,0.9149,0,92.03,6.85,98.0,2.0,97.4,2.6
2026-05-30 06:21:50,delta,1,892,success,8,0.9191,1.2073,0,92.04,6.84,98.0,2.0,97.4,2.6
2026-05-30 06:21:58,delta,1,893,success,6,0.9999,0.9234,0,92.05,6.83,98.0,2.0,97.4,2.6
2026-05-30 06:22:15,delta,1,894,success,16,0.404,0.8844,0,92.06,6.82,98.0,2.0,97.4,2.6
2026-05-30 06:22:27,delta,1,895,success,11,0.5989,1.5798,0,92.07,6.82,98.0,2.0,97.4,2.6
2026-05-30 06:22:42,delta,1,896,success,13,0.6855,0.7549,0,92.08,6.81,98.0,2.0,97.4,2.6
2026-05-30 06:22:55,delta,1,897,success,10,0.783,0.8826,0,92.08,6.8,98.0,2.0,97.4,2.6
2026-05-30 06:23:03,delta,1,898,success,6,0.9388,1.11,0,92.09,6.79,98.0,2.0,97.4,2.6
2026-05-30 06:23:06,delta,1,899,success,2,1.3644,1.7852,0,92.1,6.79,98.0,2.0,97.4,2.6
2026-05-30 06:23:19,delta,1,900,success,10,0.7699,0.6859,0,92.11,6.78,98.0,2.0,97.4,2.6
2026-05-30 06:23:32,delta,1,901,success,12,0.5437,0.8673,0,92.12,6.77,98.0,2.0,97.4,2.6
2026-05-30 06:23:50,delta,1,902,success,16,0.5493,1.2446,0,92.13,6.76,98.0,2.0,97.4,2.6
2026-05-30 06:23:58,delta,1,903,success,6,1.1351,1.3453,0,92.14,6.76,98.0,2.0,97.4,2.6
2026-05-30 06:24:09,delta,1,904,success,10,0.7547,1.1681,0,92.15,6.75,98.0,2.0,97.4,2.6
2026-05-30 06:24:20,delta,1,905,success,8,0.6899,0.787,0,92.15,6.74,98.0,2.0,97.4,2.6
2026-05-30 06:24:25,delta,1,906,success,4,1.1495,1.5035,0,92.16,6.73,98.0,2.0,97.4,2.6
2026-05-30 06:24:42,delta,1,907,success,16,0.644,0.5991,0,92.17,6.73,98.0,2.0,97.4,2.6
2026-05-30 06:24:56,delta,1,908,success,12,0.6462,0.9002,0,92.18,6.72,98.0,2.0,97.4,2.6
2026-05-30 06:25:11,delta,1,909,success,14,0.4498,1.0351,0,92.19,6.71,98.0,2.0,97.4,2.6
2026-05-30 06:25:27,delta,1,910,success,15,0.6276,1.4973,0,92.2,6.7,98.0,2.0,97.4,2.6
2026-05-30 06:25:42,delta,1,911,success,13,0.6313,0.6031,0,92.21,6.7,98.0,2.0,97.4,2.6
2026-05-30 06:25:49,delta,1,912,success,6,1.0959,1.3188,0,92.21,6.69,98.0,2.0,97.4,2.6
2026-05-30 06:26:05,delta,1,913,success,14,0.7055,0.81,0,92.22,6.68,98.0,2.0,97.4,2.6
2026-05-30 06:26:16,delta,1,914,success,10,0.8233,0.6146,0,92.23,6.67,98.0,2.0,97.4,2.6
2026-05-30 06:26:26,delta,1,915,success,8,0.5051,1.4894,0,92.24,6.67,98.0,2.0,97.4,2.6
2026-05-30 06:26:41,delta,1,916,success,14,0.559,1.3041,0,92.25,6.66,98.0,2.0,97.4,2.6
2026-05-30 06:26:49,delta,1,917,success,6,0.9529,1.6599,0,92.26,6.65,98.0,2.0,97.4,2.6
2026-05-30 06:27:01,delta,1,918,success,10,0.3826,0.9704,0,92.27,6.64,98.0,2.0,97.4,2.6
2026-05-30 06:27:13,delta,1,919,success,10,0.6507,0.7858,0,92.27,6.64,98.0,2.0,97.4,2.6
2026-05-30 06:27:27,delta,1,920,success,12,0.7608,0.7593,0,92.28,6.63,98.0,2.0,97.4,2.6
2026-05-30 06:27:32,delta,1,921,success,4,1.2168,1.5694,0,92.29,6.62,98.0,2.0,97.4,2.6
2026-05-30 06:27:48,delta,1,922,success,14,0.7675,0.8815,0,92.3,6.62,98.0,2.0,97.4,2.6
2026-05-30 06:28:00,delta,1,923,success,10,0.8476,0.8103,0,92.31,6.61,98.0,2.0,97.4,2.6
2026-05-30 06:28:13,delta,1,924,success,12,0.3234,1.4952,0,92.32,6.6,98.0,2.0,97.4,2.6
2026-05-30 06:28:21,delta,1,925,success,6,0.8662,1.599,0,92.32,6.59,98.0,2.0,97.4,2.6
2026-05-30 06:28:31,delta,1,926,success,8,0.8717,0.9617,0,92.33,6.59,98.0,2.0,97.4,2.6
2026-05-30 06:28:47,delta,1,927,success,14,0.3998,1.3658,0,92.34,6.58,98.0,2.0,97.4,2.6
2026-05-30 06:29:03,delta,1,928,success,14,0.4456,1.2175,0,92.35,6.57,98.0,2.0,97.4,2.6
2026-05-30 06:29:19,delta,1,929,success,14,0.7384,0.4384,0,92.36,6.57,98.0,2.0,97.4,2.6
2026-05-30 06:29:30,delta,1,930,success,10,0.485,1.0697,0,92.37,6.56,98.0,2.0,97.4,2.6
2026-05-30 06:29:40,delta,1,931,success,9,0.9939,0.9632,0,92.37,6.55,98.0,2.0,97.4,2.6
2026-05-30 06:29:58,delta,1,932,success,15,0.3022,1.3949,0,92.38,6.55,98.0,2.0,97.4,2.6
2026-05-30 06:30:09,delta,1,933,success,10,0.6634,1.0382,0,92.39,6.54,98.0,2.0,97.4,2.6
2026-05-30 06:30:16,delta,1,934,success,6,1.1148,1.2558,0,92.4,6.53,98.0,2.0,97.4,2.6
2026-05-30 06:30:30,delta,1,935,success,12,0.482,1.248,0,92.41,6.52,98.0,2.0,97.4,2.6
2026-05-30 06:30:39,delta,1,936,success,8,0.9549,1.5223,0,92.41,6.52,98.0,2.0,97.4,2.6
2026-05-30 06:30:49,delta,1,937,success,8,1.156,1.0388,0,92.42,6.51,98.0,2.0,97.4,2.6
2026-05-30 06:31:01,delta,1,938,success,10,0.6193,0.7827,0,92.43,6.5,98.0,2.0,97.4,2.6
2026-05-30 06:31:14,delta,1,939,success,12,0.7322,0.6911,0,92.44,6.5,98.0,2.0,97.4,2.6
2026-05-30 06:31:26,delta,1,940,success,10,0.6771,0.9234,0,92.45,6.49,98.0,2.0,97.4,2.6
2026-05-30 06:31:35,delta,1,941,success,8,1.1345,0.878,0,92.45,6.48,98.0,2.0,97.6,2.4
2026-05-30 06:31:45,delta,1,942,success,8,0.9537,0.7355,0,92.46,6.48,99.0,1.0,97.6,2.4
2026-05-30 06:31:56,delta,1,943,success,10,0.8097,0.9413,0,92.47,6.47,99.0,1.0,97.6,2.4
2026-05-30 06:32:09,delta,1,944,success,12,0.3561,1.2704,0,92.48,6.46,99.0,1.0,97.6,2.4
2026-05-30 06:32:26,delta,1,945,success,16,0.3885,0.5838,0,92.49,6.46,99.0,1.0,97.6,2.4
2026-05-30 06:32:42,delta,1,946,success,14,0.5018,1.1606,0,92.49,6.45,99.0,1.0,97.6,2.4
2026-05-30 06:32:54,delta,1,947,success,10,0.4095,0.9912,0,92.5,6.44,99.0,1.0,97.6,2.4
2026-05-30 06:33:06,delta,1,948,success,11,0.8312,0.5189,0,92.51,6.43,99.0,1.0,97.6,2.4
2026-05-30 06:33:17,delta,1,949,success,9,0.9732,0.6679,0,92.52,6.43,99.0,1.0,97.6,2.4
2026-05-30 06:33:32,delta,1,950,success,14,0.4485,1.0769,0,92.53,6.42,99.0,1.0,97.6,2.4
2026-05-30 06:33:42,delta,1,951,success,8,1.1823,1.2115,0,92.53,6.41,99.0,1.0,97.6,2.4
2026-05-30 06:33:49,delta,1,952,success,6,0.8268,0.8739,0,92.54,6.41,99.0,1.0,97.6,2.4
2026-05-30 06:34:01,delta,1,953,success,10,0.8554,1.3048,0,92.55,6.4,99.0,1.0,97.6,2.4
2026-05-30 06:34:08,delta,1,954,success,6,1.0931,1.0727,0,92.56,6.39,99.0,1.0,97.6,2.4
2026-05-30 06:34:18,delta,1,955,success,8,0.6911,1.5207,0,92.57,6.39,99.0,1.0,97.6,2.4
2026-05-30 06:34:34,delta,1,956,success,14,0.3186,1.2177,0,92.57,6.38,99.0,1.0,97.6,2.4
2026-05-30 06:34:48,delta,1,957,success,12,0.9698,0.7534,0,92.58,6.37,99.0,1.0,97.8,2.2
2026-05-30 06:34:57,delta,1,958,success,8,0.9274,0.9303,0,92.59,6.37,99.0,1.0,97.8,2.2
2026-05-30 06:35:11,delta,1,959,success,12,0.8995,0.3999,0,92.6,6.36,99.0,1.0,97.8,2.2
2026-05-30 06:35:22,delta,1,960,success,10,0.4158,1.6064,0,92.6,6.35,99.0,1.0,98.0,2.0
2026-05-30 06:35:35,delta,1,961,success,10,0.8194,0.3503,0,92.61,6.35,99.0,1.0,98.0,2.0
2026-05-30 06:35:44,delta,1,962,success,8,0.6679,1.1859,0,92.62,6.34,99.0,1.0,98.0,2.0
2026-05-30 06:35:51,delta,1,963,success,6,0.8539,1.354,0,92.63,6.33,99.0,1.0,98.0,2.0
2026-05-30 06:36:05,delta,1,964,success,12,0.9233,0.8672,0,92.63,6.33,99.0,1.0,98.0,2.0
2026-05-30 06:36:16,delta,1,965,success,10,0.7473,1.212,0,92.64,6.32,99.0,1.0,98.0,2.0
2026-05-30 06:36:27,delta,1,966,success,10,0.8136,0.9768,0,92.65,6.31,99.0,1.0,98.0,2.0
2026-05-30 06:36:39,delta,1,967,success,10,0.9918,0.8339,0,92.66,6.31,99.0,1.0,98.0,2.0
2026-05-30 06:36:49,delta,1,968,success,8,0.5636,1.3115,0,92.67,6.3,99.0,1.0,98.0,2.0
2026-05-30 06:37:04,delta,1,969,success,14,0.8926,0.5628,0,92.67,6.3,99.0,1.0,98.0,2.0
2026-05-30 06:37:10,delta,1,970,success,4,0.9902,1.581,0,92.68,6.29,99.0,1.0,98.0,2.0
2026-05-30 06:37:21,delta,1,971,success,10,0.7755,0.8904,0,92.69,6.28,99.0,1.0,98.0,2.0
2026-05-30 06:37:29,delta,1,972,success,6,0.6352,1.5814,0,92.7,6.28,99.0,1.0,98.0,2.0
2026-05-30 06:37:38,delta,1,973,success,8,0.9913,0.7027,0,92.7,6.27,99.0,1.0,98.0,2.0
2026-05-30 06:37:44,delta,1,974,success,4,1.351,1.6675,0,92.71,6.26,99.0,1.0,98.0,2.0
2026-05-30 06:37:51,delta,1,975,success,7,1.3706,1.4637,0,92.72,6.26,99.0,1.0,98.0,2.0
2026-05-30 06:38:08,delta,1,976,success,15,0.6911,0.3117,0,92.73,6.25,99.0,1.0,98.0,2.0
2026-05-30 06:38:17,delta,1,977,success,6,0.5771,1.5061,0,92.73,6.24,99.0,1.0,98.0,2.0
2026-05-30 06:38:26,delta,1,978,success,8,0.8761,1.0913,0,92.74,6.24,99.0,1.0,98.0,2.0
2026-05-30 06:38:40,delta,1,979,success,12,0.6781,0.6355,0,92.75,6.23,99.0,1.0,98.0,2.0
2026-05-30 06:38:52,delta,1,980,success,10,0.9234,0.5124,0,92.76,6.22,99.0,1.0,98.0,2.0
2026-05-30 06:39:03,delta,1,981,success,10,0.4635,1.2519,0,92.76,6.22,99.0,1.0,98.0,2.0
2026-05-30 06:39:12,delta,1,982,success,8,1.1756,1.0099,0,92.77,6.21,99.0,1.0,98.0,2.0
2026-05-30 06:39:23,delta,1,983,success,10,0.8268,0.6644,0,92.78,6.21,99.0,1.0,98.0,2.0
2026-05-30 06:39:35,delta,1,984,success,10,0.8341,0.8792,0,92.78,6.2,99.0,1.0,98.0,2.0
2026-05-30 06:39:47,delta,1,985,success,10,0.752,1.5624,0,92.79,6.19,99.0,1.0,98.0,2.0
2026-05-30 06:40:04,delta,1,986,success,14,0.4973,1.1852,0,92.8,6.19,99.0,1.0,98.0,2.0
2026-05-30 06:40:16,delta,1,987,success,10,0.6264,1.268,0,92.81,6.18,99.0,1.0,98.0,2.0
2026-05-30 06:40:26,delta,1,988,success,8,0.8799,0.7133,0,92.81,6.17,99.0,1.0,98.0,2.0
2026-05-30 06:40:31,delta,1,989,success,4,1.1719,1.7803,0,92.82,6.17,99.0,1.0,98.2,1.8
2026-05-30 06:40:39,delta,1,990,success,6,0.8752,0.9761,0,92.83,6.16,100.0,0.0,98.2,1.8
2026-05-30 06:40:50,delta,1,991,success,10,0.9242,0.5992,0,92.84,6.16,100.0,0.0,98.2,1.8
2026-05-30 06:41:07,delta,1,992,success,16,0.6722,0.788,0,92.84,6.15,100.0,0.0,98.2,1.8
2026-05-30 06:41:13,delta,1,993,success,4,1.3292,1.6945,0,92.85,6.14,100.0,0.0,98.2,1.8
2026-05-30 06:41:20,delta,1,994,success,6,0.9095,0.8169,0,92.86,6.14,100.0,0.0,98.2,1.8
2026-05-30 06:41:38,delta,1,995,success,16,0.6551,0.6664,0,92.86,6.13,100.0,0.0,98.2,1.8
2026-05-30 06:41:43,delta,1,996,success,4,0.9529,1.7025,0,92.87,6.12,100.0,0.0,98.2,1.8
2026-05-30 06:41:52,delta,1,997,success,8,1.1204,0.7013,0,92.88,6.12,100.0,0.0,98.2,1.8
2026-05-30 06:42:04,delta,1,998,success,10,1.0546,1.0318,0,92.89,6.11,100.0,0.0,98.2,1.8
2026-05-30 06:42:11,delta,1,999,success,6,0.824,1.3293,0,92.89,6.11,100.0,0.0,98.2,1.8
2026-05-30 06:42:20,delta,1,1000,success,6,0.9846,1.5305,0,92.9,6.1,100.0,0.0,98.2,1.8
2026-05-30 06:42:31,delta,1,1001,success,10,0.8232,0.8533,0,92.91,6.09,100.0,0.0,98.2,1.8
2026-05-30 06:42:40,delta,1,1002,success,8,0.8099,0.7943,0,92.91,6.09,100.0,0.0,98.2,1.8
2026-05-30 06:42:54,delta,1,1003,success,12,0.7522,0.7673,0,92.92,6.08,100.0,0.0,98.2,1.8
2026-05-30 06:43:06,delta,1,1004,success,10,0.8748,1.0851,0,92.93,6.08,100.0,0.0,98.2,1.8
2026-05-30 06:43:22,delta,1,1005,success,14,0.5651,0.537,0,92.94,6.07,100.0,0.0,98.2,1.8
2026-05-30 06:43:36,delta,1,1006,success,12,0.5773,0.8237,0,92.94,6.06,100.0,0.0,98.2,1.8
2026-05-30 06:43:43,delta,1,1007,success,6,1.0935,1.3185,0,92.95,6.06,100.0,0.0,98.4,1.6
2026-05-30 06:43:55,delta,1,1008,success,10,0.6293,0.7901,0,92.96,6.05,100.0,0.0,98.4,1.6
2026-05-30 06:44:02,delta,1,1009,success,6,0.8949,1.2736,0,92.96,6.05,100.0,0.0,98.4,1.6
2026-05-30 06:44:15,delta,1,1010,success,12,0.8766,1.2306,0,92.97,6.04,100.0,0.0,98.4,1.6
2026-05-30 06:44:27,delta,1,1011,success,10,0.7597,1.2711,0,92.98,6.03,100.0,0.0,98.4,1.6
2026-05-30 06:44:44,delta,1,1012,success,16,0.6472,0.5794,0,92.98,6.03,100.0,0.0,98.4,1.6
2026-05-30 06:45:03,delta,1,1013,success,16,0.316,1.4373,0,92.99,6.02,100.0,0.0,98.4,1.6
2026-05-30 06:45:11,delta,1,1014,success,6,0.8003,1.5409,0,93.0,6.02,100.0,0.0,98.4,1.6
2026-05-30 06:45:20,delta,1,1015,success,8,0.6569,1.1414,0,93.0,6.01,100.0,0.0,98.4,1.6
2026-05-30 06:45:29,delta,1,1016,success,8,1.0495,0.8574,0,93.01,6.0,100.0,0.0,98.4,1.6
2026-05-30 06:45:42,delta,1,1017,success,12,0.3767,1.6799,0,93.02,6.0,100.0,0.0,98.4,1.6
2026-05-30 06:45:52,delta,1,1018,success,8,0.7231,1.1695,0,93.03,5.99,100.0,0.0,98.4,1.6
2026-05-30 06:46:05,delta,1,1019,success,12,0.7322,1.0499,0,93.03,5.99,100.0,0.0,98.4,1.6
2026-05-30 06:46:17,delta,1,1020,success,10,0.5523,0.9311,0,93.04,5.98,100.0,0.0,98.4,1.6
2026-05-30 06:46:26,delta,1,1021,success,8,0.7328,1.2319,0,93.05,5.97,100.0,0.0,98.4,1.6
2026-05-30 06:46:42,delta,1,1022,success,14,0.7281,0.9548,0,93.05,5.97,100.0,0.0,98.4,1.6
2026-05-30 06:46:54,delta,1,1023,success,10,0.9998,0.8005,0,93.06,5.96,100.0,0.0,98.4,1.6
2026-05-30 06:47:03,delta,1,1024,success,8,0.7703,1.2859,0,93.07,5.96,100.0,0.0,98.4,1.6
2026-05-30 06:47:11,delta,1,1025,success,6,0.8241,1.6263,0,93.07,5.95,100.0,0.0,98.4,1.6
2026-05-30 06:47:25,delta,1,1026,success,12,0.837,0.5872,0,93.08,5.95,100.0,0.0,98.4,1.6
2026-05-30 06:47:39,delta,1,1027,success,12,0.5822,1.1052,0,93.09,5.94,100.0,0.0,98.4,1.6
2026-05-30 06:48:02,delta,1,1028,success,20,0.5368,0.7601,0,93.09,5.93,100.0,0.0,98.4,1.6
2026-05-30 06:48:18,delta,1,1029,success,14,0.6789,0.5195,0,93.1,5.93,100.0,0.0,98.4,1.6
2026-05-30 06:48:30,delta,1,1030,success,10,0.6875,0.2126,1,93.11,5.92,100.0,0.0,98.4,1.6
2026-05-30 06:48:38,delta,1,1031,success,6,1.0057,0.7956,0,93.11,5.92,100.0,0.0,98.4,1.6
2026-05-30 06:48:55,delta,1,1032,success,16,0.5369,0.3957,0,93.12,5.91,100.0,0.0,98.4,1.6
2026-05-30 06:49:10,delta,1,1033,success,14,0.9016,0.7008,0,93.13,5.91,100.0,0.0,98.4,1.6
2026-05-30 06:49:19,delta,1,1034,success,8,0.764,1.5043,0,93.13,5.9,100.0,0.0,98.4,1.6
2026-05-30 06:49:34,delta,1,1035,success,12,0.6482,0.6499,0,93.14,5.89,100.0,0.0,98.4,1.6
2026-05-30 06:49:41,delta,1,1036,success,6,1.0401,1.5835,0,93.15,5.89,100.0,0.0,98.4,1.6
2026-05-30 06:49:55,delta,1,1037,success,12,0.8978,0.4425,0,93.15,5.88,100.0,0.0,98.4,1.6
2026-05-30 06:50:04,delta,1,1038,success,8,0.6127,1.6241,0,93.16,5.88,100.0,0.0,98.4,1.6
2026-05-30 06:50:14,delta,1,1039,success,8,1.1131,0.7258,0,93.17,5.87,100.0,0.0,98.4,1.6
2026-05-30 06:50:25,delta,1,1040,success,10,0.6085,0.8902,0,93.17,5.87,100.0,0.0,98.4,1.6
2026-05-30 06:50:37,delta,1,1041,success,10,0.8217,0.7523,0,93.18,5.86,100.0,0.0,98.4,1.6
2026-05-30 06:50:56,delta,1,1042,success,18,0.2501,0.9601,0,93.19,5.85,100.0,0.0,98.4,1.6
2026-05-30 06:51:06,delta,1,1043,success,8,0.9928,0.7862,0,93.19,5.85,100.0,0.0,98.4,1.6
2026-05-30 06:51:19,delta,1,1044,success,12,0.6455,0.4651,0,93.2,5.84,100.0,0.0,98.4,1.6
2026-05-30 06:51:27,delta,1,1045,success,6,0.8779,1.211,0,93.21,5.84,100.0,0.0,98.4,1.6
2026-05-30 06:51:32,delta,1,1046,success,4,1.2834,1.6102,0,93.21,5.83,100.0,0.0,98.4,1.6
2026-05-30 06:51:42,delta,1,1047,success,8,1.1426,0.8591,0,93.22,5.83,100.0,0.0,98.4,1.6
2026-05-30 06:51:49,delta,1,1048,success,6,0.9556,1.012,0,93.23,5.82,100.0,0.0,98.4,1.6
2026-05-30 06:52:05,delta,1,1049,success,14,0.6674,0.2882,1,93.23,5.82,100.0,0.0,98.4,1.6
2026-05-30 06:52:19,delta,1,1050,success,12,0.9861,0.4549,0,93.24,5.81,100.0,0.0,98.4,1.6
2026-05-30 06:52:27,delta,1,1051,success,6,0.9233,1.0023,0,93.24,5.8,100.0,0.0,98.4,1.6
2026-05-30 06:52:37,delta,1,1052,success,8,0.9443,0.9115,0,93.25,5.8,100.0,0.0,98.4,1.6
2026-05-30 06:52:50,delta,1,1053,success,12,0.8263,0.681,0,93.26,5.79,100.0,0.0,98.4,1.6
2026-05-30 06:53:03,delta,1,1054,success,12,0.6072,0.6314,0,93.26,5.79,100.0,0.0,98.4,1.6
2026-05-30 06:53:10,delta,1,1055,success,6,1.0483,1.1803,0,93.27,5.78,100.0,0.0,98.4,1.6
2026-05-30 06:53:20,delta,1,1056,success,8,0.9173,1.2906,0,93.28,5.78,100.0,0.0,98.4,1.6
2026-05-30 06:53:32,delta,1,1057,success,10,0.8116,0.9635,0,93.28,5.77,100.0,0.0,98.4,1.6
2026-05-30 06:53:43,delta,1,1058,success,10,1.0064,0.4795,0,93.29,5.77,100.0,0.0,98.4,1.6
2026-05-30 06:53:51,delta,1,1059,success,6,0.8623,1.1016,0,93.3,5.76,100.0,0.0,98.6,1.4
2026-05-30 06:54:04,delta,1,1060,success,12,0.8322,0.7513,0,93.3,5.75,100.0,0.0,98.6,1.4
2026-05-30 06:54:14,delta,1,1061,success,8,0.8371,0.9679,0,93.31,5.75,100.0,0.0,98.6,1.4
2026-05-30 06:54:22,delta,1,1062,success,6,0.6683,1.6782,0,93.31,5.74,100.0,0.0,98.6,1.4
2026-05-30 06:54:33,delta,1,1063,success,10,0.8905,0.5358,0,93.32,5.74,100.0,0.0,98.6,1.4
2026-05-30 06:54:46,delta,1,1064,success,12,0.6426,0.5427,0,93.33,5.73,100.0,0.0,98.6,1.4
2026-05-30 06:54:55,delta,1,1065,success,8,0.89,0.6574,0,93.33,5.73,100.0,0.0,98.6,1.4
2026-05-30 06:55:09,delta,1,1066,success,12,0.7735,1.2582,0,93.34,5.72,100.0,0.0,98.6,1.4
2026-05-30 06:55:20,delta,1,1067,success,10,0.6931,1.0613,0,93.35,5.72,100.0,0.0,98.6,1.4
2026-05-30 06:55:31,delta,1,1068,success,10,0.9168,0.7392,0,93.35,5.71,100.0,0.0,98.6,1.4
2026-05-30 06:55:39,delta,1,1069,success,6,0.9354,1.0317,0,93.36,5.71,100.0,0.0,98.6,1.4
2026-05-30 06:55:48,delta,1,1070,success,8,0.9135,0.7132,0,93.36,5.7,100.0,0.0,98.6,1.4
2026-05-30 06:55:57,delta,1,1071,success,8,0.8931,1.1234,0,93.37,5.7,100.0,0.0,98.6,1.4
2026-05-30 06:56:16,delta,1,1072,success,19,0.4921,1.1013,0,93.38,5.69,100.0,0.0,98.6,1.4
2026-05-30 06:56:36,delta,1,1073,success,17,0.4192,0.8695,0,93.38,5.68,100.0,0.0,98.6,1.4
2026-05-30 06:56:45,delta,1,1074,success,8,1.0458,0.7718,0,93.39,5.68,100.0,0.0,98.6,1.4
2026-05-30 06:56:55,delta,1,1075,success,8,1.0578,0.9186,0,93.4,5.67,100.0,0.0,98.6,1.4
2026-05-30 06:57:06,delta,1,1076,success,10,0.707,0.7104,0,93.4,5.67,100.0,0.0,98.6,1.4
2026-05-30 06:57:21,delta,1,1077,success,14,0.6851,0.5059,0,93.41,5.66,100.0,0.0,98.6,1.4
2026-05-30 06:57:32,delta,1,1078,success,10,0.9407,1.0746,0,93.41,5.66,100.0,0.0,98.6,1.4
2026-05-30 06:57:41,delta,1,1079,success,8,1.0872,0.9731,0,93.42,5.65,100.0,0.0,98.6,1.4
2026-05-30 06:57:57,delta,1,1080,success,14,0.7523,0.5244,0,93.43,5.65,100.0,0.0,98.6,1.4
2026-05-30 06:58:07,delta,1,1081,success,8,0.6627,1.0471,0,93.43,5.64,100.0,0.0,98.6,1.4
2026-05-30 06:58:20,delta,1,1082,success,12,0.8213,0.5057,0,93.44,5.64,100.0,0.0,98.6,1.4
2026-05-30 06:58:30,delta,1,1083,success,8,0.9604,0.8936,0,93.44,5.63,100.0,0.0,98.6,1.4
2026-05-30 06:58:43,delta,1,1084,success,12,0.7586,0.5454,0,93.45,5.63,100.0,0.0,98.6,1.4
2026-05-30 06:58:52,delta,1,1085,success,8,0.8542,0.6614,0,93.46,5.62,100.0,0.0,98.6,1.4
2026-05-30 06:59:03,delta,1,1086,success,10,0.3807,1.1085,0,93.46,5.62,100.0,0.0,98.6,1.4
2026-05-30 06:59:13,delta,1,1087,success,8,0.8242,1.062,0,93.47,5.61,100.0,0.0,98.6,1.4
2026-05-30 06:59:21,delta,1,1088,success,6,0.7404,0.8167,0,93.47,5.61,100.0,0.0,98.6,1.4
2026-05-30 06:59:38,delta,1,1089,success,16,0.4407,0.9861,0,93.48,5.6,100.0,0.0,98.6,1.4
2026-05-30 06:59:45,delta,1,1090,success,6,1.2777,1.1455,0,93.49,5.6,100.0,0.0,98.6,1.4
2026-05-30 06:59:55,delta,1,1091,success,8,0.9598,0.5754,0,93.49,5.59,100.0,0.0,98.6,1.4
2026-05-30 07:00:10,delta,1,1092,success,14,0.617,0.4995,0,93.5,5.59,100.0,0.0,98.6,1.4
2026-05-30 07:00:24,delta,1,1093,success,12,0.8039,0.4515,0,93.5,5.58,100.0,0.0,98.6,1.4
2026-05-30 07:00:33,delta,1,1094,success,8,0.9091,0.8386,0,93.51,5.58,100.0,0.0,98.6,1.4
2026-05-30 07:00:46,delta,1,1095,success,12,0.4613,1.6298,0,93.52,5.57,100.0,0.0,98.6,1.4
2026-05-30 07:01:02,delta,1,1096,success,14,0.4536,0.6575,0,93.52,5.57,100.0,0.0,98.6,1.4
2026-05-30 07:01:17,delta,1,1097,success,14,0.492,1.2635,0,93.53,5.56,100.0,0.0,98.6,1.4
2026-05-30 07:01:28,delta,1,1098,success,10,0.7344,0.9837,0,93.53,5.56,100.0,0.0,98.6,1.4
2026-05-30 07:01:36,delta,1,1099,success,6,1.0639,1.3947,0,93.54,5.55,100.0,0.0,98.6,1.4
2026-05-30 07:01:45,delta,1,1100,success,8,0.5772,1.4679,0,93.55,5.55,100.0,0.0,98.6,1.4
2026-05-30 07:02:03,delta,1,1101,success,16,0.6417,0.7308,0,93.55,5.54,100.0,0.0,98.6,1.4
2026-05-30 07:02:17,delta,1,1102,success,12,0.6632,0.9631,0,93.56,5.54,100.0,0.0,98.6,1.4
2026-05-30 07:02:21,delta,1,1103,success,2,1.3482,1.8101,0,93.56,5.53,100.0,0.0,98.6,1.4
2026-05-30 07:02:32,delta,1,1104,success,10,0.9919,1.0175,0,93.57,5.53,100.0,0.0,98.6,1.4
2026-05-30 07:02:47,delta,1,1105,success,14,0.8957,0.7267,0,93.57,5.52,100.0,0.0,98.6,1.4
2026-05-30 07:03:01,delta,1,1106,success,12,0.6343,0.8361,0,93.58,5.52,100.0,0.0,98.6,1.4
2026-05-30 07:03:15,delta,1,1107,success,12,0.5271,1.0547,0,93.59,5.51,100.0,0.0,98.6,1.4
2026-05-30 07:03:22,delta,1,1108,success,6,1.1181,1.4739,0,93.59,5.51,100.0,0.0,98.6,1.4
2026-05-30 07:03:34,delta,1,1109,success,10,1.0242,0.6557,0,93.6,5.5,100.0,0.0,98.6,1.4
2026-05-30 07:03:43,delta,1,1110,success,8,0.9315,0.8805,0,93.6,5.5,100.0,0.0,98.6,1.4
2026-05-30 07:03:55,delta,1,1111,success,10,0.6844,1.0367,0,93.61,5.49,100.0,0.0,98.6,1.4
2026-05-30 07:04:06,delta,1,1112,success,10,0.7597,1.1014,0,93.62,5.49,100.0,0.0,98.6,1.4
2026-05-30 07:04:19,delta,1,1113,success,12,0.5397,1.0336,0,93.62,5.48,100.0,0.0,98.8,1.2
2026-05-30 07:04:28,delta,1,1114,success,8,1.0924,0.9718,0,93.63,5.48,100.0,0.0,98.8,1.2
2026-05-30 07:04:40,delta,1,1115,success,10,0.8783,0.3083,0,93.63,5.47,100.0,0.0,98.8,1.2
2026-05-30 07:04:54,delta,1,1116,success,12,0.7329,0.6683,0,93.64,5.47,100.0,0.0,98.8,1.2
2026-05-30 07:05:03,delta,1,1117,success,8,0.9444,0.5395,0,93.64,5.46,100.0,0.0,98.8,1.2
2026-05-30 07:05:12,delta,1,1118,success,9,1.1485,1.46,0,93.65,5.46,100.0,0.0,98.8,1.2
2026-05-30 07:05:26,delta,1,1119,success,11,1.0039,0.7459,0,93.66,5.45,100.0,0.0,98.8,1.2
2026-05-30 07:05:34,delta,1,1120,success,6,1.041,0.6111,0,93.66,5.45,100.0,0.0,98.8,1.2
2026-05-30 07:05:45,delta,1,1121,success,10,0.9744,0.4634,0,93.67,5.44,100.0,0.0,98.8,1.2
2026-05-30 07:05:57,delta,1,1122,success,10,0.7207,0.839,0,93.67,5.44,100.0,0.0,98.8,1.2
2026-05-30 07:06:10,delta,1,1123,success,12,0.8435,0.4063,0,93.68,5.43,100.0,0.0,98.8,1.2
2026-05-30 07:06:24,delta,1,1124,success,12,0.9135,0.9655,0,93.68,5.43,100.0,0.0,98.8,1.2
2026-05-30 07:06:31,delta,1,1125,success,6,0.9708,1.4117,0,93.69,5.42,100.0,0.0,98.8,1.2
2026-05-30 07:06:42,delta,1,1126,success,10,1.0064,0.8269,0,93.69,5.42,100.0,0.0,98.8,1.2
2026-05-30 07:06:50,delta,1,1127,success,6,1.1974,1.3209,0,93.7,5.41,100.0,0.0,99.0,1.0
2026-05-30 07:06:59,delta,1,1128,success,8,0.9157,1.4081,0,93.71,5.41,100.0,0.0,99.0,1.0
2026-05-30 07:07:06,delta,1,1129,success,6,0.9795,1.2043,0,93.71,5.4,100.0,0.0,99.0,1.0
2026-05-30 07:07:17,delta,1,1130,success,10,0.8747,0.7687,0,93.72,5.4,100.0,0.0,99.0,1.0
2026-05-30 07:07:27,delta,1,1131,success,8,1.0408,0.8664,0,93.72,5.39,100.0,0.0,99.0,1.0
2026-05-30 07:07:35,delta,1,1132,success,6,0.7304,1.2973,0,93.73,5.39,100.0,0.0,99.0,1.0
2026-05-30 07:07:44,delta,1,1133,success,8,1.1462,0.8609,0,93.73,5.38,100.0,0.0,99.0,1.0
2026-05-30 07:07:54,delta,1,1134,success,8,1.0947,1.0395,0,93.74,5.38,100.0,0.0,99.0,1.0
2026-05-30 07:08:03,delta,1,1135,success,8,0.785,1.1056,0,93.74,5.37,100.0,0.0,99.0,1.0
2026-05-30 07:08:12,delta,1,1136,success,8,0.7143,1.3784,0,93.75,5.37,100.0,0.0,99.0,1.0
2026-05-30 07:08:26,delta,1,1137,success,12,0.6475,0.5151,0,93.76,5.36,100.0,0.0,99.0,1.0
2026-05-30 07:08:41,delta,1,1138,success,14,0.6847,1.1659,0,93.76,5.36,100.0,0.0,99.0,1.0
2026-05-30 07:08:48,delta,1,1139,success,6,0.9419,1.4147,0,93.77,5.36,100.0,0.0,99.0,1.0
2026-05-30 07:08:58,delta,1,1140,success,8,0.8891,0.8325,0,93.77,5.35,100.0,0.0,99.0,1.0
2026-05-30 07:09:03,delta,1,1141,success,4,1.1288,1.5995,0,93.78,5.35,100.0,0.0,99.0,1.0
2026-05-30 07:09:15,delta,1,1142,success,10,0.8656,0.7607,0,93.78,5.34,100.0,0.0,99.0,1.0
2026-05-30 07:09:35,delta,1,1143,success,20,0.7025,0.4599,0,93.79,5.34,100.0,0.0,99.0,1.0
2026-05-30 07:09:47,delta,1,1144,success,10,0.7216,1.155,0,93.79,5.33,100.0,0.0,99.0,1.0
2026-05-30 07:09:59,delta,1,1145,success,10,0.5364,1.1863,0,93.8,5.33,100.0,0.0,99.0,1.0
2026-05-30 07:10:13,delta,1,1146,success,12,0.8026,0.6219,0,93.8,5.32,100.0,0.0,99.0,1.0
2026-05-30 07:10:21,delta,1,1147,success,6,1.2128,1.7302,0,93.81,5.32,100.0,0.0,99.0,1.0
2026-05-30 07:10:32,delta,1,1148,success,10,0.8008,0.8877,0,93.82,5.31,100.0,0.0,99.0,1.0
2026-05-30 07:10:41,delta,1,1149,success,8,1.1434,0.9214,0,93.82,5.31,100.0,0.0,99.0,1.0
2026-05-30 07:10:59,delta,1,1150,success,16,0.8003,0.5747,0,93.83,5.3,100.0,0.0,99.0,1.0
2026-05-30 07:11:09,delta,1,1151,success,8,0.9029,0.6521,0,93.83,5.3,100.0,0.0,99.0,1.0
2026-05-30 07:11:20,delta,1,1152,success,10,0.6299,1.0372,0,93.84,5.3,100.0,0.0,99.0,1.0
2026-05-30 07:11:34,delta,1,1153,success,12,0.7065,0.775,0,93.84,5.29,100.0,0.0,99.0,1.0
2026-05-30 07:11:45,delta,1,1154,success,10,0.5174,1.4768,0,93.85,5.29,100.0,0.0,99.0,1.0
2026-05-30 07:11:55,delta,1,1155,success,8,0.6192,1.3977,0,93.85,5.28,100.0,0.0,99.0,1.0
2026-05-30 07:12:05,delta,1,1156,success,8,0.9717,0.5203,0,93.86,5.28,100.0,0.0,99.0,1.0
2026-05-30 07:12:14,delta,1,1157,success,8,0.9946,0.7908,0,93.86,5.27,100.0,0.0,99.0,1.0
2026-05-30 07:12:23,delta,1,1158,success,8,0.7422,1.2953,0,93.87,5.27,100.0,0.0,99.0,1.0
2026-05-30 07:12:37,delta,1,1159,success,12,0.8975,0.5409,0,93.87,5.26,100.0,0.0,99.0,1.0
2026-05-30 07:12:44,delta,1,1160,success,6,1.0323,1.0018,0,93.88,5.26,100.0,0.0,99.0,1.0
2026-05-30 07:12:51,delta,1,1161,success,6,0.9634,1.3604,0,93.88,5.25,100.0,0.0,99.0,1.0
2026-05-30 07:13:07,delta,1,1162,success,14,0.4932,0.6788,0,93.89,5.25,100.0,0.0,99.0,1.0
2026-05-30 07:13:21,delta,1,1163,success,12,0.8723,0.6358,0,93.9,5.25,100.0,0.0,99.0,1.0
2026-05-30 07:13:28,delta,1,1164,success,6,0.824,1.5681,0,93.9,5.24,100.0,0.0,99.0,1.0
2026-05-30 07:13:40,delta,1,1165,success,10,0.5435,1.2058,0,93.91,5.24,100.0,0.0,99.0,1.0
2026-05-30 07:13:54,delta,1,1166,success,12,0.8006,0.8311,0,93.91,5.23,100.0,0.0,99.0,1.0
2026-05-30 07:14:03,delta,1,1167,success,8,1.028,0.8334,0,93.92,5.23,100.0,0.0,99.0,1.0
2026-05-30 07:14:14,delta,1,1168,success,10,0.8141,0.8568,0,93.92,5.22,100.0,0.0,99.0,1.0
2026-05-30 07:14:24,delta,1,1169,success,8,0.701,0.7402,0,93.93,5.22,100.0,0.0,99.0,1.0
2026-05-30 07:14:34,delta,1,1170,success,8,0.9493,0.8297,0,93.93,5.21,100.0,0.0,99.0,1.0
2026-05-30 07:14:48,delta,1,1171,collision,-1,0.608,0.1452,1,93.85,5.29,99.0,1.0,98.8,1.2
2026-05-30 07:15:03,delta,1,1172,success,12,0.4935,1.0415,0,93.86,5.29,99.0,1.0,98.8,1.2
2026-05-30 07:15:08,delta,1,1173,success,4,1.0203,1.4427,0,93.86,5.29,99.0,1.0,98.8,1.2
2026-05-30 07:15:18,delta,1,1174,success,8,1.0602,0.6989,0,93.87,5.28,99.0,1.0,98.8,1.2
2026-05-30 07:15:28,delta,1,1175,success,8,0.9616,0.7391,0,93.87,5.28,99.0,1.0,98.8,1.2
2026-05-30 07:15:36,delta,1,1176,success,6,0.9405,0.7874,0,93.88,5.27,99.0,1.0,98.8,1.2
2026-05-30 07:15:47,delta,1,1177,success,10,1.0138,0.9181,0,93.88,5.27,99.0,1.0,98.8,1.2
2026-05-30 07:15:59,delta,1,1178,success,10,0.8534,0.6764,0,93.89,5.26,99.0,1.0,98.8,1.2
2026-05-30 07:16:11,delta,1,1179,success,8,0.9545,0.9716,0,93.89,5.26,99.0,1.0,98.8,1.2
2026-05-30 07:16:33,delta,1,1180,success,18,0.342,0.5803,0,93.9,5.25,99.0,1.0,98.8,1.2
2026-05-30 07:16:45,delta,1,1181,success,10,0.5017,1.2166,0,93.9,5.25,99.0,1.0,98.8,1.2
2026-05-30 07:16:56,delta,1,1182,success,10,0.3735,1.2769,0,93.91,5.25,99.0,1.0,98.8,1.2
2026-05-30 07:17:04,delta,1,1183,success,6,1.1094,1.0916,0,93.91,5.24,99.0,1.0,98.8,1.2
2026-05-30 07:17:17,delta,1,1184,success,12,0.6259,1.1454,0,93.92,5.24,99.0,1.0,98.8,1.2
2026-05-30 07:17:27,delta,1,1185,success,8,0.9052,0.4046,0,93.92,5.23,99.0,1.0,98.8,1.2
2026-05-30 07:17:34,delta,1,1186,success,6,0.9811,1.3382,0,93.93,5.23,99.0,1.0,98.8,1.2
2026-05-30 07:17:58,delta,1,1187,success,22,0.219,0.6823,0,93.93,5.22,99.0,1.0,99.0,1.0
2026-05-30 07:18:09,delta,1,1188,success,10,0.4178,1.3882,0,93.94,5.22,99.0,1.0,99.0,1.0
2026-05-30 07:18:17,delta,1,1189,success,6,1.0327,1.1716,0,93.94,5.21,99.0,1.0,99.0,1.0
2026-05-30 07:18:35,delta,1,1190,success,16,0.5729,0.4944,0,93.95,5.21,99.0,1.0,99.0,1.0
2026-05-30 07:18:43,delta,1,1191,success,6,0.6981,1.1406,0,93.95,5.21,99.0,1.0,99.0,1.0
2026-05-30 07:18:53,delta,1,1192,success,8,0.9877,0.8648,0,93.96,5.2,99.0,1.0,99.0,1.0
2026-05-30 07:19:03,delta,1,1193,success,8,0.8858,1.0957,0,93.96,5.2,99.0,1.0,99.0,1.0
2026-05-30 07:19:21,delta,1,1194,success,16,0.4468,0.6347,0,93.97,5.19,99.0,1.0,99.0,1.0
2026-05-30 07:19:30,delta,1,1195,success,8,0.74,1.0227,0,93.97,5.19,99.0,1.0,99.0,1.0
2026-05-30 07:19:40,delta,1,1196,success,8,0.8835,0.8028,0,93.98,5.18,99.0,1.0,99.0,1.0
2026-05-30 07:19:45,delta,1,1197,success,4,1.1138,1.3476,0,93.98,5.18,99.0,1.0,99.0,1.0
2026-05-30 07:19:56,delta,1,1198,success,10,0.6228,1.1261,0,93.99,5.18,99.0,1.0,99.0,1.0
2026-05-30 07:20:08,delta,1,1199,success,10,0.7839,0.9464,0,93.99,5.17,99.0,1.0,99.0,1.0
2026-05-30 07:20:17,delta,1,1200,success,8,0.5616,1.5067,0,94.0,5.17,99.0,1.0,99.0,1.0
2026-05-30 07:20:27,delta,1,1201,success,8,0.9842,0.9428,0,94.0,5.16,99.0,1.0,99.0,1.0
2026-05-30 07:20:34,delta,1,1202,success,6,0.696,1.3819,0,94.01,5.16,99.0,1.0,99.0,1.0
2026-05-30 07:20:44,delta,1,1203,success,8,0.861,1.1311,0,94.01,5.15,99.0,1.0,99.0,1.0
2026-05-30 07:20:53,delta,1,1204,success,8,1.0557,1.1825,0,94.02,5.15,99.0,1.0,99.0,1.0
2026-05-30 07:21:08,delta,1,1205,success,14,0.4651,0.841,0,94.02,5.15,99.0,1.0,99.0,1.0
2026-05-30 07:21:15,delta,1,1206,success,6,0.6421,1.2633,0,94.03,5.14,99.0,1.0,99.0,1.0
2026-05-30 07:21:25,delta,1,1207,success,8,1.0286,0.9953,0,94.03,5.14,99.0,1.0,99.0,1.0
2026-05-30 07:21:36,delta,1,1208,success,10,0.8978,0.6897,0,94.04,5.13,99.0,1.0,99.0,1.0
2026-05-30 07:21:46,delta,1,1209,success,8,0.8905,0.8467,0,94.04,5.13,99.0,1.0,99.0,1.0
2026-05-30 07:21:54,delta,1,1210,success,8,0.9415,0.7095,0,94.05,5.12,99.0,1.0,99.0,1.0
2026-05-30 07:22:06,delta,1,1211,success,10,0.7125,1.1974,0,94.05,5.12,99.0,1.0,99.0,1.0
2026-05-30 07:22:11,delta,1,1212,success,4,1.1775,1.2415,0,94.06,5.12,99.0,1.0,99.0,1.0
2026-05-30 07:22:24,delta,1,1213,success,12,0.6977,0.6704,0,94.06,5.11,99.0,1.0,99.0,1.0
2026-05-30 07:22:30,delta,1,1214,success,5,1.3962,1.6723,0,94.07,5.11,99.0,1.0,99.0,1.0
2026-05-30 07:22:57,delta,1,1215,success,25,0.2021,0.5305,0,94.07,5.1,99.0,1.0,99.0,1.0
2026-05-30 07:23:07,delta,1,1216,success,8,0.9775,0.9593,0,94.08,5.1,99.0,1.0,99.0,1.0
2026-05-30 07:23:12,delta,1,1217,success,4,1.0956,1.468,0,94.08,5.09,99.0,1.0,99.0,1.0
2026-05-30 07:23:21,delta,1,1218,success,8,0.9221,0.7346,0,94.09,5.09,99.0,1.0,99.0,1.0
2026-05-30 07:23:32,delta,1,1219,success,10,0.7254,1.1748,0,94.09,5.09,99.0,1.0,99.0,1.0
2026-05-30 07:23:45,delta,1,1220,success,12,0.467,1.5476,0,94.1,5.08,99.0,1.0,99.0,1.0
2026-05-30 07:23:53,delta,1,1221,success,6,0.8917,0.5915,0,94.1,5.08,99.0,1.0,99.0,1.0
2026-05-30 07:24:01,delta,1,1222,success,6,1.2375,1.2101,0,94.11,5.07,99.0,1.0,99.2,0.8
2026-05-30 07:24:09,delta,1,1223,success,6,1.046,0.8481,0,94.11,5.07,99.0,1.0,99.2,0.8
2026-05-30 07:24:17,delta,1,1224,success,6,0.7459,1.2576,0,94.12,5.07,99.0,1.0,99.2,0.8
2026-05-30 07:24:26,delta,1,1225,success,8,1.1264,0.7302,0,94.12,5.06,99.0,1.0,99.2,0.8
2026-05-30 07:24:38,delta,1,1226,success,10,0.9778,0.8931,0,94.13,5.06,99.0,1.0,99.2,0.8
2026-05-30 07:24:48,delta,1,1227,success,8,1.0231,0.8947,0,94.13,5.05,99.0,1.0,99.2,0.8
2026-05-30 07:25:00,delta,1,1228,success,10,1.0279,0.9258,0,94.14,5.05,99.0,1.0,99.2,0.8
2026-05-30 07:25:07,delta,1,1229,success,6,1.1919,1.137,0,94.14,5.04,99.0,1.0,99.2,0.8
2026-05-30 07:25:17,delta,1,1230,success,8,1.0923,1.0761,0,94.15,5.04,99.0,1.0,99.2,0.8
2026-05-30 07:25:28,delta,1,1231,success,10,0.7832,0.9652,0,94.15,5.04,99.0,1.0,99.2,0.8
2026-05-30 07:25:34,delta,1,1232,success,4,0.9865,0.9435,0,94.16,5.03,99.0,1.0,99.2,0.8
2026-05-30 07:25:43,delta,1,1233,success,9,0.6466,1.3091,0,94.16,5.03,99.0,1.0,99.2,0.8
2026-05-30 07:25:59,delta,1,1234,success,13,0.6049,1.0649,0,94.17,5.02,99.0,1.0,99.2,0.8
2026-05-30 07:26:07,delta,1,1235,success,6,0.747,0.936,0,94.17,5.02,99.0,1.0,99.2,0.8
2026-05-30 07:26:17,delta,1,1236,success,8,0.8717,1.2337,0,94.17,5.02,99.0,1.0,99.2,0.8
2026-05-30 07:26:29,delta,1,1237,success,10,0.649,0.4753,0,94.18,5.01,99.0,1.0,99.2,0.8
2026-05-30 07:26:36,delta,1,1238,success,6,0.984,1.0772,0,94.18,5.01,99.0,1.0,99.2,0.8
2026-05-30 07:26:44,delta,1,1239,success,6,0.8833,1.0401,0,94.19,5.0,99.0,1.0,99.2,0.8
2026-05-30 07:26:50,delta,1,1240,success,4,1.1234,1.6719,0,94.19,5.0,99.0,1.0,99.2,0.8
2026-05-30 07:27:09,delta,1,1241,collision,-1,0.4745,0.1334,1,94.12,5.08,98.0,2.0,99.0,1.0
2026-05-30 07:27:19,delta,1,1242,success,8,0.9716,0.5061,0,94.12,5.07,98.0,2.0,99.0,1.0
2026-05-30 07:27:29,delta,1,1243,success,8,0.9649,0.6843,0,94.13,5.07,98.0,2.0,99.0,1.0
2026-05-30 07:27:42,delta,1,1244,success,12,0.7139,0.8286,0,94.13,5.06,98.0,2.0,99.0,1.0
2026-05-30 07:27:56,delta,1,1245,success,12,0.9823,0.7983,0,94.14,5.06,98.0,2.0,99.0,1.0
2026-05-30 07:28:01,delta,1,1246,success,5,0.9401,1.3957,0,94.14,5.06,98.0,2.0,99.0,1.0
2026-05-30 07:28:14,delta,1,1247,success,11,0.5861,1.4592,0,94.15,5.05,98.0,2.0,99.0,1.0
2026-05-30 07:28:24,delta,1,1248,success,8,0.9171,0.8695,0,94.15,5.05,98.0,2.0,99.0,1.0
2026-05-30 07:28:29,delta,1,1249,success,4,0.9466,1.5479,0,94.16,5.04,98.0,2.0,99.0,1.0
2026-05-30 07:28:42,delta,1,1250,success,12,0.7744,0.6473,0,94.16,5.04,98.0,2.0,99.0,1.0
2026-05-30 07:28:49,delta,1,1251,success,6,0.9601,1.137,0,94.16,5.04,98.0,2.0,99.0,1.0
2026-05-30 07:28:57,delta,1,1252,success,6,0.5723,1.056,0,94.17,5.03,98.0,2.0,99.0,1.0
2026-05-30 07:29:07,delta,1,1253,success,8,0.7251,0.557,0,94.17,5.03,98.0,2.0,99.0,1.0
2026-05-30 07:29:17,delta,1,1254,success,8,0.8422,0.5513,0,94.18,5.02,98.0,2.0,99.0,1.0
2026-05-30 07:29:25,delta,1,1255,success,6,1.1343,1.0893,0,94.18,5.02,98.0,2.0,99.0,1.0
2026-05-30 07:29:35,delta,1,1256,success,8,0.6083,1.3593,0,94.19,5.02,98.0,2.0,99.0,1.0
2026-05-30 07:29:42,delta,1,1257,success,6,1.2422,1.1627,0,94.19,5.01,98.0,2.0,99.0,1.0
2026-05-30 07:29:55,delta,1,1258,success,12,0.6246,0.6805,0,94.2,5.01,98.0,2.0,99.0,1.0
2026-05-30 07:30:05,delta,1,1259,success,8,0.8361,0.9111,0,94.2,5.0,98.0,2.0,99.0,1.0
2026-05-30 07:30:15,delta,1,1260,success,8,0.7809,1.633,0,94.21,5.0,98.0,2.0,99.0,1.0
2026-05-30 07:30:26,delta,1,1261,success,10,0.7404,0.6741,0,94.21,5.0,98.0,2.0,99.0,1.0
2026-05-30 07:30:34,delta,1,1262,success,6,0.6997,1.5496,0,94.22,4.99,98.0,2.0,99.0,1.0
2026-05-30 07:30:44,delta,1,1263,success,8,0.9576,0.804,0,94.22,4.99,98.0,2.0,99.0,1.0
2026-05-30 07:30:57,delta,1,1264,success,13,0.9841,0.905,0,94.22,4.98,98.0,2.0,99.0,1.0
2026-05-30 07:31:11,delta,1,1265,success,11,0.9397,0.7346,0,94.23,4.98,98.0,2.0,99.0,1.0
2026-05-30 07:31:22,delta,1,1266,success,10,0.8428,0.7122,0,94.23,4.98,98.0,2.0,99.0,1.0
2026-05-30 07:31:36,delta,1,1267,success,12,0.667,0.9855,0,94.24,4.97,98.0,2.0,99.0,1.0
2026-05-30 07:31:46,delta,1,1268,success,8,0.8013,1.1768,0,94.24,4.97,98.0,2.0,99.0,1.0
2026-05-30 07:31:58,delta,1,1269,success,10,0.7887,0.9042,0,94.25,4.96,98.0,2.0,99.0,1.0
2026-05-30 07:32:05,delta,1,1270,success,6,1.1086,1.2264,0,94.25,4.96,98.0,2.0,99.0,1.0
2026-05-30 07:32:13,delta,1,1271,success,6,1.023,0.8747,0,94.26,4.96,99.0,1.0,99.0,1.0
2026-05-30 07:32:24,delta,1,1272,success,10,0.7458,1.2042,0,94.26,4.95,99.0,1.0,99.0,1.0
2026-05-30 07:32:38,delta,1,1273,success,12,0.7957,0.593,0,94.27,4.95,99.0,1.0,99.0,1.0
2026-05-30 07:32:47,delta,1,1274,success,8,0.8079,0.5028,0,94.27,4.95,99.0,1.0,99.0,1.0
2026-05-30 07:32:55,delta,1,1275,success,6,0.9346,0.8322,0,94.27,4.94,99.0,1.0,99.0,1.0
2026-05-30 07:33:06,delta,1,1276,success,8,0.8386,0.5032,0,94.28,4.94,99.0,1.0,99.0,1.0
2026-05-30 07:33:15,delta,1,1277,success,8,0.8694,0.786,0,94.28,4.93,99.0,1.0,99.0,1.0
2026-05-30 07:33:27,delta,1,1278,success,10,0.6601,0.665,0,94.29,4.93,99.0,1.0,99.0,1.0
2026-05-30 07:33:38,delta,1,1279,success,10,0.4826,1.3916,0,94.29,4.93,99.0,1.0,99.0,1.0
2026-05-30 07:33:48,delta,1,1280,success,8,0.5727,1.2156,0,94.3,4.92,99.0,1.0,99.0,1.0
2026-05-30 07:34:03,delta,1,1281,success,14,0.6191,1.1759,0,94.3,4.92,99.0,1.0,99.0,1.0
2026-05-30 07:34:17,delta,1,1282,success,12,0.6207,0.6824,0,94.31,4.91,99.0,1.0,99.0,1.0
2026-05-30 07:34:27,delta,1,1283,success,8,0.9712,0.7965,0,94.31,4.91,99.0,1.0,99.0,1.0
2026-05-30 07:34:35,delta,1,1284,success,6,1.0512,0.9498,0,94.31,4.91,99.0,1.0,99.0,1.0
2026-05-30 07:34:41,delta,1,1285,success,4,1.1439,1.3469,0,94.32,4.9,99.0,1.0,99.0,1.0
2026-05-30 07:34:54,delta,1,1286,success,10,0.3276,1.0226,0,94.32,4.9,99.0,1.0,99.2,0.8
2026-05-30 07:35:01,delta,1,1287,success,6,0.6864,1.3161,0,94.33,4.9,99.0,1.0,99.2,0.8
2026-05-30 07:35:12,delta,1,1288,success,10,0.6881,0.746,0,94.33,4.89,99.0,1.0,99.2,0.8
2026-05-30 07:35:22,delta,1,1289,success,8,0.8719,1.0665,0,94.34,4.89,99.0,1.0,99.2,0.8
2026-05-30 07:35:32,delta,1,1290,success,8,0.8064,0.6366,0,94.34,4.88,99.0,1.0,99.2,0.8
2026-05-30 07:35:43,delta,1,1291,success,10,0.825,0.9792,0,94.35,4.88,99.0,1.0,99.2,0.8
2026-05-30 07:35:54,delta,1,1292,success,10,0.7503,0.805,0,94.35,4.88,99.0,1.0,99.2,0.8
2026-05-30 07:36:04,delta,1,1293,collision,-1,0.7803,0.12,1,94.28,4.95,98.0,2.0,99.0,1.0
2026-05-30 07:36:15,delta,1,1294,success,10,0.9679,0.6048,0,94.28,4.95,98.0,2.0,99.0,1.0
2026-05-30 07:36:21,delta,1,1295,success,4,1.0285,1.227,0,94.29,4.94,98.0,2.0,99.0,1.0
2026-05-30 07:36:28,delta,1,1296,success,6,0.9558,0.7737,0,94.29,4.94,98.0,2.0,99.0,1.0
2026-05-30 07:36:38,delta,1,1297,success,8,1.068,0.6784,0,94.29,4.93,98.0,2.0,99.0,1.0
2026-05-30 07:36:45,delta,1,1298,success,6,0.9661,1.0838,0,94.3,4.93,98.0,2.0,99.0,1.0
2026-05-30 07:36:52,delta,1,1299,success,6,0.9773,1.4049,0,94.3,4.93,98.0,2.0,99.0,1.0
2026-05-30 07:36:59,delta,1,1300,success,6,1.0565,1.3491,0,94.31,4.92,98.0,2.0,99.0,1.0
2026-05-30 07:37:10,delta,1,1301,success,8,0.4643,1.5952,0,94.31,4.92,98.0,2.0,99.0,1.0
2026-05-30 07:37:26,delta,1,1302,success,14,0.6989,0.4487,0,94.32,4.92,98.0,2.0,99.0,1.0
2026-05-30 07:37:34,delta,1,1303,success,6,1.0021,1.1338,0,94.32,4.91,98.0,2.0,99.0,1.0
2026-05-30 07:37:40,delta,1,1304,success,4,1.0516,1.1191,0,94.33,4.91,98.0,2.0,99.0,1.0
2026-05-30 07:37:47,delta,1,1305,success,6,0.9564,0.7343,0,94.33,4.9,98.0,2.0,99.0,1.0
2026-05-30 07:38:05,delta,1,1306,success,16,0.5816,0.5553,0,94.33,4.9,98.0,2.0,99.0,1.0
2026-05-30 07:38:15,delta,1,1307,success,8,1.0903,0.8616,0,94.34,4.9,98.0,2.0,99.0,1.0
2026-05-30 07:38:26,delta,1,1308,success,10,0.4797,1.3165,0,94.34,4.89,98.0,2.0,99.0,1.0
2026-05-30 07:38:35,delta,1,1309,success,8,1.0678,1.1218,0,94.35,4.89,98.0,2.0,99.0,1.0
2026-05-30 07:38:49,delta,1,1310,collision,-1,0.7113,0.12,1,94.27,4.96,97.0,3.0,98.8,1.2
2026-05-30 07:38:54,delta,1,1311,success,5,1.2435,1.3809,0,94.28,4.96,97.0,3.0,98.8,1.2
2026-05-30 07:39:08,delta,1,1312,success,11,0.8743,0.8591,0,94.28,4.95,97.0,3.0,98.8,1.2
2026-05-30 07:39:22,delta,1,1313,success,12,0.7058,0.6255,0,94.29,4.95,97.0,3.0,98.8,1.2
2026-05-30 07:39:31,delta,1,1314,success,8,0.8463,0.754,0,94.29,4.95,97.0,3.0,98.8,1.2
2026-05-30 07:39:45,delta,1,1315,success,12,0.4772,0.7479,0,94.3,4.94,97.0,3.0,98.8,1.2
2026-05-30 07:39:57,delta,1,1316,success,10,0.9084,0.4087,0,94.3,4.94,97.0,3.0,98.8,1.2
2026-05-30 07:40:08,delta,1,1317,success,10,0.5908,1.3677,0,94.31,4.94,97.0,3.0,98.8,1.2
2026-05-30 07:40:16,delta,1,1318,success,6,0.6662,1.0457,0,94.31,4.93,97.0,3.0,98.8,1.2
2026-05-30 07:40:28,delta,1,1319,success,10,0.3391,1.3435,0,94.31,4.93,97.0,3.0,98.8,1.2
2026-05-30 07:40:41,delta,1,1320,success,12,0.8815,0.5586,0,94.32,4.92,97.0,3.0,98.8,1.2
2026-05-30 07:40:47,delta,1,1321,success,4,1.3094,1.3147,0,94.32,4.92,97.0,3.0,98.8,1.2
2026-05-30 07:40:56,delta,1,1322,success,8,0.8158,0.7401,0,94.33,4.92,97.0,3.0,98.8,1.2
2026-05-30 07:41:02,delta,1,1323,success,4,0.8221,1.2775,0,94.33,4.91,97.0,3.0,98.8,1.2
2026-05-30 07:41:25,delta,1,1324,success,18,0.214,1.4775,0,94.34,4.91,97.0,3.0,98.8,1.2
2026-05-30 07:41:31,delta,1,1325,success,4,1.209,1.2129,0,94.34,4.91,97.0,3.0,98.8,1.2
2026-05-30 07:41:38,delta,1,1326,success,6,0.9516,0.732,0,94.34,4.9,97.0,3.0,98.8,1.2
2026-05-30 07:41:52,delta,1,1327,success,12,0.5317,1.1493,0,94.35,4.9,97.0,3.0,98.8,1.2
2026-05-30 07:41:58,delta,1,1328,success,4,1.0177,1.3676,0,94.35,4.89,97.0,3.0,98.8,1.2
2026-05-30 07:42:07,delta,1,1329,success,8,0.9324,0.5987,0,94.36,4.89,97.0,3.0,98.8,1.2
2026-05-30 07:42:17,delta,1,1330,success,8,0.5395,1.2537,0,94.36,4.89,97.0,3.0,98.8,1.2
2026-05-30 07:42:28,delta,1,1331,success,10,0.915,0.4058,0,94.37,4.88,97.0,3.0,98.8,1.2
2026-05-30 07:42:38,delta,1,1332,success,8,0.9667,0.6244,0,94.37,4.88,97.0,3.0,98.8,1.2
2026-05-30 07:42:47,delta,1,1333,success,8,0.9575,0.5847,0,94.37,4.88,97.0,3.0,98.8,1.2
2026-05-30 07:42:57,delta,1,1334,success,8,0.9056,0.5995,0,94.38,4.87,97.0,3.0,98.8,1.2
2026-05-30 07:43:07,delta,1,1335,success,8,0.8309,1.0589,0,94.38,4.87,97.0,3.0,98.8,1.2
2026-05-30 07:43:16,delta,1,1336,success,8,0.6692,1.435,0,94.39,4.87,97.0,3.0,98.8,1.2
2026-05-30 07:43:26,delta,1,1337,success,8,0.87,0.2184,1,94.39,4.86,97.0,3.0,98.8,1.2
2026-05-30 07:43:36,delta,1,1338,success,8,0.725,1.1592,0,94.39,4.86,97.0,3.0,98.8,1.2
2026-05-30 07:43:47,delta,1,1339,collision,-1,0.7502,0.12,1,94.32,4.93,96.0,4.0,98.6,1.4
2026-05-30 07:43:55,delta,1,1340,success,6,0.8402,0.7797,0,94.33,4.93,96.0,4.0,98.6,1.4
2026-05-30 07:44:05,delta,1,1341,success,8,0.5741,1.494,0,94.33,4.92,97.0,3.0,98.6,1.4
2026-05-30 07:44:14,delta,1,1342,success,8,0.9175,0.5774,0,94.34,4.92,97.0,3.0,98.8,1.2
2026-05-30 07:44:28,delta,1,1343,success,12,0.6181,0.729,0,94.34,4.91,97.0,3.0,98.8,1.2
2026-05-30 07:44:37,delta,1,1344,success,8,1.0053,0.5812,0,94.35,4.91,97.0,3.0,98.8,1.2
2026-05-30 07:44:45,delta,1,1345,success,6,1.1621,1.2626,0,94.35,4.91,97.0,3.0,98.8,1.2
2026-05-30 07:44:54,delta,1,1346,success,8,0.9371,0.8104,0,94.35,4.9,97.0,3.0,98.8,1.2
2026-05-30 07:45:03,delta,1,1347,success,8,1.1809,0.8353,0,94.36,4.9,97.0,3.0,98.8,1.2
2026-05-30 07:45:13,delta,1,1348,success,8,0.8454,0.7549,0,94.36,4.9,97.0,3.0,98.8,1.2
2026-05-30 07:45:23,delta,1,1349,success,8,0.8863,0.4932,0,94.37,4.89,97.0,3.0,98.8,1.2
2026-05-30 07:45:33,delta,1,1350,success,8,0.923,0.9614,0,94.37,4.89,97.0,3.0,98.8,1.2
2026-05-30 07:45:40,delta,1,1351,success,6,0.9939,1.2778,0,94.37,4.89,97.0,3.0,98.8,1.2
2026-05-30 07:45:48,delta,1,1352,success,6,0.7766,0.9269,0,94.38,4.88,97.0,3.0,98.8,1.2
2026-05-30 07:46:02,delta,1,1353,success,13,0.6971,0.8898,0,94.38,4.88,97.0,3.0,98.8,1.2
2026-05-30 07:46:13,delta,1,1354,success,9,0.7783,0.8499,0,94.39,4.87,97.0,3.0,98.8,1.2
2026-05-30 07:46:23,delta,1,1355,success,8,0.9987,0.6766,0,94.39,4.87,97.0,3.0,98.8,1.2
2026-05-30 07:46:36,delta,1,1356,success,12,1.0373,0.6675,0,94.4,4.87,97.0,3.0,98.8,1.2
2026-05-30 08:00:30,delta,1,1357,success,6,0.7524,1.3277,0,94.4,4.86,97.0,3.0,98.8,1.2
2026-05-30 08:00:35,delta,1,1358,success,4,0.9756,1.5099,0,94.4,4.86,97.0,3.0,98.8,1.2
2026-05-30 08:00:49,delta,1,1359,success,12,0.717,0.4556,0,94.41,4.86,97.0,3.0,98.8,1.2
2026-05-30 08:01:00,delta,1,1360,success,10,0.8024,0.86,0,94.41,4.85,97.0,3.0,98.8,1.2
2026-05-30 08:01:16,delta,1,1361,success,14,0.7096,0.3993,0,94.42,4.85,97.0,3.0,98.8,1.2
2026-05-30 08:01:29,delta,1,1362,success,12,0.7379,0.348,0,94.42,4.85,97.0,3.0,98.8,1.2
2026-05-30 08:01:38,delta,1,1363,success,8,1.1185,0.8715,0,94.42,4.84,97.0,3.0,98.8,1.2
2026-05-30 08:01:43,delta,1,1364,success,4,0.9494,1.2593,0,94.43,4.84,97.0,3.0,98.8,1.2
2026-05-30 08:01:50,delta,1,1365,success,4,1.0902,1.1167,0,94.43,4.84,97.0,3.0,98.8,1.2
2026-05-30 08:01:58,delta,1,1366,success,6,0.6454,1.0399,0,94.44,4.83,97.0,3.0,98.8,1.2
2026-05-30 08:02:06,delta,1,1367,success,6,0.6006,1.1649,0,94.44,4.83,97.0,3.0,98.8,1.2
2026-05-30 08:02:15,delta,1,1368,success,8,1.0706,0.7091,0,94.44,4.82,97.0,3.0,98.8,1.2
2026-05-30 08:02:24,delta,1,1369,success,8,0.9522,0.849,0,94.45,4.82,97.0,3.0,98.8,1.2
2026-05-30 08:02:32,delta,1,1370,success,6,0.8287,1.1344,0,94.45,4.82,97.0,3.0,98.8,1.2
2026-05-30 08:02:47,delta,1,1371,success,14,0.7406,0.6932,0,94.46,4.81,97.0,3.0,98.8,1.2
2026-05-30 08:02:57,delta,1,1372,success,8,0.7567,1.1666,0,94.46,4.81,97.0,3.0,98.8,1.2
2026-05-30 08:03:10,delta,1,1373,success,12,0.6695,0.585,0,94.46,4.81,97.0,3.0,98.8,1.2
2026-05-30 08:03:18,delta,1,1374,success,6,0.8515,1.3893,0,94.47,4.8,97.0,3.0,98.8,1.2
2026-05-30 08:03:29,delta,1,1375,success,10,0.8233,0.6811,0,94.47,4.8,97.0,3.0,98.8,1.2
2026-05-30 08:03:39,delta,1,1376,success,8,0.8801,0.6219,0,94.48,4.8,97.0,3.0,98.8,1.2
2026-05-30 08:03:50,delta,1,1377,success,10,0.6123,1.1783,0,94.48,4.79,97.0,3.0,98.8,1.2
2026-05-30 08:03:58,delta,1,1378,success,6,0.6552,1.2279,0,94.48,4.79,97.0,3.0,98.8,1.2
2026-05-30 08:04:08,delta,1,1379,success,8,0.8926,0.6892,0,94.49,4.79,97.0,3.0,98.8,1.2
2026-05-30 08:04:13,delta,1,1380,success,4,1.3241,1.7804,0,94.49,4.78,97.0,3.0,98.8,1.2
2026-05-30 08:04:18,delta,1,1381,success,4,1.138,1.313,0,94.5,4.78,97.0,3.0,98.8,1.2
2026-05-30 08:04:30,delta,1,1382,success,10,0.9235,0.4155,0,94.5,4.78,97.0,3.0,98.8,1.2
2026-05-30 08:04:39,delta,1,1383,success,8,0.7886,1.1732,0,94.5,4.77,97.0,3.0,98.8,1.2
2026-05-30 08:04:47,delta,1,1384,success,6,0.704,1.6255,0,94.51,4.77,97.0,3.0,98.8,1.2
2026-05-30 08:04:57,delta,1,1385,success,6,0.8,0.8551,0,94.51,4.77,97.0,3.0,98.8,1.2
2026-05-30 08:05:05,delta,1,1386,success,6,0.815,1.0107,0,94.52,4.76,97.0,3.0,98.8,1.2
2026-05-30 08:05:16,delta,1,1387,success,8,0.963,0.6045,0,94.52,4.76,97.0,3.0,98.8,1.2
2026-05-30 08:05:25,delta,1,1388,success,8,0.7622,0.575,0,94.52,4.76,97.0,3.0,98.8,1.2
2026-05-30 08:05:36,delta,1,1389,success,10,0.8855,0.7915,0,94.53,4.75,97.0,3.0,98.8,1.2
2026-05-30 08:05:44,delta,1,1390,success,6,0.908,0.662,0,94.53,4.75,97.0,3.0,99.0,1.0
2026-05-30 08:05:54,delta,1,1391,success,8,0.8427,1.1528,0,94.54,4.74,97.0,3.0,99.0,1.0
2026-05-30 08:06:01,delta,1,1392,success,6,0.8552,1.606,0,94.54,4.74,97.0,3.0,99.0,1.0
2026-05-30 08:06:17,delta,1,1393,success,14,0.5943,0.5942,0,94.54,4.74,98.0,2.0,99.0,1.0
2026-05-30 08:06:22,delta,1,1394,success,4,1.0327,1.4456,0,94.55,4.73,98.0,2.0,99.0,1.0
2026-05-30 08:06:32,delta,1,1395,success,8,0.4734,1.437,0,94.55,4.73,98.0,2.0,99.0,1.0
2026-05-30 08:06:46,delta,1,1396,success,12,0.5831,0.7992,0,94.56,4.73,98.0,2.0,99.0,1.0
2026-05-30 08:06:55,delta,1,1397,success,8,0.5267,1.4638,0,94.56,4.72,98.0,2.0,99.0,1.0
2026-05-30 08:07:01,delta,1,1398,success,4,0.6884,1.3925,0,94.56,4.72,98.0,2.0,99.0,1.0
2026-05-30 08:07:16,delta,1,1399,success,14,0.4624,0.7405,0,94.57,4.72,98.0,2.0,99.0,1.0
2026-05-30 08:07:28,delta,1,1400,success,10,0.769,0.7308,0,94.57,4.71,98.0,2.0,99.0,1.0
2026-05-30 08:07:40,delta,1,1401,success,10,0.8712,1.0265,0,94.58,4.71,98.0,2.0,99.0,1.0
2026-05-30 08:07:53,delta,1,1402,success,12,0.6737,0.5601,0,94.58,4.71,98.0,2.0,99.0,1.0
2026-05-30 08:08:05,delta,1,1403,success,10,0.7029,0.7981,0,94.58,4.7,98.0,2.0,99.0,1.0
2026-05-30 08:08:19,delta,1,1404,success,12,0.5713,0.5909,0,94.59,4.7,98.0,2.0,99.0,1.0
2026-05-30 08:08:28,delta,1,1405,success,8,0.6948,1.1583,0,94.59,4.7,98.0,2.0,99.0,1.0
2026-05-30 08:08:40,delta,1,1406,success,10,0.3425,1.5095,0,94.59,4.69,98.0,2.0,99.0,1.0
2026-05-30 08:08:49,delta,1,1407,success,8,0.8711,0.6261,0,94.6,4.69,98.0,2.0,99.0,1.0
2026-05-30 08:08:59,delta,1,1408,success,8,0.8099,0.7047,0,94.6,4.69,98.0,2.0,99.0,1.0
2026-05-30 08:09:06,delta,1,1409,success,6,1.0806,1.2369,0,94.61,4.68,98.0,2.0,99.0,1.0
2026-05-30 08:09:13,delta,1,1410,success,6,1.0887,1.2012,0,94.61,4.68,99.0,1.0,99.0,1.0
2026-05-30 08:09:25,delta,1,1411,success,11,0.8024,0.8527,0,94.61,4.68,99.0,1.0,99.0,1.0
2026-05-30 08:09:37,delta,1,1412,success,9,0.737,1.6105,0,94.62,4.67,99.0,1.0,99.0,1.0
2026-05-30 08:09:49,delta,1,1413,success,10,0.7631,0.6793,0,94.62,4.67,99.0,1.0,99.0,1.0
2026-05-30 08:10:13,delta,1,1414,success,20,0.2091,1.1761,0,94.63,4.67,99.0,1.0,99.0,1.0
2026-05-30 08:10:23,delta,1,1415,success,8,0.9431,0.5905,0,94.63,4.66,99.0,1.0,99.0,1.0
2026-05-30 08:10:32,delta,1,1416,success,8,0.8981,0.873,0,94.63,4.66,99.0,1.0,99.0,1.0
2026-05-30 08:10:39,delta,1,1417,success,7,0.7208,1.4986,0,94.64,4.66,99.0,1.0,99.0,1.0
2026-05-30 08:10:49,delta,1,1418,success,7,0.5436,1.1309,0,94.64,4.65,99.0,1.0,99.0,1.0
2026-05-30 08:10:54,delta,1,1419,success,4,1.0824,1.5399,0,94.64,4.65,99.0,1.0,99.0,1.0
2026-05-30 08:11:00,delta,1,1420,success,4,1.0424,1.6467,0,94.65,4.65,99.0,1.0,99.0,1.0
2026-05-30 08:11:14,delta,1,1421,success,12,0.78,0.5246,0,94.65,4.64,99.0,1.0,99.0,1.0
2026-05-30 08:11:21,delta,1,1422,success,6,0.8807,1.0998,0,94.66,4.64,99.0,1.0,99.0,1.0
2026-05-30 08:11:35,delta,1,1423,success,12,0.5479,0.8264,0,94.66,4.64,99.0,1.0,99.0,1.0
2026-05-30 08:11:45,delta,1,1424,success,8,0.3929,1.4045,0,94.66,4.63,99.0,1.0,99.0,1.0
2026-05-30 08:12:00,delta,1,1425,success,12,0.5235,0.4899,0,94.67,4.63,99.0,1.0,99.0,1.0
2026-05-30 08:12:05,delta,1,1426,success,4,1.8063,1.9282,0,94.67,4.63,99.0,1.0,99.0,1.0
2026-05-30 08:12:09,delta,1,1427,success,3,1.5331,1.827,0,94.67,4.63,99.0,1.0,99.0,1.0
2026-05-30 08:12:25,delta,1,1428,success,13,0.7469,0.5847,0,94.68,4.62,99.0,1.0,99.0,1.0
2026-05-30 08:12:35,delta,1,1429,success,8,0.6354,1.3271,0,94.68,4.62,99.0,1.0,99.0,1.0
2026-05-30 08:12:46,delta,1,1430,success,10,0.838,0.7044,0,94.69,4.62,99.0,1.0,99.0,1.0
2026-05-30 08:12:56,delta,1,1431,success,8,0.9026,0.7342,0,94.69,4.61,99.0,1.0,99.0,1.0
2026-05-30 08:13:08,delta,1,1432,success,10,0.5651,1.2195,0,94.69,4.61,99.0,1.0,99.0,1.0
2026-05-30 08:13:20,delta,1,1433,success,10,0.4439,1.2429,0,94.7,4.61,99.0,1.0,99.0,1.0
2026-05-30 08:13:30,delta,1,1434,success,8,0.6837,0.8118,0,94.7,4.6,99.0,1.0,99.0,1.0
2026-05-30 08:13:35,delta,1,1435,success,4,1.0452,1.5391,0,94.7,4.6,99.0,1.0,99.0,1.0
2026-05-30 08:13:49,delta,1,1436,success,12,0.6529,0.3834,0,94.71,4.6,99.0,1.0,99.0,1.0
2026-05-30 08:13:56,delta,1,1437,success,6,1.1005,1.0486,0,94.71,4.59,99.0,1.0,99.0,1.0
2026-05-30 08:14:06,delta,1,1438,success,8,0.9052,0.4804,0,94.71,4.59,99.0,1.0,99.0,1.0
2026-05-30 08:14:15,delta,1,1439,success,6,0.8938,0.4547,0,94.72,4.59,100.0,0.0,99.0,1.0
2026-05-30 08:14:31,delta,1,1440,success,14,0.5584,0.3326,0,94.72,4.58,100.0,0.0,99.0,1.0
2026-05-30 08:14:39,delta,1,1441,success,6,1.1044,0.9579,0,94.73,4.58,100.0,0.0,99.0,1.0
2026-05-30 08:14:49,delta,1,1442,success,8,0.8765,0.7385,0,94.73,4.58,100.0,0.0,99.0,1.0
2026-05-30 08:15:01,delta,1,1443,success,10,0.5414,1.1303,0,94.73,4.57,100.0,0.0,99.0,1.0
2026-05-30 08:15:10,delta,1,1444,success,8,1.0899,0.7466,0,94.74,4.57,100.0,0.0,99.0,1.0
2026-05-30 08:15:21,delta,1,1445,success,10,0.4996,1.2399,0,94.74,4.57,100.0,0.0,99.0,1.0
2026-05-30 08:15:28,delta,1,1446,success,4,1.043,1.3546,0,94.74,4.56,100.0,0.0,99.0,1.0
2026-05-30 08:15:38,delta,1,1447,success,8,0.7386,0.8196,0,94.75,4.56,100.0,0.0,99.0,1.0
2026-05-30 08:15:45,delta,1,1448,success,6,0.7318,1.1607,0,94.75,4.56,100.0,0.0,99.0,1.0
2026-05-30 08:15:55,delta,1,1449,success,8,0.8367,0.4934,0,94.76,4.55,100.0,0.0,99.0,1.0
2026-05-30 08:16:07,delta,1,1450,success,10,0.6923,0.7204,0,94.76,4.55,100.0,0.0,99.0,1.0
2026-05-30 08:16:18,delta,1,1451,success,10,0.8078,0.6842,0,94.76,4.55,100.0,0.0,99.0,1.0
2026-05-30 08:16:24,delta,1,1452,success,5,1.2466,1.607,0,94.77,4.55,100.0,0.0,99.0,1.0
2026-05-30 08:16:35,delta,1,1453,success,9,0.9554,1.4761,0,94.77,4.54,100.0,0.0,99.0,1.0
2026-05-30 08:16:43,delta,1,1454,success,6,0.9503,0.8216,0,94.77,4.54,100.0,0.0,99.0,1.0
2026-05-30 08:16:50,delta,1,1455,success,6,0.9598,0.9647,0,94.78,4.54,100.0,0.0,99.0,1.0
2026-05-30 08:17:00,delta,1,1456,success,8,0.7858,0.9251,0,94.78,4.53,100.0,0.0,99.0,1.0
2026-05-30 08:17:13,delta,1,1457,success,12,0.4794,1.2078,0,94.78,4.53,100.0,0.0,99.0,1.0
2026-05-30 08:17:25,delta,1,1458,success,10,0.5442,0.9607,0,94.79,4.53,100.0,0.0,99.0,1.0
2026-05-30 08:17:35,delta,1,1459,success,8,0.6596,0.7964,0,94.79,4.52,100.0,0.0,99.0,1.0
2026-05-30 08:17:47,delta,1,1460,success,10,0.6353,1.0765,0,94.79,4.52,100.0,0.0,99.0,1.0
2026-05-30 08:17:57,delta,1,1461,success,10,0.5161,1.2874,0,94.8,4.52,100.0,0.0,99.0,1.0
2026-05-30 08:18:11,delta,1,1462,success,12,0.7517,0.6787,0,94.8,4.51,100.0,0.0,99.0,1.0
2026-05-30 08:18:20,delta,1,1463,success,8,0.567,1.4689,0,94.81,4.51,100.0,0.0,99.0,1.0
2026-05-30 08:18:28,delta,1,1464,success,6,1.018,1.3194,0,94.81,4.51,100.0,0.0,99.0,1.0
2026-05-30 08:18:38,delta,1,1465,success,8,0.7389,1.1584,0,94.81,4.51,100.0,0.0,99.0,1.0
2026-05-30 08:18:49,delta,1,1466,success,10,0.9615,0.5923,0,94.82,4.5,100.0,0.0,99.0,1.0
2026-05-30 08:19:02,delta,1,1467,success,12,0.4611,0.9801,0,94.82,4.5,100.0,0.0,99.0,1.0
2026-05-30 08:19:10,delta,1,1468,success,6,1.0898,0.8003,0,94.82,4.5,100.0,0.0,99.0,1.0
2026-05-30 08:19:18,delta,1,1469,success,6,1.0784,0.7688,0,94.83,4.49,100.0,0.0,99.0,1.0
2026-05-30 08:19:27,delta,1,1470,success,8,0.9811,0.4764,0,94.83,4.49,100.0,0.0,99.0,1.0
2026-05-30 08:19:33,delta,1,1471,success,4,1.1683,1.1271,0,94.83,4.49,100.0,0.0,99.0,1.0
2026-05-30 08:19:42,delta,1,1472,success,8,0.9187,0.8552,0,94.84,4.48,100.0,0.0,99.0,1.0
2026-05-30 08:19:50,delta,1,1473,success,6,0.7588,1.0094,0,94.84,4.48,100.0,0.0,99.0,1.0
2026-05-30 08:20:02,delta,1,1474,success,10,0.3258,1.3481,0,94.84,4.48,100.0,0.0,99.0,1.0
2026-05-30 08:20:14,delta,1,1475,success,10,0.8023,0.995,0,94.85,4.47,100.0,0.0,99.0,1.0
2026-05-30 08:20:26,delta,1,1476,success,10,0.6148,1.1577,0,94.85,4.47,100.0,0.0,99.0,1.0
2026-05-30 08:20:37,delta,1,1477,success,10,0.6995,0.9343,0,94.85,4.47,100.0,0.0,99.0,1.0
2026-05-30 08:20:50,delta,1,1478,success,10,0.6082,1.0205,0,94.86,4.47,100.0,0.0,99.0,1.0
2026-05-30 08:21:07,delta,1,1479,success,16,0.6304,0.3183,0,94.86,4.46,100.0,0.0,99.0,1.0
2026-05-30 08:21:12,delta,1,1480,success,4,1.0622,1.3674,0,94.86,4.46,100.0,0.0,99.0,1.0
2026-05-30 08:21:20,delta,1,1481,success,6,0.8229,0.8691,0,94.87,4.46,100.0,0.0,99.0,1.0
2026-05-30 08:21:32,delta,1,1482,success,10,0.4107,1.3235,0,94.87,4.45,100.0,0.0,99.0,1.0
2026-05-30 08:21:45,delta,1,1483,success,12,0.572,0.4257,0,94.88,4.45,100.0,0.0,99.0,1.0
2026-05-30 08:22:01,delta,1,1484,success,14,0.3175,0.9769,0,94.88,4.45,100.0,0.0,99.0,1.0
2026-05-30 08:22:06,delta,1,1485,success,4,1.2496,1.3431,0,94.88,4.44,100.0,0.0,99.0,1.0
2026-05-30 08:22:16,delta,1,1486,success,6,0.9246,0.6731,0,94.89,4.44,100.0,0.0,99.0,1.0
2026-05-30 08:22:31,delta,1,1487,success,14,0.6392,0.4297,0,94.89,4.44,100.0,0.0,99.0,1.0
2026-05-30 08:22:41,delta,1,1488,success,8,0.7492,0.8637,0,94.89,4.44,100.0,0.0,99.0,1.0
2026-05-30 08:22:52,delta,1,1489,success,10,0.8007,0.5276,0,94.9,4.43,100.0,0.0,99.0,1.0
2026-05-30 08:23:02,delta,1,1490,success,8,0.7863,0.5029,0,94.9,4.43,100.0,0.0,99.0,1.0
2026-05-30 08:23:11,delta,1,1491,success,8,0.7419,1.2725,0,94.9,4.43,100.0,0.0,99.0,1.0
2026-05-30 08:23:21,delta,1,1492,success,8,0.9297,0.5321,0,94.91,4.42,100.0,0.0,99.0,1.0
2026-05-30 08:23:30,delta,1,1493,success,8,0.6699,0.825,0,94.91,4.42,100.0,0.0,99.0,1.0
2026-05-30 08:23:38,delta,1,1494,success,6,0.6757,0.8012,0,94.91,4.42,100.0,0.0,99.0,1.0
2026-05-30 08:23:46,delta,1,1495,success,6,0.91,1.1434,0,94.92,4.41,100.0,0.0,99.0,1.0
2026-05-30 08:23:51,delta,1,1496,success,4,0.8143,1.2876,0,94.92,4.41,100.0,0.0,99.0,1.0
2026-05-30 08:23:57,delta,1,1497,success,4,1.2611,1.3529,0,94.92,4.41,100.0,0.0,99.0,1.0
2026-05-30 08:24:03,delta,1,1498,success,4,1.2345,1.5232,0,94.93,4.41,100.0,0.0,99.0,1.0
2026-05-30 08:24:18,delta,1,1499,success,14,0.7469,0.55,0,94.93,4.4,100.0,0.0,99.0,1.0
2026-05-30 08:24:26,delta,1,1500,success,6,1.0298,0.9562,0,94.93,4.4,100.0,0.0,99.0,1.0
2026-05-30 08:24:34,delta,1,1501,success,6,1.0743,0.8186,0,94.94,4.4,100.0,0.0,99.0,1.0
2026-05-30 08:24:43,delta,1,1502,success,8,0.7472,0.5332,0,94.94,4.39,100.0,0.0,99.0,1.0
2026-05-30 08:24:58,delta,1,1503,success,14,0.692,0.5661,0,94.94,4.39,100.0,0.0,99.0,1.0
2026-05-30 08:25:06,delta,1,1504,success,6,0.8989,1.0621,0,94.95,4.39,100.0,0.0,99.0,1.0
2026-05-30 08:25:16,delta,1,1505,success,8,0.8672,0.9947,0,94.95,4.39,100.0,0.0,99.0,1.0
2026-05-30 08:25:27,delta,1,1506,success,10,0.7805,0.8595,0,94.95,4.38,100.0,0.0,99.0,1.0
2026-05-30 08:25:40,delta,1,1507,success,10,0.6374,1.0639,0,94.96,4.38,100.0,0.0,99.0,1.0
2026-05-30 08:25:50,delta,1,1508,success,8,0.7881,1.1867,0,94.96,4.38,100.0,0.0,99.0,1.0
2026-05-30 08:25:57,delta,1,1509,success,6,1.121,1.0659,0,94.96,4.37,100.0,0.0,99.0,1.0
2026-05-30 08:26:12,delta,1,1510,success,12,0.685,0.874,0,94.97,4.37,100.0,0.0,99.0,1.0
2026-05-30 08:26:21,delta,1,1511,success,8,0.9816,0.4403,0,94.97,4.37,100.0,0.0,99.0,1.0
2026-05-30 08:26:31,delta,1,1512,success,8,0.7333,1.2352,0,94.97,4.37,100.0,0.0,99.0,1.0
2026-05-30 08:26:40,delta,1,1513,success,8,0.8783,0.7385,0,94.98,4.36,100.0,0.0,99.0,1.0
2026-05-30 08:26:54,delta,1,1514,success,10,0.3782,1.5749,0,94.98,4.36,100.0,0.0,99.0,1.0
2026-05-30 08:27:11,delta,1,1515,success,14,0.396,0.8774,0,94.98,4.36,100.0,0.0,99.0,1.0
2026-05-30 08:27:18,delta,1,1516,success,6,0.9965,0.8351,0,94.99,4.35,100.0,0.0,99.0,1.0
2026-05-30 08:27:24,delta,1,1517,success,4,1.1837,1.5585,0,94.99,4.35,100.0,0.0,99.0,1.0
2026-05-30 08:27:36,delta,1,1518,success,10,0.6387,0.7227,0,94.99,4.35,100.0,0.0,99.0,1.0
2026-05-30 08:27:45,delta,1,1519,success,8,0.8672,0.6913,0,95.0,4.34,100.0,0.0,99.0,1.0
2026-05-30 08:27:53,delta,1,1520,success,6,0.8793,1.1324,0,95.0,4.34,100.0,0.0,99.0,1.0
2026-05-30 08:28:02,delta,1,1521,success,8,0.9699,1.0981,0,95.0,4.34,100.0,0.0,99.0,1.0
2026-05-30 08:28:16,delta,1,1522,success,12,0.6945,0.4337,0,95.01,4.34,100.0,0.0,99.0,1.0
2026-05-30 08:28:27,delta,1,1523,success,10,0.8292,0.8867,0,95.01,4.33,100.0,0.0,99.0,1.0
2026-05-30 08:28:33,delta,1,1524,success,4,1.2957,1.4612,0,95.01,4.33,100.0,0.0,99.0,1.0
2026-05-30 08:28:42,delta,1,1525,success,8,0.9775,0.7142,0,95.02,4.33,100.0,0.0,99.0,1.0
2026-05-30 08:28:50,delta,1,1526,success,6,0.9419,1.1804,0,95.02,4.33,100.0,0.0,99.0,1.0
2026-05-30 08:28:58,delta,1,1527,success,6,0.9975,0.7166,0,95.02,4.32,100.0,0.0,99.0,1.0
2026-05-30 08:29:10,delta,1,1528,success,11,0.6373,1.1982,0,95.03,4.32,100.0,0.0,99.0,1.0
2026-05-30 08:29:23,delta,1,1529,success,11,0.5352,1.4272,0,95.03,4.32,100.0,0.0,99.0,1.0
2026-05-30 08:29:33,delta,1,1530,success,8,0.8247,0.9903,0,95.03,4.31,100.0,0.0,99.0,1.0
2026-05-30 08:29:42,delta,1,1531,success,8,1.0074,0.8067,0,95.04,4.31,100.0,0.0,99.0,1.0
2026-05-30 08:29:50,delta,1,1532,success,6,0.7448,1.1396,0,95.04,4.31,100.0,0.0,99.0,1.0
2026-05-30 08:29:58,delta,1,1533,success,6,0.5745,1.4857,0,95.04,4.31,100.0,0.0,99.0,1.0
2026-05-30 08:30:09,delta,1,1534,success,10,0.7692,0.9716,0,95.05,4.3,100.0,0.0,99.0,1.0
2026-05-30 08:30:23,delta,1,1535,success,12,0.816,0.7617,0,95.05,4.3,100.0,0.0,99.0,1.0
2026-05-30 08:30:35,delta,1,1536,success,11,0.7635,1.3037,0,95.05,4.3,100.0,0.0,99.0,1.0
2026-05-30 08:30:55,delta,1,1537,success,17,0.4338,1.3157,0,95.06,4.29,100.0,0.0,99.0,1.0
2026-05-30 08:31:02,delta,1,1538,success,6,1.1463,0.9254,0,95.06,4.29,100.0,0.0,99.0,1.0
2026-05-30 08:31:08,delta,1,1539,success,4,1.1465,1.2944,0,95.06,4.29,100.0,0.0,99.0,1.0
2026-05-30 08:31:19,delta,1,1540,success,10,0.8832,0.466,0,95.06,4.29,100.0,0.0,99.0,1.0
2026-05-30 08:31:29,delta,1,1541,success,8,1.0493,0.9629,0,95.07,4.28,100.0,0.0,99.0,1.0
2026-05-30 08:31:41,delta,1,1542,success,10,0.775,1.128,0,95.07,4.28,100.0,0.0,99.0,1.0
2026-05-30 08:31:50,delta,1,1543,success,8,0.8571,0.9117,0,95.07,4.28,100.0,0.0,99.0,1.0
2026-05-30 08:32:01,delta,1,1544,success,8,0.9152,0.3001,0,95.08,4.27,100.0,0.0,99.0,1.0
2026-05-30 08:32:15,delta,1,1545,success,12,0.7105,0.5916,0,95.08,4.27,100.0,0.0,99.0,1.0
2026-05-30 08:32:24,delta,1,1546,success,8,0.9438,0.7575,0,95.08,4.27,100.0,0.0,99.0,1.0
2026-05-30 08:32:34,delta,1,1547,success,8,0.8172,0.7389,0,95.09,4.27,100.0,0.0,99.0,1.0
2026-05-30 08:32:47,delta,1,1548,success,12,0.6411,0.5466,0,95.09,4.26,100.0,0.0,99.0,1.0
2026-05-30 08:32:56,delta,1,1549,success,8,0.9641,1.2578,0,95.09,4.26,100.0,0.0,99.0,1.0
2026-05-30 08:33:08,delta,1,1550,success,10,0.8675,0.3942,0,95.1,4.26,100.0,0.0,99.0,1.0
2026-05-30 08:33:16,delta,1,1551,success,6,0.8849,1.2547,0,95.1,4.26,100.0,0.0,99.0,1.0
2026-05-30 08:33:30,delta,1,1552,success,12,0.5687,0.8409,0,95.1,4.25,100.0,0.0,99.0,1.0
2026-05-30 08:33:43,delta,1,1553,success,12,0.4449,1.3082,0,95.11,4.25,100.0,0.0,99.0,1.0
2026-05-30 08:34:01,delta,1,1554,success,16,0.466,0.6224,0,95.11,4.25,100.0,0.0,99.0,1.0
2026-05-30 08:34:08,delta,1,1555,success,6,1.0173,0.9259,0,95.11,4.24,100.0,0.0,99.0,1.0
2026-05-30 08:34:18,delta,1,1556,success,8,0.5903,1.3065,0,95.12,4.24,100.0,0.0,99.0,1.0
2026-05-30 08:34:25,delta,1,1557,success,6,0.8785,0.9758,0,95.12,4.24,100.0,0.0,99.0,1.0
2026-05-30 08:34:39,delta,1,1558,success,12,0.5761,1.0721,0,95.12,4.24,100.0,0.0,99.0,1.0
2026-05-30 08:34:47,delta,1,1559,success,6,0.7253,1.3932,0,95.13,4.23,100.0,0.0,99.0,1.0
2026-05-30 08:34:54,delta,1,1560,success,6,0.6883,1.3869,0,95.13,4.23,100.0,0.0,99.0,1.0
2026-05-30 08:35:00,delta,1,1561,success,5,1.1247,1.5294,0,95.13,4.23,100.0,0.0,99.0,1.0
2026-05-30 08:35:25,delta,1,1562,success,17,0.3634,1.1138,0,95.13,4.23,100.0,0.0,99.0,1.0
2026-05-30 08:35:36,delta,1,1563,success,10,0.6099,1.3215,0,95.14,4.22,100.0,0.0,99.0,1.0
2026-05-30 08:35:43,delta,1,1564,success,6,0.649,0.9492,0,95.14,4.22,100.0,0.0,99.0,1.0
2026-05-30 08:35:51,delta,1,1565,success,6,1.0656,1.0529,0,95.14,4.22,100.0,0.0,99.0,1.0
2026-05-30 08:36:01,delta,1,1566,success,8,0.8416,1.2694,0,95.15,4.21,100.0,0.0,99.0,1.0
2026-05-30 08:36:09,delta,1,1567,success,7,1.1632,0.7319,0,95.15,4.21,100.0,0.0,99.0,1.0
2026-05-30 08:36:23,delta,1,1568,success,11,0.4179,1.3257,0,95.15,4.21,100.0,0.0,99.0,1.0
2026-05-30 08:36:37,delta,1,1569,success,12,0.7057,0.4735,0,95.16,4.21,100.0,0.0,99.0,1.0
2026-05-30 08:36:45,delta,1,1570,success,6,0.6381,1.5599,0,95.16,4.2,100.0,0.0,99.0,1.0
2026-05-30 08:36:57,delta,1,1571,success,10,1.0109,0.8922,0,95.16,4.2,100.0,0.0,99.0,1.0
2026-05-30 08:37:07,delta,1,1572,success,8,0.7486,0.6368,0,95.17,4.2,100.0,0.0,99.0,1.0
2026-05-30 08:37:22,delta,1,1573,success,14,0.5272,0.7274,0,95.17,4.2,100.0,0.0,99.0,1.0
2026-05-30 08:37:30,delta,1,1574,success,6,0.8306,0.6905,0,95.17,4.19,100.0,0.0,99.0,1.0
2026-05-30 08:37:42,delta,1,1575,success,10,0.7475,0.4926,0,95.17,4.19,100.0,0.0,99.0,1.0
2026-05-30 08:37:56,delta,1,1576,success,12,0.5864,0.4926,0,95.18,4.19,100.0,0.0,99.0,1.0
2026-05-30 08:38:02,delta,1,1577,success,4,0.8398,1.6256,0,95.18,4.19,100.0,0.0,99.0,1.0
2026-05-30 08:38:12,delta,1,1578,success,8,0.8665,0.4624,0,95.18,4.18,100.0,0.0,99.0,1.0
2026-05-30 08:38:17,delta,1,1579,success,4,1.2135,1.2547,0,95.19,4.18,100.0,0.0,99.0,1.0
2026-05-30 08:38:30,delta,1,1580,success,10,0.7531,0.6581,0,95.19,4.18,100.0,0.0,99.0,1.0
2026-05-30 08:38:38,delta,1,1581,success,6,0.6965,1.3931,0,95.19,4.17,100.0,0.0,99.0,1.0
2026-05-30 08:38:54,delta,1,1582,success,15,0.5436,0.4753,0,95.2,4.17,100.0,0.0,99.0,1.0
2026-05-30 08:39:06,delta,1,1583,success,10,0.7024,1.3856,0,95.2,4.17,100.0,0.0,99.0,1.0
2026-05-30 08:39:19,delta,1,1584,success,9,0.6381,1.5087,0,95.2,4.17,100.0,0.0,99.0,1.0
2026-05-30 08:39:30,delta,1,1585,success,10,0.9552,0.9516,0,95.21,4.16,100.0,0.0,99.0,1.0
2026-05-30 08:39:39,delta,1,1586,success,8,0.9876,0.856,0,95.21,4.16,100.0,0.0,99.0,1.0
2026-05-30 08:39:49,delta,1,1587,success,8,0.5941,1.5954,0,95.21,4.16,100.0,0.0,99.0,1.0
2026-05-30 08:40:05,delta,1,1588,success,14,0.9404,0.7727,0,95.21,4.16,100.0,0.0,99.0,1.0
2026-05-30 08:40:16,delta,1,1589,success,10,0.712,1.0299,0,95.22,4.15,100.0,0.0,99.0,1.0
2026-05-30 08:40:24,delta,1,1590,success,6,0.5327,1.3048,0,95.22,4.15,100.0,0.0,99.0,1.0
2026-05-30 08:40:30,delta,1,1591,success,4,0.8847,1.0211,0,95.22,4.15,100.0,0.0,99.0,1.0
2026-05-30 08:40:38,delta,1,1592,success,6,0.7158,1.4947,0,95.23,4.15,100.0,0.0,99.0,1.0
2026-05-30 08:40:45,delta,1,1593,success,6,0.7979,1.0921,0,95.23,4.14,100.0,0.0,99.0,1.0
2026-05-30 08:40:57,delta,1,1594,success,10,0.7923,0.7586,0,95.23,4.14,100.0,0.0,99.0,1.0
2026-05-30 08:41:03,delta,1,1595,success,5,1.0928,1.564,0,95.24,4.14,100.0,0.0,99.0,1.0
2026-05-30 08:41:16,delta,1,1596,success,11,0.3883,1.5782,0,95.24,4.14,100.0,0.0,99.0,1.0
2026-05-30 08:41:24,delta,1,1597,success,6,0.9103,1.2259,0,95.24,4.13,100.0,0.0,99.0,1.0
2026-05-30 08:41:38,delta,1,1598,success,12,0.668,0.6281,0,95.24,4.13,100.0,0.0,99.0,1.0
2026-05-30 08:41:46,delta,1,1599,success,6,1.0539,0.6171,0,95.25,4.13,100.0,0.0,99.0,1.0
2026-05-30 08:41:51,delta,1,1600,success,4,1.075,1.0779,0,95.25,4.12,100.0,0.0,99.0,1.0
2026-05-30 08:42:02,delta,1,1601,success,10,0.4032,1.5707,0,95.25,4.12,100.0,0.0,99.0,1.0
2026-05-30 08:42:12,delta,1,1602,success,8,0.844,0.4424,0,95.26,4.12,100.0,0.0,99.0,1.0
2026-05-30 08:42:21,delta,1,1603,success,8,0.8794,1.1227,0,95.26,4.12,100.0,0.0,99.0,1.0
2026-05-30 08:42:31,delta,1,1604,success,8,0.9055,1.3836,0,95.26,4.11,100.0,0.0,99.0,1.0
2026-05-30 08:42:42,delta,1,1605,success,10,0.7955,0.6011,0,95.26,4.11,100.0,0.0,99.0,1.0
2026-05-30 08:42:54,delta,1,1606,success,10,0.7753,1.217,0,95.27,4.11,100.0,0.0,99.0,1.0
2026-05-30 08:43:02,delta,1,1607,success,6,1.116,1.185,0,95.27,4.11,100.0,0.0,99.0,1.0
2026-05-30 08:43:10,delta,1,1608,success,6,0.7536,1.6483,0,95.27,4.1,100.0,0.0,99.0,1.0
2026-05-30 08:43:19,delta,1,1609,success,8,0.6791,0.7596,0,95.28,4.1,100.0,0.0,99.0,1.0
2026-05-30 08:43:29,delta,1,1610,success,8,0.8987,0.5373,0,95.28,4.1,100.0,0.0,99.0,1.0
2026-05-30 08:43:37,delta,1,1611,success,6,0.7597,1.3084,0,95.28,4.1,100.0,0.0,99.0,1.0
2026-05-30 08:43:46,delta,1,1612,success,6,0.9856,1.2753,0,95.29,4.09,100.0,0.0,99.0,1.0
2026-05-30 08:44:02,delta,1,1613,success,14,0.3457,0.7688,0,95.29,4.09,100.0,0.0,99.0,1.0
2026-05-30 08:44:08,delta,1,1614,success,4,0.9313,1.3986,0,95.29,4.09,100.0,0.0,99.0,1.0
2026-05-30 08:44:18,delta,1,1615,success,8,0.452,1.4182,0,95.29,4.09,100.0,0.0,99.0,1.0
2026-05-30 08:44:32,delta,1,1616,success,12,0.7172,0.7048,0,95.3,4.08,100.0,0.0,99.0,1.0
2026-05-30 08:44:45,delta,1,1617,success,12,0.7369,0.6405,0,95.3,4.08,100.0,0.0,99.0,1.0
2026-05-30 08:44:56,delta,1,1618,success,10,0.5691,1.0742,0,95.3,4.08,100.0,0.0,99.0,1.0
2026-05-30 08:45:04,delta,1,1619,success,6,0.6584,0.7884,0,95.31,4.08,100.0,0.0,99.0,1.0
2026-05-30 08:45:11,delta,1,1620,success,6,1.0488,1.1255,0,95.31,4.07,100.0,0.0,99.0,1.0
2026-05-30 08:45:22,delta,1,1621,success,10,0.5684,1.2754,0,95.31,4.07,100.0,0.0,99.0,1.0
2026-05-30 08:45:28,delta,1,1622,success,4,0.8342,1.2411,0,95.31,4.07,100.0,0.0,99.0,1.0
2026-05-30 08:45:35,delta,1,1623,success,6,0.6879,1.5382,0,95.32,4.07,100.0,0.0,99.0,1.0
2026-05-30 08:45:41,delta,1,1624,success,4,0.9971,1.6478,0,95.32,4.06,100.0,0.0,99.0,1.0
2026-05-30 08:45:54,delta,1,1625,success,12,0.6019,0.3212,0,95.32,4.06,100.0,0.0,99.0,1.0
2026-05-30 08:46:04,delta,1,1626,success,8,0.9065,0.5342,0,95.33,4.06,100.0,0.0,99.0,1.0
2026-05-30 08:46:14,delta,1,1627,success,8,0.781,0.3756,0,95.33,4.06,100.0,0.0,99.0,1.0
2026-05-30 08:46:24,delta,1,1628,success,8,0.8697,0.7374,0,95.33,4.05,100.0,0.0,99.0,1.0
2026-05-30 08:46:33,delta,1,1629,success,8,0.9005,1.1015,0,95.33,4.05,100.0,0.0,99.0,1.0
2026-05-30 08:46:42,delta,1,1630,success,8,0.9586,0.4839,0,95.34,4.05,100.0,0.0,99.0,1.0
2026-05-30 08:46:52,delta,1,1631,success,8,0.4693,1.3965,0,95.34,4.05,100.0,0.0,99.0,1.0
2026-05-30 08:46:57,delta,1,1632,success,4,1.1869,1.2939,0,95.34,4.04,100.0,0.0,99.0,1.0
2026-05-30 08:47:03,delta,1,1633,success,4,1.2783,1.2924,0,95.35,4.04,100.0,0.0,99.0,1.0
2026-05-30 08:47:12,delta,1,1634,success,8,0.574,1.037,0,95.35,4.04,100.0,0.0,99.0,1.0
2026-05-30 08:47:21,delta,1,1635,success,8,0.5254,1.331,0,95.35,4.04,100.0,0.0,99.0,1.0
2026-05-30 08:47:33,delta,1,1636,success,10,0.8627,0.6547,0,95.35,4.03,100.0,0.0,99.0,1.0
2026-05-30 08:47:43,delta,1,1637,success,8,1.0908,0.617,0,95.36,4.03,100.0,0.0,99.0,1.0
2026-05-30 08:47:52,delta,1,1638,success,8,1.1154,0.8579,0,95.36,4.03,100.0,0.0,99.0,1.0
2026-05-30 08:48:00,delta,1,1639,success,6,0.8795,1.028,0,95.36,4.03,100.0,0.0,99.0,1.0
2026-05-30 08:48:10,delta,1,1640,success,8,0.732,1.3087,0,95.37,4.02,100.0,0.0,99.0,1.0
2026-05-30 08:48:23,delta,1,1641,success,12,0.7701,0.5914,0,95.37,4.02,100.0,0.0,99.0,1.0
2026-05-30 08:48:33,delta,1,1642,success,8,0.5944,0.9409,0,95.37,4.02,100.0,0.0,99.0,1.0
2026-05-30 08:48:41,delta,1,1643,success,6,0.7799,0.8843,0,95.37,4.02,100.0,0.0,99.0,1.0
2026-05-30 08:48:53,delta,1,1644,success,10,0.6441,0.9628,0,95.38,4.01,100.0,0.0,99.0,1.0
2026-05-30 08:49:03,delta,1,1645,success,8,0.93,0.6865,0,95.38,4.01,100.0,0.0,99.0,1.0
2026-05-30 08:49:13,delta,1,1646,success,8,0.9337,1.0015,0,95.38,4.01,100.0,0.0,99.0,1.0
2026-05-30 08:49:28,delta,1,1647,success,14,0.5402,0.5625,0,95.39,4.01,100.0,0.0,99.0,1.0
2026-05-30 08:49:36,delta,1,1648,success,6,0.9692,1.0735,0,95.39,4.0,100.0,0.0,99.0,1.0
2026-05-30 08:49:43,delta,1,1649,success,6,0.9697,1.145,0,95.39,4.0,100.0,0.0,99.0,1.0
2026-05-30 08:49:52,delta,1,1650,success,8,0.805,0.7692,0,95.39,4.0,100.0,0.0,99.0,1.0
2026-05-30 08:49:57,delta,1,1651,success,4,1.4282,1.9026,0,95.4,4.0,100.0,0.0,99.0,1.0
2026-05-30 08:50:05,delta,1,1652,success,6,0.8874,1.6904,0,95.4,4.0,100.0,0.0,99.0,1.0
2026-05-30 08:50:19,delta,1,1653,success,12,0.4961,1.3123,0,95.4,3.99,100.0,0.0,99.0,1.0
2026-05-30 08:50:26,delta,1,1654,success,6,0.7173,1.0927,0,95.41,3.99,100.0,0.0,99.0,1.0
2026-05-30 08:50:42,delta,1,1655,success,14,0.6461,0.8033,0,95.41,3.99,100.0,0.0,99.0,1.0
2026-05-30 08:50:49,delta,1,1656,success,6,0.7939,1.3423,0,95.41,3.99,100.0,0.0,99.0,1.0
2026-05-30 08:50:59,delta,1,1657,success,8,0.5527,1.3067,0,95.41,3.98,100.0,0.0,99.0,1.0
2026-05-30 08:51:09,delta,1,1658,success,8,0.5428,1.0907,0,95.42,3.98,100.0,0.0,99.0,1.0
2026-05-30 08:51:21,delta,1,1659,success,10,1.0122,0.6503,0,95.42,3.98,100.0,0.0,99.0,1.0
2026-05-30 08:51:26,delta,1,1660,success,4,0.7861,1.5597,0,95.42,3.98,100.0,0.0,99.0,1.0
2026-05-30 08:51:34,delta,1,1661,success,6,1.0371,0.7904,0,95.42,3.97,100.0,0.0,99.0,1.0
2026-05-30 08:51:41,delta,1,1662,success,6,0.8721,1.5595,0,95.43,3.97,100.0,0.0,99.0,1.0
2026-05-30 08:51:55,delta,1,1663,success,12,0.703,0.5589,0,95.43,3.97,100.0,0.0,99.0,1.0
2026-05-30 08:52:05,delta,1,1664,success,8,0.6464,1.0265,0,95.43,3.97,100.0,0.0,99.0,1.0
2026-05-30 08:52:17,delta,1,1665,success,10,0.9579,0.6983,0,95.44,3.96,100.0,0.0,99.0,1.0
2026-05-30 08:52:24,delta,1,1666,success,6,0.9089,1.4743,0,95.44,3.96,100.0,0.0,99.0,1.0
2026-05-30 08:52:36,delta,1,1667,success,10,0.7803,0.6253,0,95.44,3.96,100.0,0.0,99.0,1.0
2026-05-30 08:52:45,delta,1,1668,success,8,0.8809,1.4917,0,95.44,3.96,100.0,0.0,99.0,1.0
2026-05-30 08:52:55,delta,1,1669,success,8,0.8414,1.1509,0,95.45,3.95,100.0,0.0,99.0,1.0
2026-05-30 08:53:05,delta,1,1670,success,8,0.7905,0.523,0,95.45,3.95,100.0,0.0,99.0,1.0
2026-05-30 08:53:11,delta,1,1671,success,4,1.0577,1.1769,0,95.45,3.95,100.0,0.0,99.2,0.8
2026-05-30 08:53:20,delta,1,1672,success,8,0.4532,1.2723,0,95.45,3.95,100.0,0.0,99.2,0.8
2026-05-30 08:53:32,delta,1,1673,success,10,0.57,1.2453,0,95.46,3.95,100.0,0.0,99.2,0.8
2026-05-30 08:53:39,delta,1,1674,success,6,1.0564,1.0155,0,95.46,3.94,100.0,0.0,99.2,0.8
2026-05-30 08:53:45,delta,1,1675,success,4,1.2352,1.7357,0,95.46,3.94,100.0,0.0,99.2,0.8
2026-05-30 08:53:56,delta,1,1676,success,8,0.8529,1.2795,0,95.47,3.94,100.0,0.0,99.2,0.8
2026-05-30 08:54:06,delta,1,1677,success,8,0.6784,1.0052,0,95.47,3.94,100.0,0.0,99.2,0.8
2026-05-30 08:54:16,delta,1,1678,success,8,0.7897,1.4214,0,95.47,3.93,100.0,0.0,99.2,0.8
2026-05-30 08:54:30,delta,1,1679,success,12,0.5792,0.4984,0,95.47,3.93,100.0,0.0,99.2,0.8
2026-05-30 08:54:41,delta,1,1680,success,10,0.8733,0.4177,0,95.48,3.93,100.0,0.0,99.2,0.8
2026-05-30 08:54:53,delta,1,1681,success,10,0.745,0.9539,0,95.48,3.93,100.0,0.0,99.2,0.8
2026-05-30 08:55:01,delta,1,1682,success,6,1.0817,1.2437,0,95.48,3.92,100.0,0.0,99.2,0.8
2026-05-30 08:55:10,delta,1,1683,success,6,0.5798,1.6187,0,95.48,3.92,100.0,0.0,99.2,0.8
2026-05-30 08:55:18,delta,1,1684,success,6,0.8934,1.3096,0,95.49,3.92,100.0,0.0,99.2,0.8
2026-05-30 08:55:31,delta,1,1685,success,12,0.6482,0.9489,0,95.49,3.92,100.0,0.0,99.2,0.8
2026-05-30 08:55:49,delta,1,1686,success,16,0.577,0.7706,0,95.49,3.91,100.0,0.0,99.2,0.8
2026-05-30 08:55:57,delta,1,1687,success,6,0.8463,1.1608,0,95.49,3.91,100.0,0.0,99.2,0.8
2026-05-30 08:56:05,delta,1,1688,success,6,1.0541,0.6332,0,95.5,3.91,100.0,0.0,99.2,0.8
2026-05-30 08:56:11,delta,1,1689,success,4,0.8271,1.225,0,95.5,3.91,100.0,0.0,99.2,0.8
2026-05-30 08:56:18,delta,1,1690,success,6,1.0842,1.5358,0,95.5,3.91,100.0,0.0,99.2,0.8
2026-05-30 08:56:32,delta,1,1691,success,12,0.6248,0.9517,0,95.51,3.9,100.0,0.0,99.2,0.8
2026-05-30 08:56:44,delta,1,1692,success,10,0.6942,1.0927,0,95.51,3.9,100.0,0.0,99.2,0.8
2026-05-30 08:56:54,delta,1,1693,success,8,0.8649,1.0081,0,95.51,3.9,100.0,0.0,99.2,0.8
2026-05-30 08:57:05,delta,1,1694,success,10,0.4821,1.291,0,95.51,3.9,100.0,0.0,99.2,0.8
2026-05-30 08:57:15,delta,1,1695,success,8,0.8766,0.4316,0,95.52,3.89,100.0,0.0,99.2,0.8
2026-05-30 08:57:20,delta,1,1696,success,4,1.097,1.7463,0,95.52,3.89,100.0,0.0,99.2,0.8
2026-05-30 08:57:26,delta,1,1697,success,4,1.165,1.126,0,95.52,3.89,100.0,0.0,99.2,0.8
2026-05-30 08:57:31,delta,1,1698,success,4,0.8421,1.6891,0,95.52,3.89,100.0,0.0,99.2,0.8
2026-05-30 08:57:37,delta,1,1699,success,4,1.337,1.4766,0,95.53,3.88,100.0,0.0,99.2,0.8
2026-05-30 08:57:48,delta,1,1700,success,10,0.3481,1.032,0,95.53,3.88,100.0,0.0,99.2,0.8
2026-05-30 08:57:56,delta,1,1701,success,6,1.0071,0.9001,0,95.53,3.88,100.0,0.0,99.2,0.8
2026-05-30 08:58:07,delta,1,1702,success,8,0.9914,1.0394,0,95.53,3.88,100.0,0.0,99.2,0.8
2026-05-30 08:58:12,delta,1,1703,success,4,1.2905,1.3821,0,95.54,3.88,100.0,0.0,99.2,0.8
2026-05-30 08:58:20,delta,1,1704,success,6,0.7906,1.164,0,95.54,3.87,100.0,0.0,99.2,0.8
2026-05-30 08:58:36,delta,1,1705,success,14,0.4784,0.7951,0,95.54,3.87,100.0,0.0,99.2,0.8
2026-05-30 08:58:45,delta,1,1706,success,8,0.8499,1.3049,0,95.55,3.87,100.0,0.0,99.2,0.8
2026-05-30 08:58:57,delta,1,1707,success,10,0.7567,1.0937,0,95.55,3.87,100.0,0.0,99.2,0.8
2026-05-30 08:59:04,delta,1,1708,success,6,0.8008,1.0535,0,95.55,3.86,100.0,0.0,99.2,0.8
2026-05-30 08:59:12,delta,1,1709,success,6,1.1113,0.7243,0,95.55,3.86,100.0,0.0,99.2,0.8
2026-05-30 08:59:26,delta,1,1710,success,12,0.5399,0.702,0,95.56,3.86,100.0,0.0,99.2,0.8
2026-05-30 08:59:33,delta,1,1711,success,6,1.0568,1.007,0,95.56,3.86,100.0,0.0,99.2,0.8
2026-05-30 08:59:44,delta,1,1712,success,8,0.9016,0.6633,0,95.56,3.86,100.0,0.0,99.2,0.8
2026-05-30 08:59:50,delta,1,1713,success,4,1.1683,1.565,0,95.56,3.85,100.0,0.0,99.2,0.8
2026-05-30 08:59:58,delta,1,1714,success,6,0.8364,1.1556,0,95.57,3.85,100.0,0.0,99.2,0.8
2026-05-30 09:00:16,delta,1,1715,success,14,0.3807,0.83,0,95.57,3.85,100.0,0.0,99.2,0.8
2026-05-30 09:00:29,delta,1,1716,success,12,0.6486,0.875,0,95.57,3.85,100.0,0.0,99.2,0.8
2026-05-30 09:00:40,delta,1,1717,success,8,0.5137,1.4082,0,95.57,3.84,100.0,0.0,99.2,0.8
2026-05-30 09:00:51,delta,1,1718,success,10,0.8619,0.7152,0,95.58,3.84,100.0,0.0,99.2,0.8
2026-05-30 09:00:57,delta,1,1719,success,4,1.2561,1.675,0,95.58,3.84,100.0,0.0,99.2,0.8
2026-05-30 09:01:10,delta,1,1720,success,10,0.8126,0.551,0,95.58,3.84,100.0,0.0,99.2,0.8
2026-05-30 09:01:19,delta,1,1721,success,8,1.0314,0.7464,0,95.58,3.83,100.0,0.0,99.2,0.8
2026-05-30 09:01:29,delta,1,1722,success,8,0.9133,1.1184,0,95.59,3.83,100.0,0.0,99.2,0.8
2026-05-30 09:01:39,delta,1,1723,success,8,0.9774,0.6249,0,95.59,3.83,100.0,0.0,99.2,0.8
2026-05-30 09:01:45,delta,1,1724,success,4,1.26,1.5575,0,95.59,3.83,100.0,0.0,99.2,0.8
2026-05-30 09:01:57,delta,1,1725,success,10,0.6817,1.0068,0,95.59,3.83,100.0,0.0,99.2,0.8
2026-05-30 09:02:09,delta,1,1726,success,10,0.8406,0.7824,0,95.6,3.82,100.0,0.0,99.2,0.8
2026-05-30 09:02:25,delta,1,1727,success,14,0.5752,0.3921,0,95.6,3.82,100.0,0.0,99.2,0.8
2026-05-30 09:02:30,delta,1,1728,success,5,1.4064,1.7295,0,95.6,3.82,100.0,0.0,99.2,0.8
2026-05-30 09:02:44,delta,1,1729,success,11,0.7605,0.5402,0,95.6,3.82,100.0,0.0,99.2,0.8
2026-05-30 09:02:51,delta,1,1730,success,6,1.0577,0.9665,0,95.61,3.82,100.0,0.0,99.2,0.8
2026-05-30 09:03:03,delta,1,1731,success,10,0.8383,0.615,0,95.61,3.81,100.0,0.0,99.2,0.8
2026-05-30 09:03:12,delta,1,1732,success,9,0.841,1.61,0,95.61,3.81,100.0,0.0,99.2,0.8
2026-05-30 09:03:26,delta,1,1733,success,11,0.6649,0.336,0,95.61,3.81,100.0,0.0,99.2,0.8
2026-05-30 09:03:40,delta,1,1734,success,12,0.8498,0.7127,0,95.62,3.81,100.0,0.0,99.2,0.8
2026-05-30 09:03:52,delta,1,1735,success,10,0.5106,1.106,0,95.62,3.8,100.0,0.0,99.2,0.8
2026-05-30 09:04:03,delta,1,1736,success,10,0.834,0.9495,0,95.62,3.8,100.0,0.0,99.2,0.8
2026-05-30 09:04:15,delta,1,1737,success,10,0.6087,1.0898,0,95.62,3.8,100.0,0.0,99.2,0.8
2026-05-30 09:04:25,delta,1,1738,success,8,1.0459,0.529,0,95.63,3.8,100.0,0.0,99.2,0.8
2026-05-30 09:04:37,delta,1,1739,success,10,0.4837,1.2113,0,95.63,3.8,100.0,0.0,99.2,0.8
2026-05-30 09:04:44,delta,1,1740,success,6,1.0252,0.8963,0,95.63,3.79,100.0,0.0,99.2,0.8
2026-05-30 09:05:00,delta,1,1741,success,14,0.438,0.8587,0,95.63,3.79,100.0,0.0,99.4,0.6
2026-05-30 09:05:09,delta,1,1742,success,8,0.4745,1.616,0,95.64,3.79,100.0,0.0,99.4,0.6
2026-05-30 09:05:20,delta,1,1743,success,9,0.8837,1.0336,0,95.64,3.79,100.0,0.0,99.4,0.6
2026-05-30 09:05:35,delta,1,1744,success,13,0.7139,0.4928,0,95.64,3.78,100.0,0.0,99.4,0.6
2026-05-30 09:05:47,delta,1,1745,success,11,0.7934,0.9875,0,95.64,3.78,100.0,0.0,99.4,0.6
2026-05-30 09:05:54,delta,1,1746,success,5,1.2829,1.6521,0,95.65,3.78,100.0,0.0,99.4,0.6
2026-05-30 09:06:12,delta,1,1747,success,16,0.4907,0.3688,0,95.65,3.78,100.0,0.0,99.4,0.6
2026-05-30 09:06:24,delta,1,1748,success,10,0.7684,0.6495,0,95.65,3.78,100.0,0.0,99.4,0.6
2026-05-30 09:06:35,delta,1,1749,success,10,0.9359,0.9467,0,95.65,3.77,100.0,0.0,99.4,0.6
2026-05-30 09:06:41,delta,1,1750,success,5,1.2514,1.4284,0,95.66,3.77,100.0,0.0,99.4,0.6
2026-05-30 09:07:01,delta,1,1751,success,17,0.6526,0.6866,0,95.66,3.77,100.0,0.0,99.4,0.6
2026-05-30 09:07:09,delta,1,1752,success,6,1.01,1.0342,0,95.66,3.77,100.0,0.0,99.4,0.6
2026-05-30 09:07:16,delta,1,1753,success,6,0.7882,1.207,0,95.66,3.76,100.0,0.0,99.4,0.6
2026-05-30 09:07:26,delta,1,1754,success,8,0.8555,1.1304,0,95.67,3.76,100.0,0.0,99.4,0.6
2026-05-30 09:07:38,delta,1,1755,success,10,0.7699,0.505,0,95.67,3.76,100.0,0.0,99.4,0.6
2026-05-30 09:07:46,delta,1,1756,success,6,0.7854,0.6377,0,95.67,3.76,100.0,0.0,99.4,0.6
2026-05-30 09:07:55,delta,1,1757,success,8,0.7818,0.8347,0,95.67,3.76,100.0,0.0,99.4,0.6
2026-05-30 09:08:05,delta,1,1758,success,8,0.9816,0.5957,0,95.68,3.75,100.0,0.0,99.4,0.6
2026-05-30 09:08:17,delta,1,1759,success,10,0.749,0.3973,0,95.68,3.75,100.0,0.0,99.4,0.6
2026-05-30 09:08:31,delta,1,1760,success,12,0.8086,0.5102,0,95.68,3.75,100.0,0.0,99.4,0.6
2026-05-30 09:08:45,delta,1,1761,success,12,0.7053,0.6455,0,95.68,3.75,100.0,0.0,99.4,0.6
2026-05-30 09:08:51,delta,1,1762,success,4,0.9996,1.5386,0,95.69,3.75,100.0,0.0,99.4,0.6
2026-05-30 09:08:59,delta,1,1763,success,6,1.0866,0.8342,0,95.69,3.74,100.0,0.0,99.4,0.6
2026-05-30 09:09:15,delta,1,1764,success,14,0.6194,0.6251,0,95.69,3.74,100.0,0.0,99.4,0.6
2026-05-30 09:09:23,delta,1,1765,success,6,1.0143,1.0273,0,95.69,3.74,100.0,0.0,99.4,0.6
2026-05-30 09:09:31,delta,1,1766,success,6,1.0,0.7823,0,95.7,3.74,100.0,0.0,99.4,0.6
2026-05-30 09:09:42,delta,1,1767,success,10,0.869,0.5191,0,95.7,3.74,100.0,0.0,99.4,0.6
2026-05-30 09:09:54,delta,1,1768,success,10,0.7377,0.797,0,95.7,3.73,100.0,0.0,99.4,0.6
2026-05-30 09:10:05,delta,1,1769,success,10,0.4516,0.8651,0,95.7,3.73,100.0,0.0,99.4,0.6
2026-05-30 09:10:17,delta,1,1770,success,10,0.637,0.5603,0,95.71,3.73,100.0,0.0,99.4,0.6
2026-05-30 09:10:27,delta,1,1771,success,8,0.7743,0.3175,0,95.71,3.73,100.0,0.0,99.4,0.6
2026-05-30 09:10:35,delta,1,1772,success,6,0.9017,0.8311,0,95.71,3.72,100.0,0.0,99.4,0.6
2026-05-30 09:10:47,delta,1,1773,success,11,0.7338,1.182,0,95.71,3.72,100.0,0.0,99.4,0.6
2026-05-30 09:10:59,delta,1,1774,success,9,0.7078,1.1985,0,95.72,3.72,100.0,0.0,99.4,0.6
2026-05-30 09:11:10,delta,1,1775,success,8,0.9312,0.6126,0,95.72,3.72,100.0,0.0,99.4,0.6
2026-05-30 09:11:19,delta,1,1776,success,8,0.9209,0.9978,0,95.72,3.72,100.0,0.0,99.4,0.6
2026-05-30 09:11:27,delta,1,1777,success,6,0.9155,1.2177,0,95.72,3.71,100.0,0.0,99.4,0.6
2026-05-30 09:11:37,delta,1,1778,success,8,1.0841,1.0119,0,95.73,3.71,100.0,0.0,99.4,0.6
2026-05-30 09:11:46,delta,1,1779,success,8,0.649,1.1333,0,95.73,3.71,100.0,0.0,99.4,0.6
2026-05-30 09:12:00,delta,1,1780,success,12,0.5872,0.613,0,95.73,3.71,100.0,0.0,99.4,0.6
2026-05-30 09:12:07,delta,1,1781,success,6,0.882,1.0582,0,95.73,3.71,100.0,0.0,99.4,0.6
2026-05-30 09:12:23,delta,1,1782,success,14,0.6532,0.6506,0,95.74,3.7,100.0,0.0,99.4,0.6
2026-05-30 09:12:30,delta,1,1783,success,6,0.6869,1.3393,0,95.74,3.7,100.0,0.0,99.4,0.6
2026-05-30 09:12:43,delta,1,1784,success,12,0.6283,0.652,0,95.74,3.7,100.0,0.0,99.4,0.6
2026-05-30 09:12:51,delta,1,1785,success,6,1.0407,0.7541,0,95.74,3.7,100.0,0.0,99.4,0.6
2026-05-30 09:13:00,delta,1,1786,success,8,1.0531,0.6731,0,95.74,3.7,100.0,0.0,99.4,0.6
2026-05-30 09:13:07,delta,1,1787,success,6,1.0613,1.0046,0,95.75,3.69,100.0,0.0,99.4,0.6
2026-05-30 09:13:17,delta,1,1788,success,8,0.8381,0.9906,0,95.75,3.69,100.0,0.0,99.4,0.6
2026-05-30 09:13:22,delta,1,1789,success,4,1.0347,1.5581,0,95.75,3.69,100.0,0.0,99.4,0.6
2026-05-30 09:13:32,delta,1,1790,success,8,0.843,0.8093,0,95.75,3.69,100.0,0.0,99.4,0.6
2026-05-30 09:13:42,delta,1,1791,success,8,0.8527,0.8957,0,95.76,3.69,100.0,0.0,99.4,0.6
2026-05-30 09:13:51,delta,1,1792,success,8,0.7767,0.8997,0,95.76,3.68,100.0,0.0,99.4,0.6
2026-05-30 09:13:57,delta,1,1793,success,4,0.9053,1.3642,0,95.76,3.68,100.0,0.0,99.6,0.4
2026-05-30 09:14:04,delta,1,1794,success,6,0.7539,1.3066,0,95.76,3.68,100.0,0.0,99.6,0.4
2026-05-30 09:14:12,delta,1,1795,success,6,0.909,0.8918,0,95.77,3.68,100.0,0.0,99.6,0.4
2026-05-30 09:14:19,delta,1,1796,success,6,0.8371,1.5464,0,95.77,3.67,100.0,0.0,99.6,0.4
2026-05-30 09:14:25,delta,1,1797,success,4,1.1704,1.3597,0,95.77,3.67,100.0,0.0,99.6,0.4
2026-05-30 09:15:00,delta,1,1798,collision,-1,0.2695,0.12,1,95.72,3.73,99.0,1.0,99.4,0.6
2026-05-30 09:16:10,delta,1,1799,collision,-1,0.1131,0.12,3,95.66,3.78,98.0,2.0,99.2,0.8
2026-05-30 09:17:02,delta,1,1800,success,48,0.1412,1.292,0,95.67,3.78,98.0,2.0,99.2,0.8
2026-05-30 09:19:57,delta,1,1801,success,170,0.0561,0.7653,0,95.67,3.78,98.0,2.0,99.2,0.8
2026-05-30 09:20:20,delta,1,1802,success,20,0.4395,0.2378,2,95.67,3.77,98.0,2.0,99.2,0.8
2026-05-30 09:20:26,delta,1,1803,success,4,0.9522,1.2832,0,95.67,3.77,98.0,2.0,99.2,0.8
2026-05-30 09:20:44,delta,1,1804,success,18,0.4681,0.6311,0,95.68,3.77,98.0,2.0,99.2,0.8
2026-05-30 09:20:53,delta,1,1805,success,9,1.3426,1.6844,0,95.68,3.77,98.0,2.0,99.2,0.8
2026-05-30 09:21:05,delta,1,1806,success,9,0.9312,0.6371,0,95.68,3.77,98.0,2.0,99.2,0.8
2026-05-30 09:21:16,delta,1,1807,success,10,0.5067,0.8208,0,95.68,3.76,98.0,2.0,99.2,0.8
2026-05-30 09:21:30,delta,1,1808,success,12,0.3865,0.9507,0,95.69,3.76,98.0,2.0,99.2,0.8
2026-05-30 09:21:46,delta,1,1809,success,15,0.5853,0.4751,0,95.69,3.76,98.0,2.0,99.2,0.8
2026-05-30 09:21:55,delta,1,1810,success,7,1.0813,1.205,0,95.69,3.76,98.0,2.0,99.4,0.6
2026-05-30 09:22:03,delta,1,1811,success,6,1.1979,1.0112,0,95.69,3.75,98.0,2.0,99.4,0.6
2026-05-30 09:22:08,delta,1,1812,success,4,0.845,1.3705,0,95.7,3.75,98.0,2.0,99.4,0.6
2026-05-30 09:22:20,delta,1,1813,success,10,0.6453,1.2351,0,95.7,3.75,98.0,2.0,99.4,0.6
2026-05-30 09:22:31,delta,1,1814,success,10,0.5582,1.6446,0,95.7,3.75,98.0,2.0,99.4,0.6
2026-05-30 09:22:46,delta,1,1815,success,14,0.3874,0.8835,0,95.7,3.75,98.0,2.0,99.4,0.6
2026-05-30 09:22:51,delta,1,1816,success,4,0.9546,1.4307,0,95.7,3.74,98.0,2.0,99.4,0.6
2026-05-30 09:23:00,delta,1,1817,success,8,1.011,0.8382,0,95.71,3.74,98.0,2.0,99.4,0.6
2026-05-30 09:23:12,delta,1,1818,success,10,0.7478,0.7173,0,95.71,3.74,98.0,2.0,99.4,0.6
2026-05-30 09:23:29,delta,1,1819,success,16,0.4094,0.791,0,95.71,3.74,98.0,2.0,99.4,0.6
2026-05-30 09:23:44,delta,1,1820,success,14,0.6285,0.4117,0,95.71,3.74,98.0,2.0,99.4,0.6
2026-05-30 09:23:57,delta,1,1821,success,12,0.8195,0.2868,1,95.72,3.73,98.0,2.0,99.4,0.6
2026-05-30 09:24:07,delta,1,1822,success,8,0.6148,1.3326,0,95.72,3.73,98.0,2.0,99.4,0.6
2026-05-30 09:24:12,delta,1,1823,success,4,0.925,1.5431,0,95.72,3.73,98.0,2.0,99.4,0.6
2026-05-30 09:24:21,delta,1,1824,success,8,0.8823,0.4211,0,95.72,3.73,98.0,2.0,99.4,0.6
2026-05-30 09:24:36,delta,1,1825,success,14,0.5201,0.525,0,95.73,3.73,98.0,2.0,99.4,0.6
2026-05-30 09:24:46,delta,1,1826,success,9,0.9372,0.9596,0,95.73,3.72,98.0,2.0,99.4,0.6
2026-05-30 09:25:04,delta,1,1827,success,15,0.6484,0.7834,0,95.73,3.72,98.0,2.0,99.4,0.6
2026-05-30 09:25:16,delta,1,1828,success,10,0.5637,0.7356,0,95.73,3.72,98.0,2.0,99.4,0.6
2026-05-30 09:25:24,delta,1,1829,success,6,1.1356,1.1528,0,95.74,3.72,98.0,2.0,99.4,0.6
2026-05-30 09:25:31,delta,1,1830,success,6,1.0066,0.7212,0,95.74,3.72,98.0,2.0,99.4,0.6
2026-05-30 09:25:41,delta,1,1831,success,8,0.7951,1.3166,0,95.74,3.71,98.0,2.0,99.4,0.6
2026-05-30 09:25:54,delta,1,1832,success,12,0.4032,1.0521,0,95.74,3.71,98.0,2.0,99.4,0.6
2026-05-30 09:26:09,delta,1,1833,success,14,0.556,0.5806,0,95.74,3.71,98.0,2.0,99.4,0.6
2026-05-30 09:26:15,delta,1,1834,success,4,1.3472,1.2695,0,95.75,3.71,98.0,2.0,99.4,0.6
2026-05-30 09:26:24,delta,1,1835,success,8,0.7187,1.0394,0,95.75,3.71,98.0,2.0,99.4,0.6
2026-05-30 09:26:30,delta,1,1836,success,4,1.0625,1.3233,0,95.75,3.7,98.0,2.0,99.4,0.6
2026-05-30 09:26:41,delta,1,1837,success,10,0.7442,0.831,0,95.75,3.7,98.0,2.0,99.4,0.6
2026-05-30 09:26:46,delta,1,1838,success,4,0.9272,1.4552,0,95.76,3.7,98.0,2.0,99.4,0.6
2026-05-30 09:26:59,delta,1,1839,success,12,0.5787,0.903,0,95.76,3.7,98.0,2.0,99.6,0.4
2026-05-30 09:27:10,delta,1,1840,success,10,0.9484,0.7397,0,95.76,3.7,98.0,2.0,99.6,0.4
2026-05-30 09:27:28,delta,1,1841,success,16,0.5085,0.4681,0,95.76,3.69,98.0,2.0,99.6,0.4
2026-05-30 09:27:33,delta,1,1842,success,4,1.011,1.4352,0,95.77,3.69,98.0,2.0,99.6,0.4
2026-05-30 09:27:43,delta,1,1843,success,8,0.5574,1.5928,0,95.77,3.69,98.0,2.0,99.6,0.4
2026-05-30 09:27:54,delta,1,1844,success,6,0.8891,0.9177,0,95.77,3.69,98.0,2.0,99.6,0.4
2026-05-30 09:28:04,delta,1,1845,success,6,0.8946,0.4942,0,95.77,3.69,98.0,2.0,99.6,0.4
2026-05-30 09:28:12,delta,1,1846,success,4,1.1285,1.2259,0,95.77,3.68,98.0,2.0,99.6,0.4
2026-05-30 09:28:33,delta,1,1847,success,14,0.3178,1.0558,0,95.78,3.68,98.0,2.0,99.6,0.4
2026-05-30 09:28:38,delta,1,1848,success,2,1.1005,1.7823,0,95.78,3.68,98.0,2.0,99.6,0.4
2026-05-30 09:28:52,delta,1,1849,success,10,0.7135,0.7872,0,95.78,3.68,98.0,2.0,99.6,0.4
2026-05-30 09:29:09,delta,1,1850,success,10,0.7923,0.4927,0,95.78,3.68,98.0,2.0,99.6,0.4
2026-05-30 09:29:22,delta,1,1851,success,8,0.4607,1.2462,0,95.79,3.67,98.0,2.0,99.6,0.4
2026-05-30 09:29:32,delta,1,1852,success,6,0.8276,1.4655,0,95.79,3.67,98.0,2.0,99.6,0.4
2026-05-30 09:29:41,delta,1,1853,success,6,1.1604,1.2523,0,95.79,3.67,98.0,2.0,99.6,0.4
2026-05-30 09:29:51,delta,1,1854,success,6,0.8167,0.8813,0,95.79,3.67,98.0,2.0,99.6,0.4
2026-05-30 09:30:01,delta,1,1855,success,6,0.5147,1.3638,0,95.8,3.67,98.0,2.0,99.6,0.4
2026-05-30 09:30:14,delta,1,1856,success,8,0.5393,1.3307,0,95.8,3.66,98.0,2.0,99.6,0.4
2026-05-30 09:30:24,delta,1,1857,success,6,0.7611,1.3017,0,95.8,3.66,98.0,2.0,99.6,0.4
2026-05-30 09:30:32,delta,1,1858,success,4,0.7606,1.0571,0,95.8,3.66,98.0,2.0,99.6,0.4
2026-05-30 09:30:50,delta,1,1859,success,12,0.725,0.4129,0,95.8,3.66,98.0,2.0,99.6,0.4
2026-05-30 09:31:00,delta,1,1860,success,6,1.1127,0.9378,0,95.81,3.66,98.0,2.0,99.6,0.4
2026-05-30 09:31:21,delta,1,1861,success,14,0.5364,0.2899,1,95.81,3.65,98.0,2.0,99.6,0.4
2026-05-30 09:31:34,delta,1,1862,success,8,0.8969,0.5712,0,95.81,3.65,98.0,2.0,99.6,0.4
2026-05-30 09:31:41,delta,1,1863,success,4,0.7845,1.382,0,95.81,3.65,98.0,2.0,99.6,0.4
2026-05-30 09:31:51,delta,1,1864,success,7,0.9793,1.2622,0,95.82,3.65,98.0,2.0,99.6,0.4
2026-05-30 09:32:03,delta,1,1865,success,7,0.7492,1.1561,0,95.82,3.65,98.0,2.0,99.6,0.4
2026-05-30 09:32:13,delta,1,1866,success,6,0.9973,0.9292,0,95.82,3.64,98.0,2.0,99.6,0.4
2026-05-30 09:32:26,delta,1,1867,success,8,0.5614,1.1438,0,95.82,3.64,98.0,2.0,99.6,0.4
2026-05-30 09:32:35,delta,1,1868,success,6,0.9492,0.5711,0,95.82,3.64,98.0,2.0,99.6,0.4
2026-05-30 09:32:51,delta,1,1869,success,10,0.4532,0.7305,0,95.83,3.64,98.0,2.0,99.6,0.4
2026-05-30 09:33:06,delta,1,1870,success,10,0.4384,1.1874,0,95.83,3.64,98.0,2.0,99.6,0.4
2026-05-30 09:33:13,delta,1,1871,success,4,1.1099,1.6878,0,95.83,3.63,98.0,2.0,99.6,0.4
2026-05-30 09:33:29,delta,1,1872,success,10,0.6433,0.3324,0,95.83,3.63,98.0,2.0,99.6,0.4
2026-05-30 09:33:46,delta,1,1873,success,12,0.4841,0.6461,0,95.84,3.63,98.0,2.0,99.6,0.4
2026-05-30 09:33:59,delta,1,1874,success,8,0.8424,0.1594,1,95.84,3.63,98.0,2.0,99.6,0.4
2026-05-30 09:34:09,delta,1,1875,success,6,0.6984,1.0413,0,95.84,3.63,98.0,2.0,99.6,0.4
2026-05-30 09:34:22,delta,1,1876,success,8,0.7803,0.7022,0,95.84,3.62,98.0,2.0,99.6,0.4
2026-05-30 09:34:31,delta,1,1877,success,6,1.0015,1.3878,0,95.84,3.62,98.0,2.0,99.6,0.4
2026-05-30 09:34:41,delta,1,1878,success,6,0.8334,0.2088,1,95.85,3.62,98.0,2.0,99.6,0.4
2026-05-30 09:34:51,delta,1,1879,success,8,0.6025,0.9874,0,95.85,3.62,98.0,2.0,99.6,0.4
2026-05-30 09:35:04,delta,1,1880,success,12,0.4462,1.2141,0,95.85,3.62,98.0,2.0,99.6,0.4
2026-05-30 09:35:14,delta,1,1881,success,10,0.3683,1.27,0,95.85,3.62,98.0,2.0,99.6,0.4
2026-05-30 09:35:22,delta,1,1882,success,6,0.9858,0.6454,0,95.86,3.61,98.0,2.0,99.6,0.4
2026-05-30 09:35:36,delta,1,1883,success,14,0.7312,0.761,0,95.86,3.61,98.0,2.0,99.6,0.4
2026-05-30 09:35:41,delta,1,1884,success,4,1.1462,1.2174,0,95.86,3.61,98.0,2.0,99.6,0.4
2026-05-30 09:36:04,delta,1,1885,collision,-1,0.4556,0.1241,1,95.81,3.66,97.0,3.0,99.4,0.6
2026-05-30 09:36:16,delta,1,1886,success,12,0.8172,0.8842,0,95.81,3.66,97.0,3.0,99.4,0.6
2026-05-30 09:36:22,delta,1,1887,success,4,0.8816,1.4214,0,95.81,3.66,97.0,3.0,99.4,0.6
2026-05-30 09:36:27,delta,1,1888,success,4,1.3667,1.8668,0,95.82,3.65,97.0,3.0,99.4,0.6
2026-05-30 09:36:37,delta,1,1889,success,10,0.6194,1.0902,0,95.82,3.65,97.0,3.0,99.4,0.6
2026-05-30 09:36:45,delta,1,1890,success,8,0.9597,0.6413,0,95.82,3.65,97.0,3.0,99.4,0.6
2026-05-30 09:37:01,delta,1,1891,success,14,0.5554,0.5113,0,95.82,3.65,97.0,3.0,99.4,0.6
2026-05-30 09:37:11,delta,1,1892,success,10,1.0909,0.7953,0,95.82,3.65,97.0,3.0,99.4,0.6
2026-05-30 09:37:25,delta,1,1893,success,14,0.5111,0.542,0,95.83,3.65,97.0,3.0,99.4,0.6
2026-05-30 09:37:33,delta,1,1894,success,8,0.8925,1.059,0,95.83,3.64,97.0,3.0,99.4,0.6
2026-05-30 09:37:39,delta,1,1895,success,6,0.7401,1.2384,0,95.83,3.64,97.0,3.0,99.4,0.6
2026-05-30 09:37:50,delta,1,1896,success,10,0.6594,1.2631,0,95.83,3.64,97.0,3.0,99.4,0.6
2026-05-30 09:37:55,delta,1,1897,success,4,0.9418,1.6318,0,95.84,3.64,97.0,3.0,99.4,0.6
2026-05-30 09:38:02,delta,1,1898,success,6,1.113,1.1812,0,95.84,3.64,98.0,2.0,99.4,0.6
2026-05-30 09:38:09,delta,1,1899,success,6,1.1325,0.7764,0,95.84,3.63,99.0,1.0,99.4,0.6
2026-05-30 09:38:14,delta,1,1900,success,4,1.0779,1.6546,0,95.84,3.63,99.0,1.0,99.4,0.6
2026-05-30 09:38:27,delta,1,1901,success,12,0.7364,0.6383,0,95.84,3.63,99.0,1.0,99.4,0.6
2026-05-30 09:38:37,delta,1,1902,success,10,0.8329,0.8788,0,95.85,3.63,99.0,1.0,99.4,0.6
2026-05-30 09:38:48,delta,1,1903,success,10,1.0793,0.7408,0,95.85,3.63,99.0,1.0,99.4,0.6
2026-05-30 09:38:59,delta,1,1904,success,10,0.4978,1.3464,0,95.85,3.62,99.0,1.0,99.4,0.6
2026-05-30 09:39:05,delta,1,1905,success,7,1.1168,0.9634,0,95.85,3.62,99.0,1.0,99.4,0.6
2026-05-30 09:39:26,delta,1,1906,success,21,0.3863,1.0293,0,95.86,3.62,99.0,1.0,99.4,0.6
2026-05-30 09:39:35,delta,1,1907,success,8,0.7605,1.3701,0,95.86,3.62,99.0,1.0,99.4,0.6
2026-05-30 09:39:40,delta,1,1908,success,4,1.0538,1.4701,0,95.86,3.62,99.0,1.0,99.4,0.6
2026-05-30 09:39:49,delta,1,1909,success,8,0.8408,0.9712,0,95.86,3.61,99.0,1.0,99.4,0.6
2026-05-30 09:39:54,delta,1,1910,success,4,1.1879,1.6899,0,95.86,3.61,99.0,1.0,99.4,0.6
2026-05-30 09:40:02,delta,1,1911,success,8,1.1361,0.9773,0,95.87,3.61,99.0,1.0,99.4,0.6
2026-05-30 09:40:09,delta,1,1912,success,6,1.1307,0.6632,0,95.87,3.61,99.0,1.0,99.4,0.6
2026-05-30 09:40:20,delta,1,1913,success,10,0.8678,0.8508,0,95.87,3.61,99.0,1.0,99.4,0.6
2026-05-30 09:40:26,delta,1,1914,success,6,1.2137,0.9291,0,95.87,3.61,99.0,1.0,99.4,0.6
2026-05-30 09:40:33,delta,1,1915,success,6,0.5606,1.3043,0,95.87,3.6,99.0,1.0,99.4,0.6
2026-05-30 09:40:38,delta,1,1916,success,4,0.8946,1.5711,0,95.88,3.6,99.0,1.0,99.4,0.6
2026-05-30 09:40:48,delta,1,1917,success,10,0.8636,0.5863,0,95.88,3.6,99.0,1.0,99.4,0.6
2026-05-30 09:40:57,delta,1,1918,success,8,0.9884,0.6952,0,95.88,3.6,99.0,1.0,99.4,0.6
2026-05-30 09:41:04,delta,1,1919,success,6,1.0864,1.2303,0,95.88,3.6,99.0,1.0,99.4,0.6
2026-05-30 09:41:14,delta,1,1920,success,10,0.5227,0.9067,0,95.89,3.59,99.0,1.0,99.4,0.6
2026-05-30 09:41:21,delta,1,1921,success,6,0.7693,0.6933,0,95.89,3.59,99.0,1.0,99.4,0.6
2026-05-30 09:41:28,delta,1,1922,success,6,0.7717,1.0328,0,95.89,3.59,99.0,1.0,99.4,0.6
2026-05-30 09:41:34,delta,1,1923,success,6,0.8641,1.2043,0,95.89,3.59,99.0,1.0,99.4,0.6
2026-05-30 09:41:47,delta,1,1924,success,12,0.6698,0.6033,0,95.89,3.59,99.0,1.0,99.4,0.6
2026-05-30 09:41:59,delta,1,1925,success,12,0.754,0.7476,0,95.9,3.58,99.0,1.0,99.4,0.6
2026-05-30 09:42:13,delta,1,1926,success,12,0.3238,1.1748,0,95.9,3.58,99.0,1.0,99.4,0.6
2026-05-30 09:42:22,delta,1,1927,success,8,0.6881,1.2254,0,95.9,3.58,99.0,1.0,99.4,0.6
2026-05-30 09:42:32,delta,1,1928,success,10,0.8586,1.2399,0,95.9,3.58,99.0,1.0,99.4,0.6
2026-05-30 09:42:39,delta,1,1929,success,6,0.7899,1.4554,0,95.9,3.58,99.0,1.0,99.4,0.6
2026-05-30 09:42:44,delta,1,1930,success,4,1.0743,1.6383,0,95.91,3.58,99.0,1.0,99.4,0.6
2026-05-30 09:42:53,delta,1,1931,success,8,1.1594,0.8646,0,95.91,3.57,99.0,1.0,99.4,0.6
2026-05-30 09:43:03,delta,1,1932,success,10,0.4795,1.1912,0,95.91,3.57,99.0,1.0,99.4,0.6
2026-05-30 09:43:14,delta,1,1933,success,10,0.9024,0.4504,0,95.91,3.57,99.0,1.0,99.4,0.6
2026-05-30 09:43:25,delta,1,1934,success,10,0.875,0.3992,0,95.92,3.57,99.0,1.0,99.4,0.6
2026-05-30 09:43:32,delta,1,1935,success,6,0.7122,1.1683,0,95.92,3.57,99.0,1.0,99.4,0.6
2026-05-30 09:43:41,delta,1,1936,success,8,0.8525,0.6937,0,95.92,3.56,99.0,1.0,99.4,0.6
2026-05-30 09:43:49,delta,1,1937,success,8,1.1279,0.8502,0,95.92,3.56,99.0,1.0,99.4,0.6
2026-05-30 09:44:02,delta,1,1938,success,12,0.7387,0.589,0,95.92,3.56,99.0,1.0,99.4,0.6
2026-05-30 09:44:09,delta,1,1939,success,7,0.9369,0.8557,0,95.93,3.56,99.0,1.0,99.4,0.6
2026-05-30 09:44:32,delta,1,1940,success,21,0.2661,0.9371,0,95.93,3.56,99.0,1.0,99.4,0.6
2026-05-30 09:44:40,delta,1,1941,success,6,0.9711,0.9689,0,95.93,3.55,99.0,1.0,99.4,0.6
2026-05-30 09:44:47,delta,1,1942,success,6,0.8617,0.9468,0,95.93,3.55,99.0,1.0,99.4,0.6
2026-05-30 09:44:58,delta,1,1943,success,10,0.8361,0.7621,0,95.93,3.55,99.0,1.0,99.4,0.6
2026-05-30 09:45:07,delta,1,1944,success,8,0.4717,1.2636,0,95.94,3.55,99.0,1.0,99.4,0.6
2026-05-30 09:45:17,delta,1,1945,success,10,0.6453,0.7248,0,95.94,3.55,99.0,1.0,99.4,0.6
2026-05-30 09:45:23,delta,1,1946,success,6,1.1906,1.1825,0,95.94,3.55,99.0,1.0,99.4,0.6
2026-05-30 09:45:33,delta,1,1947,success,8,0.7702,0.3909,0,95.94,3.54,99.0,1.0,99.4,0.6
2026-05-30 09:45:40,delta,1,1948,success,6,0.9749,1.1604,0,95.94,3.54,99.0,1.0,99.4,0.6
2026-05-30 09:45:46,delta,1,1949,success,6,1.0711,0.7052,0,95.95,3.54,99.0,1.0,99.4,0.6
2026-05-30 09:45:54,delta,1,1950,success,7,1.077,0.9906,0,95.95,3.54,99.0,1.0,99.4,0.6
2026-05-30 09:46:07,delta,1,1951,success,13,0.8011,0.8992,0,95.95,3.54,99.0,1.0,99.4,0.6
2026-05-30 09:46:21,delta,1,1952,success,15,0.5908,1.1,0,95.95,3.53,99.0,1.0,99.4,0.6
2026-05-30 09:46:32,delta,1,1953,success,10,0.8736,0.8281,0,95.95,3.53,99.0,1.0,99.4,0.6
2026-05-30 09:46:48,delta,1,1954,success,15,0.486,0.8143,0,95.96,3.53,99.0,1.0,99.4,0.6
2026-05-30 09:47:00,delta,1,1955,success,12,0.6438,1.121,0,95.96,3.53,99.0,1.0,99.4,0.6
2026-05-30 09:47:22,delta,1,1956,success,22,0.4057,0.3264,0,95.96,3.53,99.0,1.0,99.4,0.6
2026-05-30 09:47:29,delta,1,1957,success,6,1.0553,1.3081,0,95.96,3.53,99.0,1.0,99.4,0.6
2026-05-30 09:47:36,delta,1,1958,success,7,1.356,1.4902,0,95.97,3.52,99.0,1.0,99.4,0.6
2026-05-30 09:47:46,delta,1,1959,success,9,0.7934,1.078,0,95.97,3.52,99.0,1.0,99.4,0.6
2026-05-30 09:47:53,delta,1,1960,success,6,0.7998,1.0232,0,95.97,3.52,99.0,1.0,99.4,0.6
2026-05-30 09:48:02,delta,1,1961,success,8,0.7104,1.1007,0,95.97,3.52,99.0,1.0,99.4,0.6
2026-05-30 09:48:17,delta,1,1962,success,14,0.6583,0.7882,0,95.97,3.52,99.0,1.0,99.4,0.6
2026-05-30 09:48:24,delta,1,1963,success,6,0.8208,1.2043,0,95.98,3.52,99.0,1.0,99.4,0.6
2026-05-30 09:48:37,delta,1,1964,success,12,0.5532,0.7834,0,95.98,3.51,99.0,1.0,99.4,0.6
2026-05-30 09:48:47,delta,1,1965,success,10,0.4698,1.0109,0,95.98,3.51,99.0,1.0,99.4,0.6
2026-05-30 09:49:01,delta,1,1966,success,14,0.623,0.7241,0,95.98,3.51,99.0,1.0,99.4,0.6
2026-05-30 09:49:12,delta,1,1967,success,10,0.7966,1.1739,0,95.98,3.51,99.0,1.0,99.4,0.6
2026-05-30 09:49:25,delta,1,1968,success,12,0.6544,1.2396,0,95.99,3.51,99.0,1.0,99.4,0.6
2026-05-30 09:49:36,delta,1,1969,success,10,0.7474,0.9976,0,95.99,3.5,99.0,1.0,99.4,0.6
2026-05-30 09:49:47,delta,1,1970,success,10,0.6883,0.6595,0,95.99,3.5,99.0,1.0,99.4,0.6
2026-05-30 09:49:57,delta,1,1971,success,10,0.8308,1.1183,0,95.99,3.5,99.0,1.0,99.4,0.6
2026-05-30 09:50:03,delta,1,1972,success,4,1.0827,1.4003,0,95.99,3.5,99.0,1.0,99.4,0.6
2026-05-30 09:50:13,delta,1,1973,success,10,0.9435,0.8044,0,96.0,3.5,99.0,1.0,99.4,0.6
2026-05-30 09:50:20,delta,1,1974,success,6,1.014,1.2112,0,96.0,3.5,99.0,1.0,99.4,0.6
2026-05-30 09:50:27,delta,1,1975,success,6,0.6484,1.3414,0,96.0,3.49,99.0,1.0,99.4,0.6
2026-05-30 09:50:37,delta,1,1976,success,8,0.8386,0.4431,0,96.0,3.49,99.0,1.0,99.4,0.6
2026-05-30 09:50:43,delta,1,1977,success,6,1.2426,1.0326,0,96.0,3.49,99.0,1.0,99.4,0.6
2026-05-30 09:50:56,delta,1,1978,collision,-1,0.8088,0.1763,3,95.96,3.54,98.0,2.0,99.2,0.8
2026-05-30 09:51:03,delta,1,1979,success,6,0.9653,1.3888,0,95.96,3.54,98.0,2.0,99.2,0.8
2026-05-30 09:51:10,delta,1,1980,success,6,0.6528,1.1654,0,95.96,3.54,98.0,2.0,99.2,0.8
2026-05-30 09:51:21,delta,1,1981,success,10,0.7094,0.6647,0,95.96,3.53,98.0,2.0,99.2,0.8
2026-05-30 09:51:27,delta,1,1982,success,7,0.8713,1.4503,0,95.96,3.53,98.0,2.0,99.2,0.8
2026-05-30 09:51:41,delta,1,1983,success,13,0.5921,0.7656,0,95.97,3.53,98.0,2.0,99.2,0.8
2026-05-30 09:51:52,delta,1,1984,success,10,0.6269,1.1721,0,95.97,3.53,98.0,2.0,99.2,0.8
2026-05-30 09:52:01,delta,1,1985,success,8,0.8304,0.5064,0,95.97,3.53,99.0,1.0,99.2,0.8
2026-05-30 09:52:11,delta,1,1986,success,10,0.8237,0.6454,0,95.97,3.52,99.0,1.0,99.2,0.8
2026-05-30 09:52:23,delta,1,1987,success,12,0.647,0.5494,0,95.97,3.52,99.0,1.0,99.2,0.8
2026-05-30 09:52:33,delta,1,1988,success,8,0.9561,0.6744,0,95.98,3.52,99.0,1.0,99.2,0.8
2026-05-30 09:52:45,delta,1,1989,success,12,0.4059,1.425,0,95.98,3.52,99.0,1.0,99.2,0.8
2026-05-30 09:52:57,delta,1,1990,success,12,0.4328,1.1511,0,95.98,3.52,99.0,1.0,99.2,0.8
2026-05-30 09:53:10,delta,1,1991,success,12,0.5208,0.5445,0,95.98,3.52,99.0,1.0,99.2,0.8
2026-05-30 09:53:23,delta,1,1992,success,12,0.7291,0.6426,0,95.98,3.51,99.0,1.0,99.2,0.8
2026-05-30 09:53:36,delta,1,1993,success,12,0.5102,0.9229,0,95.99,3.51,99.0,1.0,99.2,0.8
2026-05-30 09:53:47,delta,1,1994,success,11,0.7731,0.8402,0,95.99,3.51,99.0,1.0,99.2,0.8
2026-05-30 09:54:11,delta,1,1995,success,23,0.3497,0.7408,0,95.99,3.51,99.0,1.0,99.2,0.8
2026-05-30 09:54:18,delta,1,1996,success,6,0.8887,0.9341,0,95.99,3.51,99.0,1.0,99.2,0.8
2026-05-30 09:54:27,delta,1,1997,success,8,0.6656,1.2827,0,95.99,3.51,99.0,1.0,99.2,0.8
2026-05-30 09:54:36,delta,1,1998,success,8,0.9027,0.7762,0,96.0,3.5,99.0,1.0,99.2,0.8
2026-05-30 09:54:45,delta,1,1999,success,8,0.4372,1.2656,0,96.0,3.5,99.0,1.0,99.2,0.8
2026-05-30 09:54:56,delta,1,2000,success,10,0.6865,0.475,0,96.0,3.5,99.0,1.0,99.2,0.8
2026-05-30 09:55:05,delta,1,2001,success,8,0.3774,1.2017,0,96.0,3.5,99.0,1.0,99.2,0.8
2026-05-30 19:33:05,delta,1,2002,success,13,0.825,0.9034,0,96.0,3.5,99.0,1.0,99.2,0.8
2026-05-30 19:33:19,delta,1,2003,success,14,0.4164,1.1252,0,96.01,3.49,99.0,1.0,99.2,0.8
2026-05-30 19:33:24,delta,1,2004,success,4,0.899,1.6569,0,96.01,3.49,99.0,1.0,99.2,0.8
2026-05-30 19:33:32,delta,1,2005,success,8,0.7542,0.6816,0,96.01,3.49,99.0,1.0,99.2,0.8
2026-05-30 19:33:48,delta,1,2006,success,18,0.6437,0.3025,0,96.01,3.49,99.0,1.0,99.2,0.8
2026-05-30 19:33:59,delta,1,2007,success,12,0.8464,0.6466,0,96.01,3.49,99.0,1.0,99.2,0.8
2026-05-30 19:34:08,delta,1,2008,success,8,1.0246,0.7159,0,96.02,3.49,99.0,1.0,99.2,0.8
2026-05-30 19:34:12,delta,1,2009,success,4,1.2476,1.513,0,96.02,3.48,99.0,1.0,99.2,0.8
2026-05-30 19:34:17,delta,1,2010,success,4,0.9563,1.6257,0,96.02,3.48,99.0,1.0,99.2,0.8
2026-05-30 19:34:26,delta,1,2011,success,8,0.7903,0.906,0,96.02,3.48,99.0,1.0,99.2,0.8
2026-05-30 19:34:38,delta,1,2012,success,12,0.43,1.1622,0,96.02,3.48,99.0,1.0,99.2,0.8
2026-05-30 19:34:51,delta,1,2013,success,14,0.73,0.3887,0,96.03,3.48,99.0,1.0,99.2,0.8
2026-05-30 19:34:59,delta,1,2014,success,8,0.77,1.2952,0,96.03,3.48,99.0,1.0,99.2,0.8
2026-05-30 19:35:03,delta,1,2015,success,4,1.1106,1.4766,0,96.03,3.47,99.0,1.0,99.2,0.8
2026-05-30 19:35:11,delta,1,2016,success,6,1.1008,0.9752,0,96.03,3.47,99.0,1.0,99.2,0.8
2026-05-30 19:35:22,delta,1,2017,success,12,0.8304,0.5949,0,96.03,3.47,99.0,1.0,99.2,0.8
2026-05-30 19:35:32,delta,1,2018,success,10,0.3892,1.385,0,96.04,3.47,99.0,1.0,99.2,0.8
2026-05-30 19:35:41,delta,1,2019,success,8,0.3791,1.2442,0,96.04,3.47,99.0,1.0,99.2,0.8
2026-05-30 19:35:49,delta,1,2020,success,9,0.6151,1.4064,0,96.04,3.47,99.0,1.0,99.2,0.8
2026-05-30 19:36:04,delta,1,2021,success,13,0.6316,0.5293,0,96.04,3.46,99.0,1.0,99.2,0.8
2026-05-30 19:36:11,delta,1,2022,success,8,0.9819,0.8795,0,96.04,3.46,99.0,1.0,99.2,0.8
2026-05-30 19:36:20,delta,1,2023,success,8,0.83,0.7145,0,96.05,3.46,99.0,1.0,99.2,0.8
2026-05-30 19:36:25,delta,1,2024,success,4,1.2723,1.1703,0,96.05,3.46,99.0,1.0,99.2,0.8
2026-05-30 19:36:35,delta,1,2025,success,10,0.7626,0.7746,0,96.05,3.46,99.0,1.0,99.2,0.8
2026-05-30 19:36:40,delta,1,2026,success,4,0.7491,1.3242,0,96.05,3.46,99.0,1.0,99.2,0.8
2026-05-30 19:36:49,delta,1,2027,success,10,0.5473,1.473,0,96.05,3.45,99.0,1.0,99.2,0.8
2026-05-30 19:37:00,delta,1,2028,success,12,0.8264,0.886,0,96.06,3.45,99.0,1.0,99.2,0.8
2026-05-30 19:37:08,delta,1,2029,success,8,1.0901,0.7334,0,96.06,3.45,99.0,1.0,99.2,0.8
2026-05-30 19:37:22,delta,1,2030,success,14,0.7066,0.6247,0,96.06,3.45,99.0,1.0,99.2,0.8
2026-05-30 19:37:30,delta,1,2031,success,8,1.0504,0.8654,0,96.06,3.45,99.0,1.0,99.2,0.8
2026-05-30 19:37:44,delta,1,2032,success,14,0.5692,0.6949,0,96.06,3.44,99.0,1.0,99.2,0.8
2026-05-30 19:37:54,delta,1,2033,success,10,0.755,0.6844,0,96.06,3.44,99.0,1.0,99.2,0.8
2026-05-30 19:38:06,delta,1,2034,success,12,0.4519,0.9472,0,96.07,3.44,99.0,1.0,99.2,0.8
2026-05-30 19:38:21,delta,1,2035,success,16,0.5683,0.9355,0,96.07,3.44,99.0,1.0,99.2,0.8
2026-05-30 19:38:30,delta,1,2036,success,8,0.8221,0.7119,0,96.07,3.44,99.0,1.0,99.2,0.8
2026-05-30 19:38:41,delta,1,2037,success,10,0.5917,1.0382,0,96.07,3.44,99.0,1.0,99.2,0.8
2026-05-30 19:38:52,delta,1,2038,success,10,0.7851,0.8614,0,96.07,3.43,99.0,1.0,99.2,0.8
2026-05-30 19:39:00,delta,1,2039,success,8,0.9439,0.4833,0,96.08,3.43,99.0,1.0,99.2,0.8
2026-05-30 19:39:11,delta,1,2040,success,12,0.6929,1.0257,0,96.08,3.43,99.0,1.0,99.2,0.8
2026-05-30 19:39:24,delta,1,2041,success,14,0.7494,0.6937,0,96.08,3.43,99.0,1.0,99.2,0.8
2026-05-30 19:39:32,delta,1,2042,success,8,1.1335,0.7361,0,96.08,3.43,99.0,1.0,99.2,0.8
2026-05-30 19:39:39,delta,1,2043,success,6,0.9163,0.8374,0,96.08,3.43,99.0,1.0,99.2,0.8
2026-05-30 19:39:46,delta,1,2044,success,6,1.0808,0.9159,0,96.09,3.42,99.0,1.0,99.2,0.8
2026-05-30 19:39:54,delta,1,2045,success,8,0.6272,0.9868,0,96.09,3.42,99.0,1.0,99.2,0.8
2026-05-30 19:40:03,delta,1,2046,success,8,0.7165,1.1991,0,96.09,3.42,99.0,1.0,99.2,0.8
2026-05-30 19:40:13,delta,1,2047,success,10,0.7693,0.7577,0,96.09,3.42,99.0,1.0,99.2,0.8
2026-05-30 19:40:21,delta,1,2048,success,6,1.0231,0.8009,0,96.09,3.42,99.0,1.0,99.2,0.8
2026-05-30 19:40:36,delta,1,2049,success,16,0.7042,0.6837,0,96.1,3.42,99.0,1.0,99.2,0.8
2026-05-30 19:40:48,delta,1,2050,success,12,0.4704,0.8441,0,96.1,3.41,99.0,1.0,99.2,0.8
2026-05-30 19:40:57,delta,1,2051,success,8,0.6659,0.6876,0,96.1,3.41,99.0,1.0,99.2,0.8
2026-05-30 19:41:06,delta,1,2052,success,8,0.6969,1.1844,0,96.1,3.41,99.0,1.0,99.2,0.8
2026-05-30 19:41:20,delta,1,2053,success,14,0.6585,0.4751,0,96.1,3.41,99.0,1.0,99.2,0.8
2026-05-30 19:41:28,delta,1,2054,success,8,1.023,0.7831,0,96.11,3.41,99.0,1.0,99.2,0.8
2026-05-30 19:41:41,delta,1,2055,success,14,0.6685,0.6464,0,96.11,3.41,99.0,1.0,99.2,0.8
2026-05-30 19:41:55,delta,1,2056,success,14,0.7123,0.7111,0,96.11,3.4,99.0,1.0,99.2,0.8
2026-05-30 19:42:05,delta,1,2057,success,10,0.5795,1.2832,0,96.11,3.4,99.0,1.0,99.2,0.8
2026-05-30 19:42:16,delta,1,2058,success,10,0.5755,1.2314,0,96.11,3.4,99.0,1.0,99.2,0.8
2026-05-30 19:42:24,delta,1,2059,success,8,0.9443,0.5721,0,96.11,3.4,99.0,1.0,99.2,0.8
2026-05-30 19:42:33,delta,1,2060,success,10,0.7251,0.7024,0,96.12,3.4,99.0,1.0,99.2,0.8
2026-05-30 19:42:38,delta,1,2061,success,4,1.1779,1.2249,0,96.12,3.4,99.0,1.0,99.2,0.8
2026-05-30 19:42:46,delta,1,2062,success,8,0.973,0.5629,0,96.12,3.39,99.0,1.0,99.2,0.8
2026-05-30 19:42:54,delta,1,2063,success,8,0.9222,0.667,0,96.12,3.39,99.0,1.0,99.2,0.8
2026-05-30 19:43:01,delta,1,2064,success,6,0.9665,1.1747,0,96.12,3.39,99.0,1.0,99.2,0.8
2026-05-30 19:43:06,delta,1,2065,success,4,1.1042,1.4656,0,96.13,3.39,99.0,1.0,99.2,0.8
2026-05-30 19:43:13,delta,1,2066,success,8,0.8877,1.0842,0,96.13,3.39,99.0,1.0,99.2,0.8
2026-05-30 19:43:20,delta,1,2067,success,6,0.8601,1.1243,0,96.13,3.39,99.0,1.0,99.2,0.8
2026-05-30 19:43:33,delta,1,2068,success,14,0.598,0.3929,0,96.13,3.38,99.0,1.0,99.2,0.8
2026-05-30 19:43:39,delta,1,2069,success,6,0.7007,1.2517,0,96.13,3.38,99.0,1.0,99.2,0.8
2026-05-30 19:43:53,delta,1,2070,success,14,0.6522,0.7578,0,96.14,3.38,99.0,1.0,99.2,0.8
2026-05-30 19:44:00,delta,1,2071,success,6,1.0373,0.8339,0,96.14,3.38,99.0,1.0,99.2,0.8
2026-05-30 19:44:09,delta,1,2072,success,10,0.6239,1.2351,0,96.14,3.38,99.0,1.0,99.2,0.8
2026-05-30 19:44:21,delta,1,2073,success,10,0.7249,0.955,0,96.14,3.38,99.0,1.0,99.2,0.8
2026-05-30 19:44:32,delta,1,2074,success,12,0.6794,1.1474,0,96.14,3.38,99.0,1.0,99.2,0.8
2026-05-30 19:44:40,delta,1,2075,success,8,0.9866,0.8322,0,96.14,3.37,99.0,1.0,99.2,0.8
2026-05-30 19:44:54,delta,1,2076,success,14,0.5276,0.4193,0,96.15,3.37,99.0,1.0,99.2,0.8
2026-05-30 19:45:02,delta,1,2077,success,8,0.7287,1.1046,0,96.15,3.37,99.0,1.0,99.2,0.8
2026-05-30 19:45:07,delta,1,2078,success,4,1.0066,1.5635,0,96.15,3.37,100.0,0.0,99.2,0.8
2026-05-30 19:45:19,delta,1,2079,success,12,0.8338,0.7156,0,96.15,3.37,100.0,0.0,99.2,0.8
2026-05-30 19:45:29,delta,1,2080,success,10,0.8692,0.6615,0,96.15,3.37,100.0,0.0,99.2,0.8
2026-05-30 19:45:37,delta,1,2081,success,8,0.9047,1.205,0,96.16,3.36,100.0,0.0,99.2,0.8
2026-05-30 19:45:50,delta,1,2082,success,14,0.7028,0.8059,0,96.16,3.36,100.0,0.0,99.2,0.8
2026-05-30 19:45:57,delta,1,2083,success,6,0.9922,1.2394,0,96.16,3.36,100.0,0.0,99.2,0.8
2026-05-30 19:46:05,delta,1,2084,success,8,0.5372,1.3833,0,96.16,3.36,100.0,0.0,99.2,0.8
2026-05-30 19:46:13,delta,1,2085,success,8,0.8932,1.0569,0,96.16,3.36,100.0,0.0,99.2,0.8
2026-05-30 19:46:25,delta,1,2086,success,12,0.6687,1.0161,0,96.16,3.36,100.0,0.0,99.2,0.8
2026-05-30 19:46:33,delta,1,2087,success,8,0.6472,1.2156,0,96.17,3.35,100.0,0.0,99.2,0.8
2026-05-30 19:46:45,delta,1,2088,success,12,0.7028,0.61,0,96.17,3.35,100.0,0.0,99.2,0.8
2026-05-30 19:46:55,delta,1,2089,success,10,0.7867,0.8064,0,96.17,3.35,100.0,0.0,99.2,0.8
2026-05-30 19:47:01,delta,1,2090,success,4,1.2829,1.2052,0,96.17,3.35,100.0,0.0,99.2,0.8
2026-05-30 19:47:05,delta,1,2091,success,4,1.2486,1.4222,0,96.17,3.35,100.0,0.0,99.2,0.8
2026-05-30 19:47:12,delta,1,2092,success,6,0.9663,1.0666,0,96.18,3.35,100.0,0.0,99.2,0.8
2026-05-30 19:47:17,delta,1,2093,success,4,1.1711,1.5105,0,96.18,3.34,100.0,0.0,99.2,0.8
2026-05-30 19:47:21,delta,1,2094,success,4,0.8728,1.2656,0,96.18,3.34,100.0,0.0,99.2,0.8
2026-05-30 19:47:30,delta,1,2095,success,8,1.1503,1.0666,0,96.18,3.34,100.0,0.0,99.2,0.8
2026-05-30 19:47:43,delta,1,2096,success,14,0.7457,0.5996,0,96.18,3.34,100.0,0.0,99.2,0.8
2026-05-30 19:47:50,delta,1,2097,success,6,0.8606,0.9134,0,96.19,3.34,100.0,0.0,99.2,0.8
2026-05-30 19:47:57,delta,1,2098,success,6,1.0187,0.7727,0,96.19,3.34,100.0,0.0,99.2,0.8
2026-05-30 19:48:04,delta,1,2099,success,6,0.9956,1.5037,0,96.19,3.33,100.0,0.0,99.2,0.8
2026-05-30 19:48:15,delta,1,2100,success,12,0.7442,0.75,0,96.19,3.33,100.0,0.0,99.2,0.8
2026-05-30 19:48:22,delta,1,2101,success,7,1.1372,0.9767,0,96.19,3.33,100.0,0.0,99.2,0.8
2026-05-30 19:48:38,delta,1,2102,success,15,0.2836,1.0637,0,96.19,3.33,100.0,0.0,99.2,0.8
2026-05-30 19:48:49,delta,1,2103,success,12,0.6365,1.027,0,96.2,3.33,100.0,0.0,99.2,0.8
2026-05-30 19:48:58,delta,1,2104,success,8,0.9843,0.7688,0,96.2,3.33,100.0,0.0,99.2,0.8
2026-05-30 19:49:07,delta,1,2105,success,8,0.6321,0.8346,0,96.2,3.33,100.0,0.0,99.2,0.8
2026-05-30 19:49:14,delta,1,2106,success,6,0.8922,1.298,0,96.2,3.32,100.0,0.0,99.2,0.8
2026-05-30 19:49:25,delta,1,2107,success,12,0.6683,0.9697,0,96.2,3.32,100.0,0.0,99.2,0.8
2026-05-30 19:49:34,delta,1,2108,success,8,0.8139,0.4465,0,96.2,3.32,100.0,0.0,99.2,0.8
2026-05-30 19:49:44,delta,1,2109,success,10,0.8495,0.5437,0,96.21,3.32,100.0,0.0,99.2,0.8
2026-05-30 19:49:52,delta,1,2110,success,8,0.8841,0.7433,0,96.21,3.32,100.0,0.0,99.2,0.8
2026-05-30 19:50:04,delta,1,2111,success,12,0.8372,0.7577,0,96.21,3.32,100.0,0.0,99.2,0.8
2026-05-30 19:50:16,delta,1,2112,success,12,0.7595,0.7016,0,96.21,3.31,100.0,0.0,99.2,0.8
2026-05-30 19:50:32,delta,1,2113,success,16,0.6962,0.3089,0,96.21,3.31,100.0,0.0,99.2,0.8
2026-05-30 19:50:40,delta,1,2114,success,8,0.9006,0.9982,0,96.22,3.31,100.0,0.0,99.2,0.8
2026-05-30 19:50:48,delta,1,2115,success,6,1.1922,1.0732,0,96.22,3.31,100.0,0.0,99.2,0.8
2026-05-30 19:50:57,delta,1,2116,success,8,0.5986,1.2051,0,96.22,3.31,100.0,0.0,99.2,0.8
2026-05-30 19:51:06,delta,1,2117,success,8,0.9072,0.6534,0,96.22,3.31,100.0,0.0,99.2,0.8
2026-05-30 19:51:22,delta,1,2118,success,16,0.5386,0.4791,0,96.22,3.31,100.0,0.0,99.2,0.8
2026-05-30 19:51:38,delta,1,2119,success,16,0.4386,0.6276,0,96.22,3.3,100.0,0.0,99.2,0.8
2026-05-30 19:51:47,delta,1,2120,success,8,0.9163,1.0657,0,96.23,3.3,100.0,0.0,99.2,0.8
2026-05-30 19:51:59,delta,1,2121,success,12,0.5189,0.7811,0,96.23,3.3,100.0,0.0,99.2,0.8
2026-05-30 19:52:09,delta,1,2122,success,10,0.7721,0.5933,0,96.23,3.3,100.0,0.0,99.2,0.8
2026-05-30 19:52:18,delta,1,2123,success,8,0.8902,0.5588,0,96.23,3.3,100.0,0.0,99.2,0.8
2026-05-30 19:52:28,delta,1,2124,success,10,0.9217,0.5768,0,96.23,3.3,100.0,0.0,99.2,0.8
2026-05-30 19:52:37,delta,1,2125,success,8,0.8129,1.4176,0,96.24,3.29,100.0,0.0,99.2,0.8
2026-05-30 19:52:47,delta,1,2126,success,10,0.9206,0.3909,0,96.24,3.29,100.0,0.0,99.2,0.8
2026-05-30 19:52:53,delta,1,2127,success,6,0.853,0.979,0,96.24,3.29,100.0,0.0,99.2,0.8
2026-05-30 19:53:04,delta,1,2128,success,10,0.8756,0.5918,0,96.24,3.29,100.0,0.0,99.2,0.8
2026-05-30 19:53:13,delta,1,2129,success,8,0.784,1.1958,0,96.24,3.29,100.0,0.0,99.2,0.8
2026-05-30 19:53:21,delta,1,2130,success,8,0.7353,1.3299,0,96.24,3.29,100.0,0.0,99.2,0.8
2026-05-30 19:53:29,delta,1,2131,success,9,0.6258,1.7592,0,96.25,3.28,100.0,0.0,99.2,0.8
2026-05-30 19:53:44,delta,1,2132,success,15,0.7227,0.6628,0,96.25,3.28,100.0,0.0,99.2,0.8
2026-05-30 19:53:58,delta,1,2133,success,14,0.7327,0.5308,0,96.25,3.28,100.0,0.0,99.2,0.8
2026-05-30 19:54:13,delta,1,2134,success,16,0.4419,0.9088,0,96.25,3.28,100.0,0.0,99.2,0.8
2026-05-30 19:54:19,delta,1,2135,success,6,0.6733,1.3111,0,96.25,3.28,100.0,0.0,99.2,0.8
2026-05-30 19:54:33,delta,1,2136,success,14,0.5095,1.3014,0,96.25,3.28,100.0,0.0,99.2,0.8
2026-05-30 19:54:41,delta,1,2137,success,8,0.7968,0.5737,0,96.26,3.28,100.0,0.0,99.2,0.8
2026-05-30 19:54:49,delta,1,2138,success,8,1.0733,0.7881,0,96.26,3.27,100.0,0.0,99.2,0.8
2026-05-30 19:54:54,delta,1,2139,success,4,1.2649,1.6164,0,96.26,3.27,100.0,0.0,99.2,0.8
2026-05-30 19:55:04,delta,1,2140,success,10,0.6606,1.2799,0,96.26,3.27,100.0,0.0,99.2,0.8
2026-05-30 19:55:13,delta,1,2141,success,8,0.7492,0.5561,0,96.26,3.27,100.0,0.0,99.2,0.8
2026-05-30 19:55:22,delta,1,2142,success,8,0.7955,1.1441,0,96.27,3.27,100.0,0.0,99.2,0.8
2026-05-30 19:55:26,delta,1,2143,success,4,1.0859,1.4096,0,96.27,3.27,100.0,0.0,99.2,0.8
2026-05-30 19:55:33,delta,1,2144,success,6,1.0557,1.4776,0,96.27,3.26,100.0,0.0,99.2,0.8
2026-05-30 19:55:40,delta,1,2145,success,7,0.8435,1.4887,0,96.27,3.26,100.0,0.0,99.2,0.8
2026-05-30 19:55:54,delta,1,2146,success,13,0.5483,0.7025,0,96.27,3.26,100.0,0.0,99.2,0.8
2026-05-30 19:56:04,delta,1,2147,success,10,0.6427,1.2455,0,96.27,3.26,100.0,0.0,99.2,0.8
2026-05-30 19:56:14,delta,1,2148,success,10,0.9177,0.5875,0,96.28,3.26,100.0,0.0,99.2,0.8
2026-05-30 19:56:18,delta,1,2149,success,2,1.4162,1.7568,0,96.28,3.26,100.0,0.0,99.2,0.8
2026-05-30 19:56:31,delta,1,2150,success,14,0.6027,0.3911,0,96.28,3.26,100.0,0.0,99.2,0.8
2026-05-30 19:56:36,delta,1,2151,success,4,1.0416,1.5069,0,96.28,3.25,100.0,0.0,99.2,0.8
2026-05-30 19:56:45,delta,1,2152,success,8,0.8483,1.3534,0,96.28,3.25,100.0,0.0,99.2,0.8
2026-05-30 19:56:50,delta,1,2153,success,4,1.2598,1.7263,0,96.28,3.25,100.0,0.0,99.2,0.8
2026-05-30 19:57:01,delta,1,2154,success,10,0.6124,1.1048,0,96.29,3.25,100.0,0.0,99.2,0.8
2026-05-30 19:57:15,delta,1,2155,success,14,0.6096,0.6392,0,96.29,3.25,100.0,0.0,99.2,0.8
2026-05-30 19:57:23,delta,1,2156,success,8,0.9972,1.1035,0,96.29,3.25,100.0,0.0,99.2,0.8
2026-05-30 19:57:35,delta,1,2157,success,12,0.7083,0.6244,0,96.29,3.25,100.0,0.0,99.2,0.8
2026-05-30 19:57:46,delta,1,2158,success,10,0.6903,0.7689,0,96.29,3.24,100.0,0.0,99.2,0.8
2026-05-30 19:57:59,delta,1,2159,success,12,0.5302,1.4159,0,96.29,3.24,100.0,0.0,99.2,0.8
2026-05-30 19:58:06,delta,1,2160,success,6,1.1482,1.1355,0,96.3,3.24,100.0,0.0,99.2,0.8
2026-05-30 19:58:15,delta,1,2161,success,8,1.0005,0.8158,0,96.3,3.24,100.0,0.0,99.2,0.8
2026-05-30 19:58:22,delta,1,2162,success,6,0.9847,1.2924,0,96.3,3.24,100.0,0.0,99.2,0.8
2026-05-30 19:58:34,delta,1,2163,success,12,0.6935,0.7593,0,96.3,3.24,100.0,0.0,99.2,0.8
2026-05-30 19:58:45,delta,1,2164,success,10,0.6214,1.0431,0,96.3,3.23,100.0,0.0,99.2,0.8
2026-05-30 19:58:56,delta,1,2165,success,10,0.426,1.6383,0,96.3,3.23,100.0,0.0,99.2,0.8
2026-05-30 19:59:07,delta,1,2166,success,10,0.6029,0.6921,0,96.31,3.23,100.0,0.0,99.2,0.8
2026-05-30 19:59:15,delta,1,2167,success,8,0.6728,1.461,0,96.31,3.23,100.0,0.0,99.2,0.8
2026-05-30 19:59:22,delta,1,2168,success,6,0.8398,1.2501,0,96.31,3.23,100.0,0.0,99.2,0.8
2026-05-30 19:59:34,delta,1,2169,success,12,0.3371,1.1901,0,96.31,3.23,100.0,0.0,99.2,0.8
2026-05-30 19:59:41,delta,1,2170,success,6,0.8078,1.0252,0,96.31,3.23,100.0,0.0,99.2,0.8
2026-05-30 19:59:46,delta,1,2171,success,4,0.8332,1.5341,0,96.32,3.22,100.0,0.0,99.2,0.8
2026-05-30 19:59:54,delta,1,2172,success,8,0.5933,1.5734,0,96.32,3.22,100.0,0.0,99.2,0.8
2026-05-30 20:00:06,delta,1,2173,success,12,0.7029,0.5628,0,96.32,3.22,100.0,0.0,99.2,0.8
2026-05-30 20:00:15,delta,1,2174,success,8,1.0272,0.9133,0,96.32,3.22,100.0,0.0,99.2,0.8
2026-05-30 20:00:25,delta,1,2175,success,10,0.7229,0.4756,0,96.32,3.22,100.0,0.0,99.2,0.8
2026-05-30 20:00:33,delta,1,2176,success,8,0.7952,0.8788,0,96.32,3.22,100.0,0.0,99.2,0.8
2026-05-30 20:00:45,delta,1,2177,success,12,0.6576,0.3875,0,96.33,3.22,100.0,0.0,99.2,0.8
2026-05-30 20:00:58,delta,1,2178,success,12,0.7382,0.8683,0,96.33,3.21,100.0,0.0,99.2,0.8
2026-05-30 20:01:03,delta,1,2179,success,4,1.0785,1.5619,0,96.33,3.21,100.0,0.0,99.2,0.8
2026-05-30 20:01:11,delta,1,2180,success,6,1.0753,0.8416,0,96.33,3.21,100.0,0.0,99.2,0.8
2026-05-30 20:01:22,delta,1,2181,success,10,0.791,0.9149,0,96.33,3.21,100.0,0.0,99.2,0.8
2026-05-30 20:01:31,delta,1,2182,success,8,0.9121,0.4221,0,96.33,3.21,100.0,0.0,99.2,0.8
2026-05-30 20:01:36,delta,1,2183,success,4,1.0776,1.6382,0,96.34,3.21,100.0,0.0,99.2,0.8
2026-05-30 20:01:49,delta,1,2184,success,12,0.5632,1.0241,0,96.34,3.21,100.0,0.0,99.2,0.8
2026-05-30 20:02:00,delta,1,2185,success,11,0.926,1.2437,0,96.34,3.2,100.0,0.0,99.2,0.8
2026-05-30 20:02:12,delta,1,2186,success,11,0.5762,1.4364,0,96.34,3.2,100.0,0.0,99.2,0.8
2026-05-30 20:02:18,delta,1,2187,success,6,0.849,0.7292,0,96.34,3.2,100.0,0.0,99.2,0.8
2026-05-30 20:02:23,delta,1,2188,success,4,1.038,1.6516,0,96.34,3.2,100.0,0.0,99.2,0.8
2026-05-30 20:02:32,delta,1,2189,success,8,0.8202,0.9993,0,96.35,3.2,100.0,0.0,99.2,0.8
2026-05-30 20:02:39,delta,1,2190,success,6,0.9319,0.6963,0,96.35,3.2,100.0,0.0,99.2,0.8
2026-05-30 20:02:44,delta,1,2191,success,4,0.9996,1.2591,0,96.35,3.19,100.0,0.0,99.2,0.8
2026-05-30 20:02:49,delta,1,2192,success,4,1.0896,1.4673,0,96.35,3.19,100.0,0.0,99.2,0.8
2026-05-30 20:02:59,delta,1,2193,success,10,0.7186,1.0503,0,96.35,3.19,100.0,0.0,99.2,0.8
2026-05-30 20:03:07,delta,1,2194,success,8,0.8103,0.5876,0,96.35,3.19,100.0,0.0,99.2,0.8
2026-05-30 20:03:19,delta,1,2195,success,12,0.7367,0.6202,0,96.36,3.19,100.0,0.0,99.2,0.8
2026-05-30 20:03:30,delta,1,2196,success,12,0.7105,0.8319,0,96.36,3.19,100.0,0.0,99.2,0.8
2026-05-30 20:03:43,delta,1,2197,success,12,0.7144,0.6623,0,96.36,3.19,100.0,0.0,99.2,0.8
2026-05-30 20:03:49,delta,1,2198,success,6,1.0523,1.328,0,96.36,3.18,100.0,0.0,99.2,0.8
2026-05-30 20:03:59,delta,1,2199,success,10,0.8791,1.0268,0,96.36,3.18,100.0,0.0,99.2,0.8
2026-05-30 20:04:09,delta,1,2200,success,10,0.9948,0.5825,0,96.36,3.18,100.0,0.0,99.2,0.8
2026-05-30 20:04:18,delta,1,2201,success,8,0.9811,0.7309,0,96.37,3.18,100.0,0.0,99.2,0.8
2026-05-30 20:04:23,delta,1,2202,success,5,1.2512,1.5944,0,96.37,3.18,100.0,0.0,99.2,0.8
2026-05-30 20:04:36,delta,1,2203,success,11,0.8448,1.0352,0,96.37,3.18,100.0,0.0,99.2,0.8
2026-05-30 20:04:47,delta,1,2204,success,10,0.9157,0.6528,0,96.37,3.18,100.0,0.0,99.2,0.8
2026-05-30 20:04:56,delta,1,2205,success,10,0.5746,1.0327,0,96.37,3.17,100.0,0.0,99.2,0.8
2026-05-30 20:05:02,delta,1,2206,success,5,1.1838,1.3208,0,96.37,3.17,100.0,0.0,99.2,0.8
2026-05-30 20:05:15,delta,1,2207,success,11,0.8737,0.6665,0,96.38,3.17,100.0,0.0,99.2,0.8
2026-05-30 20:05:22,delta,1,2208,success,6,0.9681,0.7651,0,96.38,3.17,100.0,0.0,99.2,0.8
2026-05-30 20:05:33,delta,1,2209,success,10,0.6171,0.7892,0,96.38,3.17,100.0,0.0,99.2,0.8
2026-05-30 20:05:40,delta,1,2210,success,6,1.0492,0.9573,0,96.38,3.17,100.0,0.0,99.2,0.8
2026-05-30 20:05:51,delta,1,2211,success,10,0.7148,0.6505,0,96.38,3.17,100.0,0.0,99.2,0.8
2026-05-30 20:06:03,delta,1,2212,success,12,0.7483,0.9586,0,96.38,3.16,100.0,0.0,99.2,0.8
2026-05-30 20:06:14,delta,1,2213,success,10,0.4893,1.2663,0,96.38,3.16,100.0,0.0,99.2,0.8
2026-05-30 20:06:25,delta,1,2214,success,10,0.6873,1.0992,0,96.39,3.16,100.0,0.0,99.2,0.8
2026-05-30 20:06:30,delta,1,2215,success,4,1.1672,1.6535,0,96.39,3.16,100.0,0.0,99.2,0.8
2026-05-30 20:06:39,delta,1,2216,success,8,0.8844,1.1874,0,96.39,3.16,100.0,0.0,99.2,0.8
2026-05-30 20:06:49,delta,1,2217,success,10,0.6713,1.6452,0,96.39,3.16,100.0,0.0,99.2,0.8
2026-05-30 20:06:59,delta,1,2218,success,10,0.8692,0.5469,0,96.39,3.16,100.0,0.0,99.2,0.8
2026-05-30 20:07:10,delta,1,2219,success,10,0.8878,0.5516,0,96.39,3.15,100.0,0.0,99.2,0.8
2026-05-30 20:07:15,delta,1,2220,success,4,0.7358,1.3927,0,96.4,3.15,100.0,0.0,99.2,0.8
2026-05-30 20:07:25,delta,1,2221,success,10,0.8908,0.6163,0,96.4,3.15,100.0,0.0,99.2,0.8
2026-05-30 20:07:34,delta,1,2222,success,8,0.8681,0.4306,0,96.4,3.15,100.0,0.0,99.2,0.8
2026-05-30 20:07:46,delta,1,2223,success,12,0.8469,0.7962,0,96.4,3.15,100.0,0.0,99.2,0.8
2026-05-30 20:07:58,delta,1,2224,success,12,0.5887,0.8228,0,96.4,3.15,100.0,0.0,99.2,0.8
2026-05-30 20:08:07,delta,1,2225,success,8,0.6975,0.8443,0,96.4,3.15,100.0,0.0,99.2,0.8
2026-05-30 20:08:15,delta,1,2226,success,8,0.8474,1.0367,0,96.41,3.14,100.0,0.0,99.2,0.8
2026-05-30 20:08:22,delta,1,2227,success,6,0.8456,1.3753,0,96.41,3.14,100.0,0.0,99.2,0.8
2026-05-30 20:08:33,delta,1,2228,success,10,0.8679,0.846,0,96.41,3.14,100.0,0.0,99.2,0.8
2026-05-30 20:08:46,delta,1,2229,success,12,0.4632,0.9504,0,96.41,3.14,100.0,0.0,99.2,0.8
2026-05-30 20:08:57,delta,1,2230,success,10,0.6899,0.7792,0,96.41,3.14,100.0,0.0,99.2,0.8
2026-05-30 20:09:04,delta,1,2231,success,6,1.0796,0.9751,0,96.41,3.14,100.0,0.0,99.2,0.8
2026-05-30 20:09:14,delta,1,2232,success,10,0.4855,1.369,0,96.42,3.14,100.0,0.0,99.2,0.8
2026-05-30 20:09:24,delta,1,2233,success,10,0.536,1.2112,0,96.42,3.13,100.0,0.0,99.2,0.8
2026-05-30 20:09:30,delta,1,2234,success,4,0.8438,1.535,0,96.42,3.13,100.0,0.0,99.2,0.8
2026-05-30 20:09:42,delta,1,2235,success,12,0.6594,0.9857,0,96.42,3.13,100.0,0.0,99.2,0.8
2026-05-30 20:09:51,delta,1,2236,success,8,0.8958,0.8977,0,96.42,3.13,100.0,0.0,99.2,0.8
2026-05-30 20:09:57,delta,1,2237,success,6,0.9951,1.3943,0,96.42,3.13,100.0,0.0,99.2,0.8
