datetime,odometry_mode,stage,episode,outcome,steps_to_goal,path_directness,min_obstacle_dist,near_collisions,success_rate,collision_rate,rolling_success_rate_100,rolling_collision_rate_100,rolling_success_rate_500,rolling_collision_rate_500
2026-05-28 23:46:00,none,1,1,collision,-1,0.181,0.1232,1,0.0,100.0,0.0,100.0,0.0,100.0
2026-05-28 23:46:02,none,1,2,success,1,17.8242,2.3258,0,50.0,50.0,50.0,50.0,50.0,50.0
2026-05-28 23:46:45,none,1,3,collision,-1,0.2115,0.1899,3,33.33,66.67,33.33,66.67,33.33,66.67
2026-05-28 23:46:51,none,1,4,success,6,0.4927,1.3388,0,50.0,50.0,50.0,50.0,50.0,50.0
2026-05-28 23:47:43,none,1,5,collision,-1,0.103,0.1267,1,40.0,60.0,40.0,60.0,40.0,60.0
2026-05-28 23:48:55,none,1,6,collision,-1,0.1169,0.1583,1,33.33,66.67,33.33,66.67,33.33,66.67
2026-05-28 23:49:08,none,1,7,collision,-1,0.732,0.1855,1,28.57,71.43,28.57,71.43,28.57,71.43
2026-05-28 23:50:51,none,1,8,collision,-1,0.0685,0.12,3,25.0,75.0,25.0,75.0,25.0,75.0
2026-05-28 23:54:11,none,1,9,timeout,-1,0.0446,0.2639,2,22.22,66.67,22.22,66.67,22.22,66.67
2026-05-28 23:54:53,none,1,10,collision,-1,0.0924,0.1606,3,20.0,70.0,20.0,70.0,20.0,70.0
2026-05-28 23:56:34,none,1,11,collision,-1,0.0553,0.1393,6,18.18,72.73,18.18,72.73,18.18,72.73
2026-05-28 23:56:44,none,1,12,success,10,0.8675,0.454,0,25.0,66.67,25.0,66.67,25.0,66.67
2026-05-28 23:57:06,none,1,13,collision,-1,0.2645,0.12,1,23.08,69.23,23.08,69.23,23.08,69.23
2026-05-28 23:59:46,none,1,14,collision,-1,0.0521,0.1254,3,21.43,71.43,21.43,71.43,21.43,71.43
2026-05-29 00:00:56,none,1,15,collision,-1,0.0826,0.1756,1,20.0,73.33,20.0,73.33,20.0,73.33
2026-05-29 00:01:32,none,1,16,collision,-1,0.2188,0.1694,3,18.75,75.0,18.75,75.0,18.75,75.0
2026-05-29 00:02:05,none,1,17,collision,-1,0.2468,0.1901,3,17.65,76.47,17.65,76.47,17.65,76.47
2026-05-29 00:02:54,none,1,18,collision,-1,0.1378,0.12,1,16.67,77.78,16.67,77.78,16.67,77.78
2026-05-29 00:03:05,none,1,19,collision,-1,0.3718,0.199,2,15.79,78.95,15.79,78.95,15.79,78.95
2026-05-29 00:04:24,none,1,20,collision,-1,0.0946,0.1374,1,15.0,80.0,15.0,80.0,15.0,80.0
2026-05-29 00:04:39,none,1,21,collision,-1,0.4733,0.12,1,14.29,80.95,14.29,80.95,14.29,80.95
2026-05-29 00:04:43,none,1,22,success,4,0.9681,1.7896,0,18.18,77.27,18.18,77.27,18.18,77.27
2026-05-29 00:04:53,none,1,23,success,10,1.0682,1.262,0,21.74,73.91,21.74,73.91,21.74,73.91
2026-05-29 00:05:21,none,1,24,collision,-1,0.3548,0.1557,1,20.83,75.0,20.83,75.0,20.83,75.0
2026-05-29 00:06:21,none,1,25,collision,-1,0.0501,0.177,2,20.0,76.0,20.0,76.0,20.0,76.0
2026-05-29 00:06:35,none,1,26,collision,-1,0.8894,0.12,1,19.23,76.92,19.23,76.92,19.23,76.92
2026-05-29 00:09:58,none,1,27,timeout,-1,0.0473,0.5563,0,18.52,74.07,18.52,74.07,18.52,74.07
2026-05-29 00:10:23,none,1,28,success,27,0.2264,1.3713,0,21.43,71.43,21.43,71.43,21.43,71.43
2026-05-29 00:12:39,none,1,29,collision,-1,0.0299,0.1859,7,20.69,72.41,20.69,72.41,20.69,72.41
2026-05-29 00:15:55,none,1,30,collision,-1,0.0347,0.1355,1,20.0,73.33,20.0,73.33,20.0,73.33
2026-05-29 00:16:19,none,1,31,collision,-1,0.0818,0.1555,1,19.35,74.19,19.35,74.19,19.35,74.19
2026-05-29 00:16:55,none,1,32,collision,-1,0.1264,0.12,1,18.75,75.0,18.75,75.0,18.75,75.0
2026-05-29 00:17:39,none,1,33,collision,-1,0.2571,0.1413,3,18.18,75.76,18.18,75.76,18.18,75.76
2026-05-29 00:18:11,none,1,34,collision,-1,0.1514,0.174,1,17.65,76.47,17.65,76.47,17.65,76.47
2026-05-29 00:18:25,none,1,35,success,16,0.3741,1.2598,0,20.0,74.29,20.0,74.29,20.0,74.29
2026-05-29 00:19:06,none,1,36,success,48,0.1916,0.8979,0,22.22,72.22,22.22,72.22,22.22,72.22
2026-05-29 00:22:32,none,1,37,timeout,-1,0.0444,0.2729,2,21.62,70.27,21.62,70.27,21.62,70.27
2026-05-29 00:23:20,none,1,38,success,57,0.0809,1.148,0,23.68,68.42,23.68,68.42,23.68,68.42
2026-05-29 00:23:25,none,1,39,success,4,1.0315,1.682,0,25.64,66.67,25.64,66.67,25.64,66.67
2026-05-29 00:25:43,none,1,40,success,168,0.0287,0.2436,4,27.5,65.0,27.5,65.0,27.5,65.0
2026-05-29 00:27:11,none,1,41,success,106,0.0954,0.6219,0,29.27,63.41,29.27,63.41,29.27,63.41
2026-05-29 00:27:46,none,1,42,success,40,0.2072,0.6278,0,30.95,61.9,30.95,61.9,30.95,61.9
2026-05-29 00:27:55,none,1,43,success,10,0.3485,1.1362,0,32.56,60.47,32.56,60.47,32.56,60.47
2026-05-29 00:28:03,none,1,44,success,8,0.9028,1.0871,0,34.09,59.09,34.09,59.09,34.09,59.09
2026-05-29 00:28:36,none,1,45,success,38,0.206,0.7326,0,35.56,57.78,35.56,57.78,35.56,57.78
2026-05-29 00:30:29,none,1,46,collision,-1,0.0711,0.1418,1,34.78,58.7,34.78,58.7,34.78,58.7
2026-05-29 00:33:18,none,1,47,collision,-1,0.0135,0.1274,15,34.04,59.57,34.04,59.57,34.04,59.57
2026-05-29 00:35:22,none,1,48,collision,-1,0.0233,0.1811,3,33.33,60.42,33.33,60.42,33.33,60.42
2026-05-29 00:36:17,none,1,49,success,66,0.0834,1.4032,0,34.69,59.18,34.69,59.18,34.69,59.18
2026-05-29 00:39:41,none,1,50,timeout,-1,0.0426,1.2364,0,34.0,58.0,34.0,58.0,34.0,58.0
2026-05-29 00:41:07,none,1,51,success,103,0.0325,0.6835,0,35.29,56.86,35.29,56.86,35.29,56.86
2026-05-29 00:41:39,none,1,52,success,38,0.3579,0.7133,0,36.54,55.77,36.54,55.77,36.54,55.77
2026-05-29 00:43:35,none,1,53,success,140,0.0991,0.5584,0,37.74,54.72,37.74,54.72,37.74,54.72
2026-05-29 00:46:58,none,1,54,timeout,-1,0.0462,0.9784,0,37.04,53.7,37.04,53.7,37.04,53.7
2026-05-29 00:50:26,none,1,55,timeout,-1,0.0453,0.6261,0,36.36,52.73,36.36,52.73,36.36,52.73
2026-05-29 00:50:27,none,1,56,success,1,19.9441,2.3242,0,37.5,51.79,37.5,51.79,37.5,51.79
2026-05-29 00:50:30,none,1,57,success,1,259.0676,2.3161,0,38.6,50.88,38.6,50.88,38.6,50.88
2026-05-29 00:50:33,none,1,58,success,2,1.7865,1.9786,0,39.66,50.0,39.66,50.0,39.66,50.0
2026-05-29 00:51:22,none,1,59,success,58,0.1729,0.8709,0,40.68,49.15,40.68,49.15,40.68,49.15
2026-05-29 00:52:12,none,1,60,success,60,0.1342,1.0488,0,41.67,48.33,41.67,48.33,41.67,48.33
2026-05-29 00:52:17,none,1,61,success,4,1.4356,1.9962,0,42.62,47.54,42.62,47.54,42.62,47.54
2026-05-29 00:55:18,none,1,62,success,23,0.4321,0.582,0,43.55,46.77,43.55,46.77,43.55,46.77
2026-05-29 00:56:26,none,1,63,success,79,0.0509,0.7628,0,44.44,46.03,44.44,46.03,44.44,46.03
2026-05-29 00:57:29,none,1,64,success,76,0.1121,0.7995,0,45.31,45.31,45.31,45.31,45.31,45.31
2026-05-29 01:00:51,none,1,65,collision,-1,0.0458,0.12,1,44.62,46.15,44.62,46.15,44.62,46.15
2026-05-29 01:04:17,none,1,66,timeout,-1,0.0457,0.3547,0,43.94,45.45,43.94,45.45,43.94,45.45
2026-05-29 01:05:23,none,1,67,success,79,0.1236,0.4484,0,44.78,44.78,44.78,44.78,44.78,44.78
2026-05-29 01:05:57,none,1,68,success,40,0.0655,0.2274,4,45.59,44.12,45.59,44.12,45.59,44.12
2026-05-29 01:08:02,none,1,69,success,152,0.0879,0.6727,0,46.38,43.48,46.38,43.48,46.38,43.48
2026-05-29 01:11:27,none,1,70,timeout,-1,0.0483,0.6716,0,45.71,42.86,45.71,42.86,45.71,42.86
2026-05-29 01:11:36,none,1,71,success,9,0.5531,1.6982,0,46.48,42.25,46.48,42.25,46.48,42.25
2026-05-29 01:13:48,none,1,72,collision,-1,0.0524,0.12,1,45.83,43.06,45.83,43.06,45.83,43.06
2026-05-29 01:14:52,none,1,73,success,76,0.1389,0.7015,0,46.58,42.47,46.58,42.47,46.58,42.47
2026-05-29 01:14:53,none,1,74,success,1,35.2393,2.3187,0,47.3,41.89,47.3,41.89,47.3,41.89
2026-05-29 01:15:39,none,1,75,success,55,0.1425,1.0402,0,48.0,41.33,48.0,41.33,48.0,41.33
2026-05-29 01:16:24,none,1,76,success,54,0.1292,0.9186,0,48.68,40.79,48.68,40.79,48.68,40.79
2026-05-29 01:18:05,none,1,77,collision,-1,0.0983,0.12,1,48.05,41.56,48.05,41.56,48.05,41.56
2026-05-29 01:21:25,none,1,78,timeout,-1,0.0452,1.2057,0,47.44,41.03,47.44,41.03,47.44,41.03
2026-05-29 01:24:46,none,1,79,timeout,-1,0.0667,1.1277,0,46.84,40.51,46.84,40.51,46.84,40.51
2026-05-29 01:27:38,none,1,80,success,212,0.0482,1.0486,0,47.5,40.0,47.5,40.0,47.5,40.0
2026-05-29 01:29:15,none,1,81,success,120,0.072,1.2276,0,48.15,39.51,48.15,39.51,48.15,39.51
2026-05-29 01:29:42,none,1,82,success,32,0.339,1.1957,0,48.78,39.02,48.78,39.02,48.78,39.02
2026-05-29 01:33:05,none,1,83,timeout,-1,0.0565,0.2303,4,48.19,38.55,48.19,38.55,48.19,38.55
2026-05-29 01:36:28,none,1,84,timeout,-1,0.0585,0.2205,5,47.62,38.1,47.62,38.1,47.62,38.1
2026-05-29 01:39:50,none,1,85,timeout,-1,0.0459,0.2845,2,47.06,37.65,47.06,37.65,47.06,37.65
2026-05-29 01:43:14,none,1,86,timeout,-1,0.0511,0.2014,4,46.51,37.21,46.51,37.21,46.51,37.21
2026-05-29 01:46:37,none,1,87,timeout,-1,0.0376,0.2307,4,45.98,36.78,45.98,36.78,45.98,36.78
2026-05-29 01:48:31,none,1,88,collision,-1,0.0527,0.144,3,45.45,37.5,45.45,37.5,45.45,37.5
2026-05-29 01:49:07,none,1,89,success,42,0.1963,0.8367,0,46.07,37.08,46.07,37.08,46.07,37.08
2026-05-29 01:50:01,none,1,90,success,64,0.1111,0.8575,0,46.67,36.67,46.67,36.67,46.67,36.67
2026-05-29 01:50:06,none,1,91,success,4,0.7312,1.6197,0,47.25,36.26,47.25,36.26,47.25,36.26
2026-05-29 01:50:32,none,1,92,success,30,0.27,0.454,0,47.83,35.87,47.83,35.87,47.83,35.87
2026-05-29 01:50:47,none,1,93,collision,-1,0.5892,0.12,3,47.31,36.56,47.31,36.56,47.31,36.56
2026-05-29 01:51:00,none,1,94,success,14,0.7629,1.0096,0,47.87,36.17,47.87,36.17,47.87,36.17
2026-05-29 01:51:01,none,1,95,success,1,201.1214,2.3002,0,48.42,35.79,48.42,35.79,48.42,35.79
2026-05-29 01:51:29,none,1,96,success,31,0.246,0.4377,0,48.96,35.42,48.96,35.42,48.96,35.42
2026-05-29 01:51:58,none,1,97,success,34,0.228,0.2704,5,49.48,35.05,49.48,35.05,49.48,35.05
2026-05-29 01:52:19,none,1,98,success,22,0.3513,0.5945,0,50.0,34.69,50.0,34.69,50.0,34.69
2026-05-29 01:52:39,none,1,99,success,24,0.2812,0.8151,0,50.51,34.34,50.51,34.34,50.51,34.34
2026-05-29 01:52:53,none,1,100,success,16,0.6405,0.7306,0,51.0,34.0,51.0,34.0,51.0,34.0
2026-05-29 01:53:00,none,1,101,success,6,1.1384,1.713,0,51.49,33.66,52.0,33.0,51.49,33.66
2026-05-29 01:53:41,none,1,102,success,48,0.2233,0.5512,0,51.96,33.33,52.0,33.0,51.96,33.33
2026-05-29 01:53:55,none,1,103,collision,-1,0.6478,0.1842,1,51.46,33.98,52.0,33.0,51.46,33.98
2026-05-29 01:54:07,none,1,104,collision,-1,0.4244,0.12,1,50.96,34.62,51.0,34.0,50.96,34.62
2026-05-29 01:54:41,none,1,105,success,40,0.2619,0.4001,0,51.43,34.29,52.0,33.0,51.43,34.29
2026-05-29 01:54:52,none,1,106,success,12,0.7247,1.0183,0,51.89,33.96,53.0,32.0,51.89,33.96
2026-05-29 01:55:03,none,1,107,success,12,0.7841,0.4721,0,52.34,33.64,54.0,31.0,52.34,33.64
2026-05-29 01:55:16,none,1,108,success,14,0.513,0.701,0,52.78,33.33,55.0,30.0,52.78,33.33
2026-05-29 01:55:29,none,1,109,success,14,0.4596,0.5408,0,53.21,33.03,56.0,30.0,53.21,33.03
2026-05-29 01:55:36,none,1,110,success,6,1.3977,1.6774,0,53.64,32.73,57.0,29.0,53.64,32.73
2026-05-29 01:56:27,none,1,111,success,60,0.1843,0.4051,0,54.05,32.43,58.0,28.0,54.05,32.43
2026-05-29 01:56:43,none,1,112,success,18,0.1721,0.9379,0,54.46,32.14,58.0,28.0,54.46,32.14
2026-05-29 01:56:52,none,1,113,success,10,0.6634,0.8671,0,54.87,31.86,59.0,27.0,54.87,31.86
2026-05-29 01:56:58,none,1,114,success,7,1.3056,1.4266,0,55.26,31.58,60.0,26.0,55.26,31.58
2026-05-29 01:57:16,none,1,115,success,19,0.4502,0.8613,0,55.65,31.3,61.0,25.0,55.65,31.3
2026-05-29 01:57:22,none,1,116,success,7,1.1343,1.2245,0,56.03,31.03,62.0,24.0,56.03,31.03
2026-05-29 01:57:28,none,1,117,success,5,0.7452,1.8094,0,56.41,30.77,63.0,23.0,56.41,30.77
2026-05-29 01:57:40,none,1,118,success,12,0.5018,0.7877,0,56.78,30.51,64.0,22.0,56.78,30.51
2026-05-29 01:57:59,none,1,119,success,22,0.4734,0.2593,7,57.14,30.25,65.0,21.0,57.14,30.25
2026-05-29 01:58:02,none,1,120,success,2,3.3241,2.2283,0,57.5,30.0,66.0,20.0,57.5,30.0
2026-05-29 01:58:06,none,1,121,success,4,1.0817,1.8142,0,57.85,29.75,67.0,19.0,57.85,29.75
2026-05-29 01:58:34,none,1,122,success,32,0.2637,0.3573,0,58.2,29.51,67.0,19.0,58.2,29.51
2026-05-29 01:58:40,none,1,123,success,6,1.0422,1.5068,0,58.54,29.27,67.0,19.0,58.54,29.27
2026-05-29 01:59:07,none,1,124,success,32,0.3459,0.326,0,58.87,29.03,68.0,18.0,58.87,29.03
2026-05-29 01:59:15,none,1,125,success,8,1.0371,0.9121,0,59.2,28.8,69.0,17.0,59.2,28.8
2026-05-29 01:59:23,none,1,126,success,9,0.9495,0.9205,0,59.52,28.57,70.0,16.0,59.52,28.57
2026-05-29 01:59:31,none,1,127,success,7,0.9758,1.2194,0,59.84,28.35,71.0,16.0,59.84,28.35
2026-05-29 01:59:39,none,1,128,success,8,0.9839,1.1941,0,60.16,28.12,71.0,16.0,60.16,28.12
2026-05-29 01:59:44,none,1,129,success,4,1.3061,1.536,0,60.47,27.91,72.0,15.0,60.47,27.91
2026-05-29 01:59:48,none,1,130,success,4,1.1718,1.6206,0,60.77,27.69,73.0,14.0,60.77,27.69
2026-05-29 02:00:02,none,1,131,success,14,0.7087,0.3626,0,61.07,27.48,74.0,13.0,61.07,27.48
2026-05-29 02:00:30,none,1,132,collision,-1,0.3508,0.1322,1,60.61,28.03,74.0,13.0,60.61,28.03
2026-05-29 02:00:52,none,1,133,success,26,0.3115,0.4084,0,60.9,27.82,75.0,12.0,60.9,27.82
2026-05-29 02:00:58,none,1,134,success,6,1.1424,0.9539,0,61.19,27.61,76.0,11.0,61.19,27.61
2026-05-29 02:01:14,none,1,135,success,18,0.3694,0.5085,0,61.48,27.41,76.0,11.0,61.48,27.41
2026-05-29 02:01:32,none,1,136,success,20,0.4884,0.7444,0,61.76,27.21,76.0,11.0,61.76,27.21
2026-05-29 02:01:48,none,1,137,success,18,0.6165,0.3627,0,62.04,27.01,77.0,11.0,62.04,27.01
2026-05-29 02:01:52,none,1,138,success,4,1.2848,1.9083,0,62.32,26.81,77.0,11.0,62.32,26.81
2026-05-29 02:02:15,none,1,139,success,26,0.4259,0.2617,3,62.59,26.62,77.0,11.0,62.59,26.62
2026-05-29 02:02:16,none,1,140,success,1,98.8591,2.3127,0,62.86,26.43,77.0,11.0,62.86,26.43
2026-05-29 02:02:27,none,1,141,success,11,1.0345,0.8928,0,63.12,26.24,77.0,11.0,63.12,26.24
2026-05-29 02:02:37,none,1,142,success,10,0.6449,0.5146,0,63.38,26.06,77.0,11.0,63.38,26.06
2026-05-29 02:02:43,none,1,143,success,6,1.336,1.5214,0,63.64,25.87,77.0,11.0,63.64,25.87
2026-05-29 02:02:57,none,1,144,success,14,0.621,0.723,0,63.89,25.69,77.0,11.0,63.89,25.69
2026-05-29 02:03:10,none,1,145,collision,-1,0.7855,0.1983,1,63.45,26.21,76.0,12.0,63.45,26.21
2026-05-29 02:03:19,none,1,146,success,10,0.9712,0.7536,0,63.7,26.03,77.0,11.0,63.7,26.03
2026-05-29 02:03:29,none,1,147,success,10,0.8665,0.8487,0,63.95,25.85,78.0,10.0,63.95,25.85
2026-05-29 02:03:45,none,1,148,success,18,0.4198,0.4934,0,64.19,25.68,79.0,9.0,64.19,25.68
2026-05-29 02:04:15,none,1,149,success,36,0.3804,0.5831,0,64.43,25.5,79.0,9.0,64.43,25.5
2026-05-29 02:04:40,none,1,150,collision,-1,0.4816,0.1789,3,64.0,26.0,79.0,10.0,64.0,26.0
2026-05-29 02:04:50,none,1,151,success,10,0.8546,0.6074,0,64.24,25.83,79.0,10.0,64.24,25.83
2026-05-29 02:05:08,none,1,152,success,16,0.3344,0.9425,0,64.47,25.66,79.0,10.0,64.47,25.66
2026-05-29 02:05:17,none,1,153,success,10,1.0204,0.8639,0,64.71,25.49,79.0,10.0,64.71,25.49
2026-05-29 02:05:29,none,1,154,success,12,0.6573,0.5897,0,64.94,25.32,80.0,10.0,64.94,25.32
2026-05-29 02:05:48,none,1,155,success,22,0.3624,0.5687,0,65.16,25.16,81.0,10.0,65.16,25.16
2026-05-29 02:05:54,none,1,156,success,6,1.2074,1.2836,0,65.38,25.0,81.0,10.0,65.38,25.0
2026-05-29 02:06:07,none,1,157,success,14,0.55,0.8527,0,65.61,24.84,81.0,10.0,65.61,24.84
2026-05-29 02:06:15,none,1,158,success,8,1.1623,0.9717,0,65.82,24.68,81.0,10.0,65.82,24.68
2026-05-29 02:06:56,none,1,159,success,48,0.3114,0.3236,0,66.04,24.53,81.0,10.0,66.04,24.53
2026-05-29 02:07:02,none,1,160,success,6,0.716,1.4589,0,66.25,24.38,81.0,10.0,66.25,24.38
2026-05-29 02:07:20,none,1,161,success,20,0.5826,0.4601,0,66.46,24.22,81.0,10.0,66.46,24.22
2026-05-29 02:07:27,none,1,162,success,6,1.2526,1.3558,0,66.67,24.07,81.0,10.0,66.67,24.07
2026-05-29 02:08:00,none,1,163,success,38,0.3564,0.2677,2,66.87,23.93,81.0,10.0,66.87,23.93
2026-05-29 02:08:15,none,1,164,success,16,0.4452,0.3094,0,67.07,23.78,81.0,10.0,67.07,23.78
2026-05-29 02:08:37,none,1,165,success,26,0.4603,0.4928,0,67.27,23.64,82.0,9.0,67.27,23.64
2026-05-29 02:08:45,none,1,166,success,8,0.9105,1.2985,0,67.47,23.49,83.0,9.0,67.47,23.49
2026-05-29 02:08:55,none,1,167,success,10,0.7592,1.2883,0,67.66,23.35,83.0,9.0,67.66,23.35
2026-05-29 02:09:16,none,1,168,success,24,0.1708,0.4809,0,67.86,23.21,83.0,9.0,67.86,23.21
2026-05-29 02:09:29,none,1,169,success,14,0.6771,0.7805,0,68.05,23.08,83.0,9.0,68.05,23.08
2026-05-29 02:09:53,none,1,170,success,28,0.54,0.3594,0,68.24,22.94,84.0,9.0,68.24,22.94
2026-05-29 02:10:06,none,1,171,success,14,0.6393,0.7806,0,68.42,22.81,84.0,9.0,68.42,22.81
2026-05-29 02:10:12,none,1,172,success,6,1.0011,1.4971,0,68.6,22.67,85.0,8.0,68.6,22.67
2026-05-29 02:10:23,none,1,173,success,12,0.5101,1.0938,0,68.79,22.54,85.0,8.0,68.79,22.54
2026-05-29 02:10:35,none,1,174,collision,-1,0.7122,0.1598,1,68.39,22.99,84.0,9.0,68.39,22.99
2026-05-29 02:10:52,none,1,175,success,20,0.1214,1.3023,0,68.57,22.86,84.0,9.0,68.57,22.86
2026-05-29 02:11:02,none,1,176,success,11,1.0906,0.6662,0,68.75,22.73,84.0,9.0,68.75,22.73
2026-05-29 02:11:13,none,1,177,success,11,0.2002,1.3785,0,68.93,22.6,85.0,8.0,68.93,22.6
2026-05-29 02:11:19,none,1,178,success,6,1.1374,1.4641,0,69.1,22.47,86.0,8.0,69.1,22.47
2026-05-29 02:11:28,none,1,179,success,10,0.5813,1.3437,0,69.27,22.35,87.0,8.0,69.27,22.35
2026-05-29 02:11:38,none,1,180,success,10,1.0002,0.9462,0,69.44,22.22,87.0,8.0,69.44,22.22
2026-05-29 02:11:44,none,1,181,success,6,1.0231,1.3351,0,69.61,22.1,87.0,8.0,69.61,22.1
2026-05-29 02:11:51,none,1,182,success,6,0.8308,1.6211,0,69.78,21.98,87.0,8.0,69.78,21.98
2026-05-29 02:12:07,none,1,183,success,18,0.2994,0.7321,0,69.95,21.86,88.0,8.0,69.95,21.86
2026-05-29 02:12:15,none,1,184,success,8,0.6952,1.3839,0,70.11,21.74,89.0,8.0,70.11,21.74
2026-05-29 02:12:21,none,1,185,success,6,1.1676,1.5803,0,70.27,21.62,90.0,8.0,70.27,21.62
2026-05-29 02:12:31,none,1,186,success,11,1.0029,1.0789,0,70.43,21.51,91.0,8.0,70.43,21.51
2026-05-29 02:12:44,none,1,187,success,13,0.5132,1.1806,0,70.59,21.39,92.0,8.0,70.59,21.39
2026-05-29 02:12:47,none,1,188,success,2,2.706,2.1675,0,70.74,21.28,93.0,7.0,70.74,21.28
2026-05-29 02:13:11,none,1,189,collision,-1,0.4498,0.1393,3,70.37,21.69,92.0,8.0,70.37,21.69
2026-05-29 02:13:16,none,1,190,success,4,0.9825,1.5154,0,70.53,21.58,92.0,8.0,70.53,21.58
2026-05-29 02:13:30,none,1,191,collision,-1,0.6469,0.12,3,70.16,21.99,91.0,9.0,70.16,21.99
2026-05-29 02:13:38,none,1,192,success,8,0.8892,1.4243,0,70.31,21.88,91.0,9.0,70.31,21.88
2026-05-29 02:13:45,none,1,193,success,6,1.0026,1.3226,0,70.47,21.76,92.0,8.0,70.47,21.76
2026-05-29 02:13:51,none,1,194,success,6,0.8808,1.5212,0,70.62,21.65,92.0,8.0,70.62,21.65
2026-05-29 02:13:56,none,1,195,success,4,1.2445,1.6427,0,70.77,21.54,92.0,8.0,70.77,21.54
2026-05-29 02:14:06,none,1,196,success,10,0.7036,1.4717,0,70.92,21.43,92.0,8.0,70.92,21.43
2026-05-29 02:14:31,none,1,197,success,28,0.3946,0.389,0,71.07,21.32,92.0,8.0,71.07,21.32
2026-05-29 02:14:51,none,1,198,success,24,0.5741,0.5749,0,71.21,21.21,92.0,8.0,71.21,21.21
2026-05-29 02:15:03,none,1,199,success,12,0.6461,0.6403,0,71.36,21.11,92.0,8.0,71.36,21.11
2026-05-29 02:15:04,none,1,200,success,1,23.5428,2.3201,0,71.5,21.0,92.0,8.0,71.5,21.0
2026-05-29 02:15:17,none,1,201,success,13,0.684,0.578,0,71.64,20.9,92.0,8.0,71.64,20.9
2026-05-29 02:15:28,none,1,202,success,12,0.495,1.1098,0,71.78,20.79,92.0,8.0,71.78,20.79
2026-05-29 02:15:36,none,1,203,success,8,1.1659,1.1519,0,71.92,20.69,93.0,7.0,71.92,20.69
2026-05-29 02:15:44,none,1,204,success,8,1.1744,0.9614,0,72.06,20.59,94.0,6.0,72.06,20.59
2026-05-29 02:15:50,none,1,205,success,6,1.2141,1.5053,0,72.2,20.49,94.0,6.0,72.2,20.49
2026-05-29 02:15:59,none,1,206,success,9,0.4104,1.6165,0,72.33,20.39,94.0,6.0,72.33,20.39
2026-05-29 02:16:24,none,1,207,success,25,0.4188,0.6728,0,72.46,20.29,94.0,6.0,72.46,20.29
2026-05-29 02:16:33,none,1,208,success,10,0.5891,1.2805,0,72.6,20.19,94.0,6.0,72.6,20.19
2026-05-29 02:16:50,none,1,209,success,18,0.2134,0.9921,0,72.73,20.1,94.0,6.0,72.73,20.1
2026-05-29 02:16:53,none,1,210,success,2,1.1112,1.9123,0,72.86,20.0,94.0,6.0,72.86,20.0
2026-05-29 02:16:55,none,1,211,success,1,309.8199,2.3134,0,72.99,19.91,94.0,6.0,72.99,19.91
2026-05-29 02:17:20,none,1,212,success,27,0.1048,1.0628,0,73.11,19.81,94.0,6.0,73.11,19.81
2026-05-29 02:17:32,none,1,213,success,12,0.8888,1.1797,0,73.24,19.72,94.0,6.0,73.24,19.72
2026-05-29 02:17:42,none,1,214,success,10,0.4501,1.3705,0,73.36,19.63,94.0,6.0,73.36,19.63
2026-05-29 02:17:48,none,1,215,success,6,0.9764,1.1442,0,73.49,19.53,94.0,6.0,73.49,19.53
2026-05-29 02:17:53,none,1,216,success,4,1.4709,1.8108,0,73.61,19.44,94.0,6.0,73.61,19.44
2026-05-29 02:17:59,none,1,217,success,6,1.0641,1.3223,0,73.73,19.35,94.0,6.0,73.73,19.35
2026-05-29 02:18:07,none,1,218,success,8,0.5482,1.2883,0,73.85,19.27,94.0,6.0,73.85,19.27
2026-05-29 02:18:09,none,1,219,success,1,104.0017,2.3138,0,73.97,19.18,94.0,6.0,73.97,19.18
2026-05-29 02:18:18,none,1,220,success,9,0.8123,1.7889,0,74.09,19.09,94.0,6.0,74.09,19.09
2026-05-29 02:18:28,none,1,221,success,10,0.6372,1.8618,0,74.21,19.0,94.0,6.0,74.21,19.0
2026-05-29 02:18:41,none,1,222,success,14,0.5382,0.7254,0,74.32,18.92,94.0,6.0,74.32,18.92
2026-05-29 02:18:50,none,1,223,success,10,0.9679,0.633,0,74.44,18.83,94.0,6.0,74.44,18.83
2026-05-29 02:18:58,none,1,224,success,8,1.09,0.9216,0,74.55,18.75,94.0,6.0,74.55,18.75
2026-05-29 02:19:08,none,1,225,success,10,1.0397,1.1441,0,74.67,18.67,94.0,6.0,74.67,18.67
2026-05-29 02:19:22,none,1,226,success,16,0.6438,0.5864,0,74.78,18.58,94.0,6.0,74.78,18.58
2026-05-29 02:19:34,none,1,227,success,12,0.8325,0.9255,0,74.89,18.5,94.0,6.0,74.89,18.5
2026-05-29 02:19:39,none,1,228,success,4,1.1232,1.5152,0,75.0,18.42,94.0,6.0,75.0,18.42
2026-05-29 02:19:49,none,1,229,success,10,0.9852,0.5194,0,75.11,18.34,94.0,6.0,75.11,18.34
2026-05-29 02:20:04,none,1,230,success,16,0.5812,0.5729,0,75.22,18.26,94.0,6.0,75.22,18.26
2026-05-29 02:20:15,none,1,231,success,12,1.0014,0.6621,0,75.32,18.18,94.0,6.0,75.32,18.18
2026-05-29 02:20:23,none,1,232,success,8,1.0193,1.4769,0,75.43,18.1,95.0,5.0,75.43,18.1
2026-05-29 02:20:34,none,1,233,success,12,0.6564,1.2507,0,75.54,18.03,95.0,5.0,75.54,18.03
2026-05-29 02:20:42,none,1,234,success,8,0.8437,1.0959,0,75.64,17.95,95.0,5.0,75.64,17.95
2026-05-29 02:20:47,none,1,235,success,4,1.6234,1.9718,0,75.74,17.87,95.0,5.0,75.74,17.87
2026-05-29 02:21:00,none,1,236,success,14,0.3824,1.0153,0,75.85,17.8,95.0,5.0,75.85,17.8
2026-05-29 02:21:30,none,1,237,success,34,0.2491,0.5261,0,75.95,17.72,95.0,5.0,75.95,17.72
2026-05-29 02:21:36,none,1,238,success,6,0.7462,1.5055,0,76.05,17.65,95.0,5.0,76.05,17.65
2026-05-29 02:21:43,none,1,239,success,6,0.7691,0.8232,0,76.15,17.57,95.0,5.0,76.15,17.57
2026-05-29 02:21:51,none,1,240,success,8,1.1531,1.1405,0,76.25,17.5,95.0,5.0,76.25,17.5
2026-05-29 02:21:58,none,1,241,success,6,1.2714,1.54,0,76.35,17.43,95.0,5.0,76.35,17.43
2026-05-29 02:22:04,none,1,242,success,6,1.1582,1.4472,0,76.45,17.36,95.0,5.0,76.45,17.36
2026-05-29 02:22:14,none,1,243,success,10,0.7388,0.8916,0,76.54,17.28,95.0,5.0,76.54,17.28
2026-05-29 02:22:23,none,1,244,success,10,1.0134,0.8151,0,76.64,17.21,95.0,5.0,76.64,17.21
2026-05-29 02:22:48,none,1,245,collision,-1,0.4207,0.1375,3,76.33,17.55,95.0,5.0,76.33,17.55
2026-05-29 02:23:20,none,1,246,success,36,0.2715,0.3783,0,76.42,17.48,95.0,5.0,76.42,17.48
2026-05-29 02:23:33,none,1,247,collision,-1,0.6881,0.1818,3,76.11,17.81,94.0,6.0,76.11,17.81
2026-05-29 02:23:54,none,1,248,success,24,0.2906,0.5949,0,76.21,17.74,94.0,6.0,76.21,17.74
2026-05-29 02:23:57,none,1,249,success,2,1.6138,2.0164,0,76.31,17.67,94.0,6.0,76.31,17.67
2026-05-29 02:24:04,none,1,250,success,6,1.4759,1.8572,0,76.4,17.6,95.0,5.0,76.4,17.6
2026-05-29 02:24:13,none,1,251,success,10,0.7818,1.2215,0,76.49,17.53,95.0,5.0,76.49,17.53
2026-05-29 02:24:38,none,1,252,success,28,0.1143,0.568,0,76.59,17.46,95.0,5.0,76.59,17.46
2026-05-29 02:24:41,none,1,253,success,2,1.56,2.0682,0,76.68,17.39,95.0,5.0,76.68,17.39
2026-05-29 02:24:53,none,1,254,success,12,1.0058,0.5994,0,76.77,17.32,95.0,5.0,76.77,17.32
2026-05-29 02:25:00,none,1,255,success,8,1.0632,0.676,0,76.86,17.25,95.0,5.0,76.86,17.25
2026-05-29 02:25:02,none,1,256,success,1,255.4631,2.317,0,76.95,17.19,95.0,5.0,76.95,17.19
2026-05-29 02:25:11,none,1,257,success,9,0.8443,1.0984,0,77.04,17.12,95.0,5.0,77.04,17.12
2026-05-29 02:25:20,none,1,258,success,10,0.9086,0.6745,0,77.13,17.05,95.0,5.0,77.13,17.05
2026-05-29 02:25:56,none,1,259,collision,-1,0.3605,0.1805,1,76.83,17.37,94.0,6.0,76.83,17.37
2026-05-29 02:26:15,none,1,260,success,22,0.432,0.7078,0,76.92,17.31,94.0,6.0,76.92,17.31
2026-05-29 02:26:23,none,1,261,success,8,0.9562,1.1651,0,77.01,17.24,94.0,6.0,77.01,17.24
2026-05-29 02:26:33,none,1,262,success,8,1.0455,0.7805,0,77.1,17.18,94.0,6.0,77.1,17.18
2026-05-29 02:26:46,none,1,263,success,14,0.6559,0.4555,0,77.19,17.11,94.0,6.0,77.19,17.11
2026-05-29 02:27:05,none,1,264,success,22,0.5333,0.2233,8,77.27,17.05,94.0,6.0,77.27,17.05
2026-05-29 02:27:12,none,1,265,success,8,1.0393,0.8739,0,77.36,16.98,94.0,6.0,77.36,16.98
2026-05-29 02:27:22,none,1,266,success,10,0.3352,1.314,0,77.44,16.92,94.0,6.0,77.44,16.92
2026-05-29 02:27:55,none,1,267,success,38,0.3484,0.4613,0,77.53,16.85,94.0,6.0,77.53,16.85
2026-05-29 02:28:06,none,1,268,success,12,0.6419,0.8263,0,77.61,16.79,94.0,6.0,77.61,16.79
2026-05-29 02:28:22,none,1,269,success,18,0.3378,1.2238,0,77.7,16.73,94.0,6.0,77.7,16.73
2026-05-29 02:28:33,none,1,270,success,12,0.6618,1.1611,0,77.78,16.67,94.0,6.0,77.78,16.67
2026-05-29 02:28:38,none,1,271,success,4,1.3695,1.755,0,77.86,16.61,94.0,6.0,77.86,16.61
2026-05-29 02:28:51,none,1,272,success,14,0.6593,0.9207,0,77.94,16.54,94.0,6.0,77.94,16.54
2026-05-29 02:29:01,none,1,273,success,10,0.5433,1.2299,0,78.02,16.48,94.0,6.0,78.02,16.48
2026-05-29 02:29:11,none,1,274,success,11,0.9493,0.5946,0,78.1,16.42,95.0,5.0,78.1,16.42
2026-05-29 02:29:30,none,1,275,success,19,0.8158,0.4887,0,78.18,16.36,95.0,5.0,78.18,16.36
2026-05-29 02:29:37,none,1,276,success,8,0.5365,1.3169,0,78.26,16.3,95.0,5.0,78.26,16.3
2026-05-29 02:29:55,none,1,277,success,20,0.6005,0.6164,0,78.34,16.25,95.0,5.0,78.34,16.25
2026-05-29 02:30:03,none,1,278,success,8,0.9025,0.8233,0,78.42,16.19,95.0,5.0,78.42,16.19
2026-05-29 02:30:14,none,1,279,success,12,0.8384,1.0291,0,78.49,16.13,95.0,5.0,78.49,16.13
2026-05-29 02:30:27,none,1,280,success,14,0.5944,0.7657,0,78.57,16.07,95.0,5.0,78.57,16.07
2026-05-29 02:30:37,none,1,281,success,10,0.8579,1.0371,0,78.65,16.01,95.0,5.0,78.65,16.01
2026-05-29 02:30:44,none,1,282,success,8,1.1336,1.101,0,78.72,15.96,95.0,5.0,78.72,15.96
2026-05-29 02:30:52,none,1,283,success,8,0.7104,1.4913,0,78.8,15.9,95.0,5.0,78.8,15.9
2026-05-29 02:31:00,none,1,284,success,9,1.1938,0.9815,0,78.87,15.85,95.0,5.0,78.87,15.85
2026-05-29 02:31:13,none,1,285,success,13,0.4122,1.0284,0,78.95,15.79,95.0,5.0,78.95,15.79
2026-05-29 02:31:44,none,1,286,success,38,0.3038,0.6179,0,79.02,15.73,95.0,5.0,79.02,15.73
2026-05-29 02:31:54,none,1,287,success,10,1.0271,0.8185,0,79.09,15.68,95.0,5.0,79.09,15.68
2026-05-29 02:31:55,none,1,288,success,1,33.2836,2.3275,0,79.17,15.62,95.0,5.0,79.17,15.62
2026-05-29 02:32:18,none,1,289,success,25,0.1943,0.6019,0,79.24,15.57,96.0,4.0,79.24,15.57
2026-05-29 02:32:27,none,1,290,success,10,0.7226,1.2989,0,79.31,15.52,96.0,4.0,79.31,15.52
2026-05-29 02:32:37,none,1,291,success,10,0.3748,1.7254,0,79.38,15.46,97.0,3.0,79.38,15.46
2026-05-29 02:32:42,none,1,292,success,4,1.2065,1.6819,0,79.45,15.41,97.0,3.0,79.45,15.41
2026-05-29 02:32:52,none,1,293,success,10,0.8796,0.7903,0,79.52,15.36,97.0,3.0,79.52,15.36
2026-05-29 02:33:03,none,1,294,success,12,0.8218,0.7176,0,79.59,15.31,97.0,3.0,79.59,15.31
2026-05-29 02:33:09,none,1,295,success,6,1.3196,1.6502,0,79.66,15.25,97.0,3.0,79.66,15.25
2026-05-29 02:33:25,none,1,296,success,18,0.3319,0.5974,0,79.73,15.2,97.0,3.0,79.73,15.2
2026-05-29 02:33:32,none,1,297,success,6,0.9959,1.5683,0,79.8,15.15,97.0,3.0,79.8,15.15
2026-05-29 02:33:40,none,1,298,success,8,0.9293,1.3863,0,79.87,15.1,97.0,3.0,79.87,15.1
2026-05-29 02:33:51,none,1,299,success,12,0.7035,1.0751,0,79.93,15.05,97.0,3.0,79.93,15.05
2026-05-29 02:34:03,none,1,300,success,12,0.7752,1.2058,0,80.0,15.0,97.0,3.0,80.0,15.0
2026-05-29 02:34:12,none,1,301,success,10,0.4083,1.3831,0,80.07,14.95,97.0,3.0,80.07,14.95
2026-05-29 02:34:17,none,1,302,success,4,0.9475,1.5832,0,80.13,14.9,97.0,3.0,80.13,14.9
2026-05-29 02:34:31,none,1,303,success,16,0.5827,0.7262,0,80.2,14.85,97.0,3.0,80.2,14.85
2026-05-29 02:34:44,none,1,304,success,14,0.3739,1.4077,0,80.26,14.8,97.0,3.0,80.26,14.8
2026-05-29 02:34:52,none,1,305,success,8,0.8936,1.1137,0,80.33,14.75,97.0,3.0,80.33,14.75
2026-05-29 02:34:58,none,1,306,success,6,1.4453,1.8866,0,80.39,14.71,97.0,3.0,80.39,14.71
2026-05-29 02:35:12,none,1,307,success,16,0.6828,1.1676,0,80.46,14.66,97.0,3.0,80.46,14.66
2026-05-29 02:35:27,none,1,308,success,16,0.2034,0.9309,0,80.52,14.61,97.0,3.0,80.52,14.61
2026-05-29 02:35:36,none,1,309,success,10,0.8261,0.4573,0,80.58,14.56,97.0,3.0,80.58,14.56
2026-05-29 02:35:46,none,1,310,success,10,0.6198,0.9438,0,80.65,14.52,97.0,3.0,80.65,14.52
2026-05-29 02:35:56,none,1,311,success,10,0.99,0.5907,0,80.71,14.47,97.0,3.0,80.71,14.47
2026-05-29 02:36:15,none,1,312,success,22,0.6208,0.9134,0,80.77,14.42,97.0,3.0,80.77,14.42
2026-05-29 02:36:24,none,1,313,success,8,1.0684,1.4339,0,80.83,14.38,97.0,3.0,80.83,14.38
2026-05-29 02:36:28,none,1,314,success,4,1.3613,1.96,0,80.89,14.33,97.0,3.0,80.89,14.33
2026-05-29 02:36:39,none,1,315,success,12,0.7723,1.509,0,80.95,14.29,97.0,3.0,80.95,14.29
2026-05-29 02:36:47,none,1,316,success,8,1.0251,1.3123,0,81.01,14.24,97.0,3.0,81.01,14.24
2026-05-29 02:37:00,none,1,317,success,14,0.3006,1.4192,0,81.07,14.2,97.0,3.0,81.07,14.2
2026-05-29 02:37:08,none,1,318,success,8,0.9707,0.9306,0,81.13,14.15,97.0,3.0,81.13,14.15
2026-05-29 02:37:22,none,1,319,success,16,0.5923,0.7384,0,81.19,14.11,97.0,3.0,81.19,14.11
2026-05-29 02:37:27,none,1,320,success,4,0.7004,1.8506,0,81.25,14.06,97.0,3.0,81.25,14.06
2026-05-29 02:37:41,none,1,321,success,16,0.6094,0.4509,0,81.31,14.02,97.0,3.0,81.31,14.02
2026-05-29 02:37:54,none,1,322,success,14,0.4541,1.1485,0,81.37,13.98,97.0,3.0,81.37,13.98
2026-05-29 02:37:58,none,1,323,success,2,1.1474,1.8908,0,81.42,13.93,97.0,3.0,81.42,13.93
2026-05-29 02:38:06,none,1,324,success,8,1.1795,0.9413,0,81.48,13.89,97.0,3.0,81.48,13.89
2026-05-29 02:38:19,none,1,325,success,14,0.6958,1.0043,0,81.54,13.85,97.0,3.0,81.54,13.85
2026-05-29 02:38:29,none,1,326,success,10,0.5667,1.5648,0,81.6,13.8,97.0,3.0,81.6,13.8
2026-05-29 02:38:37,none,1,327,success,8,1.07,1.3525,0,81.65,13.76,97.0,3.0,81.65,13.76
2026-05-29 02:38:43,none,1,328,success,6,1.3496,1.5229,0,81.71,13.72,97.0,3.0,81.71,13.72
2026-05-29 02:38:56,none,1,329,success,14,0.8496,0.4955,0,81.76,13.68,97.0,3.0,81.76,13.68
2026-05-29 02:39:07,none,1,330,success,12,0.863,0.5609,0,81.82,13.64,97.0,3.0,81.82,13.64
2026-05-29 02:39:25,none,1,331,success,20,0.1694,0.723,0,81.87,13.6,97.0,3.0,81.87,13.6
2026-05-29 02:39:30,none,1,332,success,4,1.5062,1.7772,0,81.93,13.55,97.0,3.0,81.93,13.55
2026-05-29 02:39:41,none,1,333,success,12,0.4783,1.5111,0,81.98,13.51,97.0,3.0,81.98,13.51
2026-05-29 02:39:54,none,1,334,success,14,0.2831,1.1438,0,82.04,13.47,97.0,3.0,82.04,13.47
2026-05-29 02:39:59,none,1,335,success,4,0.9677,1.6768,0,82.09,13.43,97.0,3.0,82.09,13.43
2026-05-29 02:40:25,none,1,336,success,32,0.5291,0.5447,0,82.14,13.39,97.0,3.0,82.14,13.39
2026-05-29 02:40:34,none,1,337,success,8,1.0986,0.9002,0,82.2,13.35,97.0,3.0,82.2,13.35
2026-05-29 02:40:47,none,1,338,success,14,0.6386,0.5653,0,82.25,13.31,97.0,3.0,82.25,13.31
2026-05-29 02:40:55,none,1,339,success,8,1.0627,0.9677,0,82.3,13.27,97.0,3.0,82.3,13.27
2026-05-29 02:41:20,none,1,340,success,30,0.597,0.6203,0,82.35,13.24,97.0,3.0,82.35,13.24
2026-05-29 02:41:33,none,1,341,success,14,0.678,0.8251,0,82.4,13.2,97.0,3.0,82.4,13.2
2026-05-29 02:41:47,none,1,342,success,14,0.3877,1.2308,0,82.46,13.16,97.0,3.0,82.46,13.16
2026-05-29 02:41:58,none,1,343,success,12,0.6114,0.9448,0,82.51,13.12,97.0,3.0,82.51,13.12
2026-05-29 02:42:09,none,1,344,success,12,0.947,0.658,0,82.56,13.08,97.0,3.0,82.56,13.08
2026-05-29 02:42:16,none,1,345,success,6,1.0765,1.5723,0,82.61,13.04,98.0,2.0,82.61,13.04
2026-05-29 02:42:25,none,1,346,success,10,0.4838,1.2366,0,82.66,13.01,98.0,2.0,82.66,13.01
2026-05-29 02:42:31,none,1,347,success,6,0.9751,1.7005,0,82.71,12.97,99.0,1.0,82.71,12.97
2026-05-29 02:42:36,none,1,348,success,4,1.5574,1.9165,0,82.76,12.93,99.0,1.0,82.76,12.93
2026-05-29 02:43:00,none,1,349,collision,-1,0.578,0.12,3,82.52,13.18,98.0,2.0,82.52,13.18
2026-05-29 02:43:08,none,1,350,success,8,0.3146,1.4617,0,82.57,13.14,98.0,2.0,82.57,13.14
2026-05-29 02:43:21,none,1,351,success,14,0.7972,0.653,0,82.62,13.11,98.0,2.0,82.62,13.11
2026-05-29 02:43:29,none,1,352,success,8,1.1561,1.1956,0,82.67,13.07,98.0,2.0,82.67,13.07
2026-05-29 02:43:37,none,1,353,success,8,1.1725,1.1818,0,82.72,13.03,98.0,2.0,82.72,13.03
2026-05-29 02:43:48,none,1,354,success,12,0.6916,1.0354,0,82.77,12.99,98.0,2.0,82.77,12.99
2026-05-29 02:43:56,none,1,355,success,8,1.0668,1.1363,0,82.82,12.96,98.0,2.0,82.82,12.96
2026-05-29 02:44:11,none,1,356,success,16,0.8314,0.7976,0,82.87,12.92,98.0,2.0,82.87,12.92
2026-05-29 02:44:47,none,1,357,collision,-1,0.244,0.12,1,82.63,13.17,97.0,3.0,82.63,13.17
2026-05-29 02:44:54,none,1,358,success,6,1.1024,1.3564,0,82.68,13.13,97.0,3.0,82.68,13.13
2026-05-29 02:45:10,none,1,359,success,18,0.7225,0.7708,0,82.73,13.09,98.0,2.0,82.73,13.09
2026-05-29 02:45:14,none,1,360,success,2,1.9615,2.1004,0,82.78,13.06,98.0,2.0,82.78,13.06
2026-05-29 02:45:23,none,1,361,success,10,0.6978,1.0674,0,82.83,13.02,98.0,2.0,82.83,13.02
2026-05-29 02:45:28,none,1,362,success,4,0.9531,1.5574,0,82.87,12.98,98.0,2.0,82.87,12.98
2026-05-29 02:45:37,none,1,363,success,10,1.0321,1.3026,0,82.92,12.95,98.0,2.0,82.92,12.95
2026-05-29 02:45:54,none,1,364,success,18,0.8742,0.5678,0,82.97,12.91,98.0,2.0,82.97,12.91
2026-05-29 02:46:07,none,1,365,success,14,0.7553,0.5016,0,83.01,12.88,98.0,2.0,83.01,12.88
2026-05-29 02:46:33,none,1,366,collision,-1,0.2326,0.12,1,82.79,13.11,97.0,3.0,82.79,13.11
2026-05-29 02:46:41,none,1,367,success,8,0.7304,1.5343,0,82.83,13.08,97.0,3.0,82.83,13.08
2026-05-29 02:46:46,none,1,368,success,5,1.6619,1.8312,0,82.88,13.04,97.0,3.0,82.88,13.04
2026-05-29 02:46:59,none,1,369,success,13,0.3015,1.1876,0,82.93,13.01,97.0,3.0,82.93,13.01
2026-05-29 02:47:06,none,1,370,success,6,0.6471,1.3935,0,82.97,12.97,97.0,3.0,82.97,12.97
2026-05-29 02:47:20,none,1,371,success,16,0.768,0.5203,0,83.02,12.94,97.0,3.0,83.02,12.94
2026-05-29 02:47:46,none,1,372,success,30,0.3607,0.3246,0,83.06,12.9,97.0,3.0,83.06,12.9
2026-05-29 02:47:53,none,1,373,success,6,0.9333,1.5381,0,83.11,12.87,97.0,3.0,83.11,12.87
2026-05-29 02:47:58,none,1,374,success,4,1.368,1.9393,0,83.16,12.83,97.0,3.0,83.16,12.83
2026-05-29 02:48:03,none,1,375,success,4,1.5704,1.8764,0,83.2,12.8,97.0,3.0,83.2,12.8
2026-05-29 02:48:11,none,1,376,success,8,1.1017,0.8056,0,83.24,12.77,97.0,3.0,83.24,12.77
2026-05-29 02:48:21,none,1,377,success,10,1.0918,0.8348,0,83.29,12.73,97.0,3.0,83.29,12.73
2026-05-29 02:48:28,none,1,378,success,6,1.3203,1.836,0,83.33,12.7,97.0,3.0,83.33,12.7
2026-05-29 02:48:36,none,1,379,success,8,0.949,1.3447,0,83.38,12.66,97.0,3.0,83.38,12.66
2026-05-29 02:48:51,none,1,380,success,18,0.5841,0.7347,0,83.42,12.63,97.0,3.0,83.42,12.63
2026-05-29 02:48:56,none,1,381,success,4,0.7393,1.6556,0,83.46,12.6,97.0,3.0,83.46,12.6
2026-05-29 02:49:08,none,1,382,success,13,1.1482,0.775,0,83.51,12.57,97.0,3.0,83.51,12.57
2026-05-29 02:49:21,none,1,383,success,13,0.749,1.5106,0,83.55,12.53,97.0,3.0,83.55,12.53
2026-05-29 02:49:31,none,1,384,success,10,1.0361,0.7835,0,83.59,12.5,97.0,3.0,83.59,12.5
2026-05-29 02:49:43,none,1,385,collision,-1,0.6459,0.145,1,83.38,12.73,96.0,4.0,83.38,12.73
2026-05-29 02:50:02,none,1,386,collision,-1,0.2971,0.12,3,83.16,12.95,95.0,5.0,83.16,12.95
2026-05-29 02:50:13,none,1,387,success,12,1.0448,1.0396,0,83.2,12.92,95.0,5.0,83.2,12.92
2026-05-29 02:50:21,none,1,388,success,8,1.0958,0.9669,0,83.25,12.89,95.0,5.0,83.25,12.89
2026-05-29 02:50:31,none,1,389,success,10,0.999,0.6517,0,83.29,12.85,95.0,5.0,83.29,12.85
2026-05-29 02:50:37,none,1,390,success,6,0.9933,1.1947,0,83.33,12.82,95.0,5.0,83.33,12.82
2026-05-29 02:50:46,none,1,391,success,10,1.0714,0.7369,0,83.38,12.79,95.0,5.0,83.38,12.79
2026-05-29 02:50:51,none,1,392,success,4,1.7877,1.9598,0,83.42,12.76,95.0,5.0,83.42,12.76
2026-05-29 02:51:31,none,1,393,success,46,0.1589,0.4665,0,83.46,12.72,95.0,5.0,83.46,12.72
2026-05-29 02:52:01,none,1,394,collision,-1,0.4515,0.1405,7,83.25,12.94,94.0,6.0,83.25,12.94
2026-05-29 02:52:13,none,1,395,success,12,0.9256,0.8022,0,83.29,12.91,94.0,6.0,83.29,12.91
2026-05-29 02:52:27,none,1,396,success,16,0.9615,0.897,0,83.33,12.88,94.0,6.0,83.33,12.88
2026-05-29 02:52:36,none,1,397,success,10,1.007,0.8113,0,83.38,12.85,94.0,6.0,83.38,12.85
2026-05-29 02:53:00,none,1,398,success,28,0.7347,0.7947,0,83.42,12.81,94.0,6.0,83.42,12.81
2026-05-29 02:53:08,none,1,399,success,8,1.0383,1.1797,0,83.46,12.78,94.0,6.0,83.46,12.78
2026-05-29 02:53:21,none,1,400,success,15,0.5603,1.0953,0,83.5,12.75,94.0,6.0,83.5,12.75
2026-05-29 02:53:49,none,1,401,success,31,0.4791,0.4575,0,83.54,12.72,94.0,6.0,83.54,12.72
2026-05-29 02:53:59,none,1,402,success,10,0.789,1.1412,0,83.58,12.69,94.0,6.0,83.58,12.69
2026-05-29 02:54:05,none,1,403,success,6,1.1164,1.3192,0,83.62,12.66,94.0,6.0,83.62,12.66
2026-05-29 02:54:18,none,1,404,success,14,0.6621,1.1491,0,83.66,12.62,94.0,6.0,83.66,12.62
2026-05-29 02:54:26,none,1,405,success,8,0.9669,1.1834,0,83.7,12.59,94.0,6.0,83.7,12.59
2026-05-29 02:54:34,none,1,406,success,8,0.9149,1.279,0,83.74,12.56,94.0,6.0,83.74,12.56
2026-05-29 02:54:42,none,1,407,success,8,0.4679,1.4959,0,83.78,12.53,94.0,6.0,83.78,12.53
2026-05-29 02:54:53,none,1,408,success,12,0.9164,0.5833,0,83.82,12.5,94.0,6.0,83.82,12.5
2026-05-29 02:55:01,none,1,409,success,8,0.9326,0.7478,0,83.86,12.47,94.0,6.0,83.86,12.47
2026-05-29 02:55:14,none,1,410,success,14,0.9023,0.6931,0,83.9,12.44,94.0,6.0,83.9,12.44
2026-05-29 02:55:26,none,1,411,success,14,0.6791,1.2602,0,83.94,12.41,94.0,6.0,83.94,12.41
2026-05-29 02:55:37,none,1,412,success,12,0.8301,0.8417,0,83.98,12.38,94.0,6.0,83.98,12.38
2026-05-29 02:55:47,none,1,413,success,10,1.2143,1.279,0,84.02,12.35,94.0,6.0,84.02,12.35
2026-05-29 02:55:58,none,1,414,success,12,0.9875,0.8812,0,84.06,12.32,94.0,6.0,84.06,12.32
2026-05-29 02:56:03,none,1,415,success,4,0.9276,1.921,0,84.1,12.29,94.0,6.0,84.1,12.29
2026-05-29 02:56:11,none,1,416,success,8,1.14,0.9462,0,84.13,12.26,94.0,6.0,84.13,12.26
2026-05-29 02:56:19,none,1,417,success,8,0.6192,1.9084,0,84.17,12.23,94.0,6.0,84.17,12.23
2026-05-29 02:56:30,none,1,418,success,12,0.9019,1.0059,0,84.21,12.2,94.0,6.0,84.21,12.2
2026-05-29 02:56:45,none,1,419,success,16,0.7356,0.4589,0,84.25,12.17,94.0,6.0,84.25,12.17
2026-05-29 02:56:55,none,1,420,success,10,1.1214,0.8757,0,84.29,12.14,94.0,6.0,84.29,12.14
2026-05-29 02:56:58,none,1,421,success,2,1.8899,2.0451,0,84.32,12.11,94.0,6.0,84.32,12.11
2026-05-29 02:57:05,none,1,422,success,6,1.3166,1.788,0,84.36,12.09,94.0,6.0,84.36,12.09
2026-05-29 02:57:17,none,1,423,success,12,0.889,0.7116,0,84.4,12.06,94.0,6.0,84.4,12.06
2026-05-29 02:57:29,none,1,424,success,12,0.9175,0.7368,0,84.43,12.03,94.0,6.0,84.43,12.03
2026-05-29 02:58:16,none,1,425,success,54,0.3069,0.2975,2,84.47,12.0,94.0,6.0,84.47,12.0
2026-05-29 02:58:24,none,1,426,success,8,0.7609,1.5725,0,84.51,11.97,94.0,6.0,84.51,11.97
2026-05-29 02:58:25,none,1,427,success,1,172.5762,2.3011,0,84.54,11.94,94.0,6.0,84.54,11.94
2026-05-29 02:58:35,none,1,428,success,9,1.0137,1.2764,0,84.58,11.92,94.0,6.0,84.58,11.92
2026-05-29 02:58:47,none,1,429,success,12,0.8479,0.5506,0,84.62,11.89,94.0,6.0,84.62,11.89
2026-05-29 02:59:00,none,1,430,success,14,0.9117,0.929,0,84.65,11.86,94.0,6.0,84.65,11.86
2026-05-29 02:59:13,none,1,431,collision,-1,0.7555,0.1646,1,84.45,12.06,93.0,7.0,84.45,12.06
2026-05-29 02:59:26,none,1,432,success,14,0.8811,0.9326,0,84.49,12.04,93.0,7.0,84.49,12.04
2026-05-29 02:59:32,none,1,433,success,6,1.2849,1.585,0,84.53,12.01,93.0,7.0,84.53,12.01
2026-05-29 02:59:43,none,1,434,success,12,0.9129,0.8014,0,84.56,11.98,93.0,7.0,84.56,11.98
2026-05-29 02:59:56,none,1,435,success,14,0.6279,0.6422,0,84.6,11.95,93.0,7.0,84.6,11.95
2026-05-29 03:00:06,none,1,436,success,10,1.111,1.661,0,84.63,11.93,93.0,7.0,84.63,11.93
2026-05-29 03:00:14,none,1,437,success,8,1.3174,1.565,0,84.67,11.9,93.0,7.0,84.67,11.9
2026-05-29 03:00:25,none,1,438,success,12,1.0049,1.0887,0,84.7,11.87,93.0,7.0,84.7,11.87
2026-05-29 03:00:37,none,1,439,success,12,0.5374,0.6984,0,84.74,11.85,93.0,7.0,84.74,11.85
2026-05-29 03:00:45,none,1,440,success,8,0.9135,0.7524,0,84.77,11.82,93.0,7.0,84.77,11.82
2026-05-29 03:00:49,none,1,441,success,4,0.9756,1.6153,0,84.81,11.79,93.0,7.0,84.81,11.79
2026-05-29 03:01:02,none,1,442,success,14,0.5326,0.418,0,84.84,11.76,93.0,7.0,84.84,11.76
2026-05-29 03:01:12,none,1,443,success,10,0.7331,0.6178,0,84.88,11.74,93.0,7.0,84.88,11.74
2026-05-29 03:01:24,none,1,444,success,14,0.1956,1.0513,0,84.91,11.71,93.0,7.0,84.91,11.71
2026-05-29 03:01:38,none,1,445,success,14,0.7087,0.6582,0,84.94,11.69,93.0,7.0,84.94,11.69
2026-05-29 03:01:51,none,1,446,success,14,0.8343,1.062,0,84.98,11.66,93.0,7.0,84.98,11.66
2026-05-29 03:02:06,none,1,447,success,16,1.0247,0.6622,0,85.01,11.63,93.0,7.0,85.01,11.63
2026-05-29 03:02:18,none,1,448,success,12,0.9709,0.9,0,85.04,11.61,93.0,7.0,85.04,11.61
2026-05-29 03:02:28,none,1,449,success,10,0.9077,0.8774,0,85.08,11.58,94.0,6.0,85.08,11.58
2026-05-29 03:02:37,none,1,450,success,11,1.0248,0.4575,0,85.11,11.56,94.0,6.0,85.11,11.56
2026-05-29 03:02:52,none,1,451,success,15,0.5863,1.5728,0,85.14,11.53,94.0,6.0,85.14,11.53
2026-05-29 03:02:55,none,1,452,success,2,1.5851,2.0645,0,85.18,11.5,94.0,6.0,85.18,11.5
2026-05-29 03:03:05,none,1,453,success,10,0.7934,1.0354,0,85.21,11.48,94.0,6.0,85.21,11.48
2026-05-29 03:03:16,none,1,454,success,12,0.6526,0.7808,0,85.24,11.45,94.0,6.0,85.24,11.45
2026-05-29 03:03:25,none,1,455,success,8,1.1739,2.0908,0,85.27,11.43,94.0,6.0,85.27,11.43
2026-05-29 03:03:34,none,1,456,success,10,0.933,0.6997,0,85.31,11.4,94.0,6.0,85.31,11.4
2026-05-29 03:03:56,none,1,457,success,24,0.681,0.4056,0,85.34,11.38,95.0,5.0,85.34,11.38
2026-05-29 03:04:16,none,1,458,success,22,0.3548,0.6443,0,85.37,11.35,95.0,5.0,85.37,11.35
2026-05-29 03:04:27,none,1,459,success,12,0.8632,0.6779,0,85.4,11.33,95.0,5.0,85.4,11.33
2026-05-29 03:04:35,none,1,460,success,8,0.5494,1.7224,0,85.43,11.3,95.0,5.0,85.43,11.3
2026-05-29 03:04:46,none,1,461,success,12,0.9463,1.0744,0,85.47,11.28,95.0,5.0,85.47,11.28
2026-05-29 03:04:52,none,1,462,success,6,1.0718,1.2564,0,85.5,11.26,95.0,5.0,85.5,11.26
2026-05-29 03:05:03,none,1,463,success,13,0.7914,1.2806,0,85.53,11.23,95.0,5.0,85.53,11.23
2026-05-29 03:05:14,none,1,464,success,9,0.5856,1.2814,0,85.56,11.21,95.0,5.0,85.56,11.21
2026-05-29 03:05:36,none,1,465,success,26,0.7543,0.5213,0,85.59,11.18,95.0,5.0,85.59,11.18
2026-05-29 03:05:48,none,1,466,success,12,1.122,1.1422,0,85.62,11.16,96.0,4.0,85.62,11.16
2026-05-29 03:05:56,none,1,467,success,8,0.7834,0.6843,0,85.65,11.13,96.0,4.0,85.65,11.13
2026-05-29 03:06:01,none,1,468,success,4,1.4122,2.0302,0,85.68,11.11,96.0,4.0,85.68,11.11
2026-05-29 03:06:13,none,1,469,success,14,0.8899,0.5864,0,85.71,11.09,96.0,4.0,85.71,11.09
2026-05-29 03:06:23,none,1,470,success,10,1.0322,0.9354,0,85.74,11.06,96.0,4.0,85.74,11.06
2026-05-29 03:06:29,none,1,471,success,6,0.929,1.7926,0,85.77,11.04,96.0,4.0,85.77,11.04
2026-05-29 03:06:39,none,1,472,success,10,0.4505,1.3916,0,85.81,11.02,96.0,4.0,85.81,11.02
2026-05-29 03:06:48,none,1,473,success,10,0.7446,1.1687,0,85.84,10.99,96.0,4.0,85.84,10.99
2026-05-29 03:06:53,none,1,474,success,4,0.9973,1.8508,0,85.86,10.97,96.0,4.0,85.86,10.97
2026-05-29 03:06:54,none,1,475,success,1,135.4204,2.3151,0,85.89,10.95,96.0,4.0,85.89,10.95
2026-05-29 03:07:00,none,1,476,success,5,1.1787,1.327,0,85.92,10.92,96.0,4.0,85.92,10.92
2026-05-29 03:07:10,none,1,477,success,10,1.0138,0.806,0,85.95,10.9,96.0,4.0,85.95,10.9
2026-05-29 03:07:16,none,1,478,success,6,0.4122,1.4286,0,85.98,10.88,96.0,4.0,85.98,10.88
2026-05-29 03:07:26,none,1,479,success,10,0.8942,1.0066,0,86.01,10.86,96.0,4.0,86.01,10.86
2026-05-29 03:07:37,none,1,480,success,10,0.9167,0.4613,0,86.04,10.83,96.0,4.0,86.04,10.83
2026-05-29 03:07:47,none,1,481,success,10,1.0636,0.9194,0,86.07,10.81,96.0,4.0,86.07,10.81
2026-05-29 03:08:02,none,1,482,success,16,0.571,0.2976,1,86.1,10.79,96.0,4.0,86.1,10.79
2026-05-29 03:08:12,none,1,483,success,10,0.9639,0.7856,0,86.13,10.77,96.0,4.0,86.13,10.77
2026-05-29 03:08:22,none,1,484,success,11,1.0083,1.0791,0,86.16,10.74,96.0,4.0,86.16,10.74
2026-05-29 03:08:31,none,1,485,success,9,0.9235,0.9106,0,86.19,10.72,97.0,3.0,86.19,10.72
2026-05-29 03:08:39,none,1,486,success,8,0.3901,1.3806,0,86.21,10.7,98.0,2.0,86.21,10.7
2026-05-29 03:08:52,none,1,487,success,14,0.8438,0.8179,0,86.24,10.68,98.0,2.0,86.24,10.68
2026-05-29 03:08:57,none,1,488,success,4,1.2215,1.7892,0,86.27,10.66,98.0,2.0,86.27,10.66
2026-05-29 03:09:05,none,1,489,success,8,1.1798,1.0429,0,86.3,10.63,98.0,2.0,86.3,10.63
2026-05-29 03:09:16,none,1,490,success,12,0.6185,0.74,0,86.33,10.61,98.0,2.0,86.33,10.61
2026-05-29 03:09:29,none,1,491,success,14,0.9373,0.828,0,86.35,10.59,98.0,2.0,86.35,10.59
2026-05-29 03:09:35,none,1,492,success,6,1.1152,1.8575,0,86.38,10.57,98.0,2.0,86.38,10.57
2026-05-29 03:09:42,none,1,493,success,6,1.12,1.417,0,86.41,10.55,98.0,2.0,86.41,10.55
2026-05-29 03:09:56,none,1,494,success,16,0.7985,0.3709,0,86.44,10.53,99.0,1.0,86.44,10.53
2026-05-29 03:10:09,none,1,495,success,14,0.4859,1.4089,0,86.46,10.51,99.0,1.0,86.46,10.51
2026-05-29 03:10:19,none,1,496,success,10,0.738,0.8434,0,86.49,10.48,99.0,1.0,86.49,10.48
2026-05-29 03:10:28,none,1,497,success,11,0.6165,1.0457,0,86.52,10.46,99.0,1.0,86.52,10.46
2026-05-29 03:10:35,none,1,498,success,5,1.8227,2.04,0,86.55,10.44,99.0,1.0,86.55,10.44
2026-05-29 03:10:55,none,1,499,success,22,0.4925,0.3057,0,86.57,10.42,99.0,1.0,86.57,10.42
2026-05-29 03:11:05,none,1,500,success,10,0.9189,0.8782,0,86.6,10.4,99.0,1.0,86.6,10.4
2026-05-29 03:11:13,none,1,501,success,8,0.8157,0.8801,0,86.63,10.38,99.0,1.0,86.8,10.2
2026-05-29 03:11:25,none,1,502,success,15,1.073,1.0326,0,86.65,10.36,99.0,1.0,86.8,10.2
2026-05-29 03:11:38,none,1,503,success,13,0.7517,0.7777,0,86.68,10.34,99.0,1.0,87.0,10.0
2026-05-29 03:11:51,none,1,504,success,14,0.666,1.5092,0,86.71,10.32,99.0,1.0,87.0,10.0
2026-05-29 03:12:03,none,1,505,success,13,0.9618,1.1543,0,86.73,10.3,99.0,1.0,87.2,9.8
2026-05-29 03:12:15,none,1,506,success,11,0.9052,0.9178,0,86.76,10.28,99.0,1.0,87.4,9.6
2026-05-29 03:12:23,none,1,507,success,8,0.9504,0.8034,0,86.79,10.26,99.0,1.0,87.6,9.4
2026-05-29 03:12:33,none,1,508,success,10,0.8879,0.6212,0,86.81,10.24,99.0,1.0,87.8,9.2
2026-05-29 03:12:47,none,1,509,success,16,0.8031,0.6256,0,86.84,10.22,99.0,1.0,88.0,9.2
2026-05-29 03:12:55,none,1,510,success,8,0.7619,1.1612,0,86.86,10.2,99.0,1.0,88.2,9.0
2026-05-29 03:13:01,none,1,511,success,6,0.9841,1.1948,0,86.89,10.18,99.0,1.0,88.4,8.8
2026-05-29 03:13:14,none,1,512,success,14,0.9097,0.8696,0,86.91,10.16,99.0,1.0,88.4,8.8
2026-05-29 03:13:19,none,1,513,success,4,1.0581,1.5979,0,86.94,10.14,99.0,1.0,88.6,8.6
2026-05-29 03:13:29,none,1,514,success,10,1.1547,1.0913,0,86.96,10.12,99.0,1.0,88.8,8.4
2026-05-29 03:13:40,none,1,515,success,12,1.0285,0.7962,0,86.99,10.1,99.0,1.0,89.0,8.2
2026-05-29 03:13:50,none,1,516,success,10,1.0878,1.2174,0,87.02,10.08,99.0,1.0,89.2,8.0
2026-05-29 03:14:03,none,1,517,success,14,0.6514,0.718,0,87.04,10.06,99.0,1.0,89.4,7.8
2026-05-29 03:14:13,none,1,518,success,10,0.7172,1.3184,0,87.07,10.04,99.0,1.0,89.6,7.6
2026-05-29 03:14:23,none,1,519,success,10,0.7541,1.3287,0,87.09,10.02,99.0,1.0,89.8,7.4
2026-05-29 03:14:31,none,1,520,success,8,1.0566,1.1771,0,87.12,10.0,99.0,1.0,90.0,7.2
2026-05-29 03:14:39,none,1,521,success,8,1.0938,1.0542,0,87.14,9.98,99.0,1.0,90.2,7.0
2026-05-29 03:14:47,none,1,522,success,8,1.0479,0.7842,0,87.16,9.96,99.0,1.0,90.2,7.0
2026-05-29 03:15:09,none,1,523,success,24,0.7068,0.2488,4,87.19,9.94,99.0,1.0,90.2,7.0
2026-05-29 03:15:19,none,1,524,success,10,0.9027,1.2623,0,87.21,9.92,99.0,1.0,90.4,6.8
2026-05-29 03:15:32,none,1,525,collision,-1,0.994,0.1988,1,87.05,10.1,98.0,2.0,90.4,6.8
2026-05-29 03:15:39,none,1,526,success,6,1.1579,1.3224,0,87.07,10.08,98.0,2.0,90.6,6.6
2026-05-29 03:15:52,none,1,527,success,14,0.8823,0.5588,0,87.1,10.06,98.0,2.0,90.8,6.6
2026-05-29 03:16:04,none,1,528,success,14,0.6747,0.8265,0,87.12,10.04,98.0,2.0,90.8,6.6
2026-05-29 03:16:16,none,1,529,success,12,0.51,1.0431,0,87.15,10.02,98.0,2.0,91.0,6.4
2026-05-29 03:16:27,none,1,530,success,12,0.8241,0.7519,0,87.17,10.0,98.0,2.0,91.2,6.2
2026-05-29 03:16:35,none,1,531,success,8,1.0411,0.9277,0,87.19,9.98,99.0,1.0,91.4,6.0
2026-05-29 03:16:43,none,1,532,success,8,0.5358,1.3246,0,87.22,9.96,99.0,1.0,91.6,5.8
2026-05-29 03:16:55,none,1,533,success,12,0.79,1.3766,0,87.24,9.94,99.0,1.0,91.8,5.6
2026-05-29 03:17:03,none,1,534,success,8,1.0496,1.0271,0,87.27,9.93,99.0,1.0,92.0,5.4
2026-05-29 03:17:11,none,1,535,success,8,0.8726,1.8478,0,87.29,9.91,99.0,1.0,92.0,5.4
2026-05-29 03:17:19,none,1,536,success,8,1.0595,0.7676,0,87.31,9.89,99.0,1.0,92.0,5.4
2026-05-29 03:17:21,none,1,537,success,1,36.0894,2.3238,0,87.34,9.87,99.0,1.0,92.2,5.4
2026-05-29 03:17:33,none,1,538,success,13,0.4343,1.3313,0,87.36,9.85,99.0,1.0,92.2,5.4
2026-05-29 03:17:38,none,1,539,success,4,1.0677,1.9024,0,87.38,9.83,99.0,1.0,92.2,5.4
2026-05-29 03:17:47,none,1,540,success,8,1.1103,1.2855,0,87.41,9.81,99.0,1.0,92.2,5.4
2026-05-29 03:17:58,none,1,541,success,12,1.0799,0.7955,0,87.43,9.8,99.0,1.0,92.2,5.4
2026-05-29 03:18:08,none,1,542,success,10,0.8318,0.8408,0,87.45,9.78,99.0,1.0,92.2,5.4
2026-05-29 03:18:11,none,1,543,success,2,1.9823,2.1586,0,87.48,9.76,99.0,1.0,92.2,5.4
2026-05-29 03:18:22,none,1,544,success,12,0.7863,0.6169,0,87.5,9.74,99.0,1.0,92.2,5.4
2026-05-29 03:18:31,none,1,545,success,10,0.9272,1.3418,0,87.52,9.72,99.0,1.0,92.2,5.4
2026-05-29 03:18:43,none,1,546,success,12,0.958,0.5861,0,87.55,9.71,99.0,1.0,92.4,5.2
2026-05-29 03:18:54,none,1,547,success,12,0.8428,0.3003,0,87.57,9.69,99.0,1.0,92.6,5.0
2026-05-29 03:19:03,none,1,548,success,8,0.9951,0.7255,0,87.59,9.67,99.0,1.0,92.8,4.8
2026-05-29 03:19:13,none,1,549,success,10,0.9206,0.8867,0,87.61,9.65,99.0,1.0,92.8,4.8
2026-05-29 03:19:24,none,1,550,success,12,0.8635,0.7648,0,87.64,9.64,99.0,1.0,93.0,4.8
2026-05-29 03:19:32,none,1,551,success,8,0.848,1.5644,0,87.66,9.62,99.0,1.0,93.0,4.8
2026-05-29 03:19:45,none,1,552,success,14,0.4626,1.1547,0,87.68,9.6,99.0,1.0,93.0,4.8
2026-05-29 03:19:52,none,1,553,success,6,0.9208,1.9058,0,87.7,9.58,99.0,1.0,93.0,4.8
2026-05-29 03:20:06,none,1,554,success,14,0.777,0.366,0,87.73,9.57,99.0,1.0,93.2,4.8
2026-05-29 03:20:14,none,1,555,success,9,1.0665,0.9903,0,87.75,9.55,99.0,1.0,93.4,4.8
2026-05-29 03:20:23,none,1,556,success,9,0.5771,1.683,0,87.77,9.53,99.0,1.0,93.4,4.8
2026-05-29 03:20:31,none,1,557,success,8,0.6955,1.1098,0,87.79,9.52,99.0,1.0,93.4,4.8
2026-05-29 03:20:37,none,1,558,success,6,1.0451,1.3222,0,87.81,9.5,99.0,1.0,93.4,4.8
2026-05-29 03:20:47,none,1,559,success,10,0.9695,0.8128,0,87.84,9.48,99.0,1.0,93.4,4.8
2026-05-29 03:20:51,none,1,560,success,4,1.0314,1.7302,0,87.86,9.46,99.0,1.0,93.4,4.8
2026-05-29 03:20:58,none,1,561,success,6,0.6751,1.4803,0,87.88,9.45,99.0,1.0,93.4,4.8
2026-05-29 03:21:04,none,1,562,success,6,1.0454,1.7346,0,87.9,9.43,99.0,1.0,93.4,4.8
2026-05-29 03:21:14,none,1,563,success,10,1.1278,1.6616,0,87.92,9.41,99.0,1.0,93.4,4.8
2026-05-29 03:21:22,none,1,564,success,8,0.7982,1.1199,0,87.94,9.4,99.0,1.0,93.4,4.8
2026-05-29 03:21:28,none,1,565,success,6,0.9841,1.1812,0,87.96,9.38,99.0,1.0,93.6,4.6
2026-05-29 03:21:49,none,1,566,success,22,0.0793,1.3156,0,87.99,9.36,99.0,1.0,93.8,4.6
2026-05-29 03:22:03,none,1,567,success,16,0.7978,0.8443,0,88.01,9.35,99.0,1.0,93.8,4.6
2026-05-29 03:22:13,none,1,568,success,10,0.9705,1.2471,0,88.03,9.33,99.0,1.0,93.8,4.6
2026-05-29 03:22:15,none,1,569,success,1,2156.1043,2.3073,0,88.05,9.31,99.0,1.0,93.8,4.6
2026-05-29 03:22:28,none,1,570,success,13,0.5613,1.0058,0,88.07,9.3,99.0,1.0,94.0,4.6
2026-05-29 03:22:41,none,1,571,success,12,0.803,1.7316,0,88.09,9.28,99.0,1.0,94.0,4.6
2026-05-29 03:22:47,none,1,572,success,6,1.0447,1.2567,0,88.11,9.27,99.0,1.0,94.2,4.4
2026-05-29 03:23:08,none,1,573,success,25,0.4903,0.5157,0,88.13,9.25,99.0,1.0,94.2,4.4
2026-05-29 03:23:19,none,1,574,success,9,0.5752,1.2705,0,88.15,9.23,99.0,1.0,94.2,4.4
2026-05-29 03:23:31,none,1,575,success,14,1.0037,0.8646,0,88.17,9.22,99.0,1.0,94.2,4.4
2026-05-29 03:23:40,none,1,576,success,8,0.9131,0.9149,0,88.19,9.2,99.0,1.0,94.2,4.4
2026-05-29 03:23:49,none,1,577,success,10,1.1446,0.9883,0,88.21,9.19,99.0,1.0,94.4,4.2
2026-05-29 03:23:59,none,1,578,success,10,0.5862,1.8357,0,88.24,9.17,99.0,1.0,94.6,4.2
2026-05-29 03:24:09,none,1,579,success,10,0.6631,1.4887,0,88.26,9.15,99.0,1.0,94.8,4.2
2026-05-29 03:24:21,none,1,580,success,12,0.8955,0.5788,0,88.28,9.14,99.0,1.0,94.8,4.2
2026-05-29 03:24:26,none,1,581,success,4,1.1539,1.5719,0,88.3,9.12,99.0,1.0,94.8,4.2
2026-05-29 03:24:37,none,1,582,success,12,1.0217,0.7486,0,88.32,9.11,99.0,1.0,94.8,4.2
2026-05-29 03:24:48,none,1,583,success,12,0.9366,0.5977,0,88.34,9.09,99.0,1.0,95.0,4.2
2026-05-29 03:24:58,none,1,584,success,10,1.142,0.8557,0,88.36,9.08,99.0,1.0,95.2,4.2
2026-05-29 03:25:11,none,1,585,success,14,1.0101,0.4911,0,88.38,9.06,99.0,1.0,95.4,4.2
2026-05-29 03:25:21,none,1,586,success,10,1.0673,1.2112,0,88.4,9.04,99.0,1.0,95.6,4.2
2026-05-29 03:25:36,none,1,587,success,16,0.7555,0.4743,0,88.42,9.03,99.0,1.0,95.8,4.2
2026-05-29 03:25:46,none,1,588,success,11,1.196,1.0723,0,88.44,9.01,99.0,1.0,96.0,4.0
2026-05-29 03:25:53,none,1,589,success,7,1.2489,1.9137,0,88.46,9.0,99.0,1.0,96.0,4.0
2026-05-29 03:26:01,none,1,590,success,8,0.9699,1.2572,0,88.47,8.98,99.0,1.0,96.0,4.0
2026-05-29 03:26:13,none,1,591,success,12,1.0387,0.6437,0,88.49,8.97,99.0,1.0,96.0,4.0
2026-05-29 03:26:26,none,1,592,success,14,0.5841,0.6482,0,88.51,8.95,99.0,1.0,96.0,4.0
2026-05-29 03:26:29,none,1,593,success,2,1.7426,2.0096,0,88.53,8.94,99.0,1.0,96.2,3.8
2026-05-29 03:26:37,none,1,594,success,9,1.1618,0.7947,0,88.55,8.92,99.0,1.0,96.2,3.8
2026-05-29 03:26:50,none,1,595,success,13,0.8846,0.5496,0,88.57,8.91,99.0,1.0,96.2,3.8
2026-05-29 03:27:05,none,1,596,success,16,0.5077,0.8603,0,88.59,8.89,99.0,1.0,96.2,3.8
2026-05-29 03:27:06,none,1,597,success,1,53.6239,2.3231,0,88.61,8.88,99.0,1.0,96.2,3.8
2026-05-29 03:27:17,none,1,598,success,11,0.3195,1.3161,0,88.63,8.86,99.0,1.0,96.2,3.8
2026-05-29 03:27:27,none,1,599,success,11,1.1859,1.1051,0,88.65,8.85,99.0,1.0,96.2,3.8
2026-05-29 03:27:40,none,1,600,success,13,0.8864,1.1162,0,88.67,8.83,99.0,1.0,96.2,3.8
2026-05-29 03:27:52,none,1,601,success,14,1.0085,1.0112,0,88.69,8.82,99.0,1.0,96.2,3.8
2026-05-29 03:28:00,none,1,602,success,8,1.1428,1.0933,0,88.7,8.8,99.0,1.0,96.2,3.8
2026-05-29 03:28:11,none,1,603,success,12,0.8886,0.9315,0,88.72,8.79,99.0,1.0,96.4,3.6
2026-05-29 03:28:18,none,1,604,success,6,1.1438,1.226,0,88.74,8.77,99.0,1.0,96.6,3.4
2026-05-29 03:28:22,none,1,605,success,4,0.9805,1.4846,0,88.76,8.76,99.0,1.0,96.6,3.4
2026-05-29 03:28:27,none,1,606,success,4,1.0509,1.6845,0,88.78,8.75,99.0,1.0,96.6,3.4
2026-05-29 03:28:42,none,1,607,success,16,0.6454,0.5244,0,88.8,8.73,99.0,1.0,96.6,3.4
2026-05-29 03:28:53,none,1,608,success,12,0.8815,0.8908,0,88.82,8.72,99.0,1.0,96.6,3.4
2026-05-29 03:29:01,none,1,609,success,8,1.1699,1.1028,0,88.83,8.7,99.0,1.0,96.6,3.4
2026-05-29 03:29:09,none,1,610,success,8,1.145,0.9245,0,88.85,8.69,99.0,1.0,96.6,3.4
2026-05-29 03:29:24,none,1,611,success,16,0.2076,1.0155,0,88.87,8.67,99.0,1.0,96.6,3.4
2026-05-29 03:29:25,none,1,612,success,1,26.4296,2.3194,0,88.89,8.66,99.0,1.0,96.6,3.4
2026-05-29 03:29:36,none,1,613,success,11,0.813,0.8759,0,88.91,8.65,99.0,1.0,96.6,3.4
2026-05-29 03:29:45,none,1,614,success,8,0.9239,1.1395,0,88.93,8.63,99.0,1.0,96.6,3.4
2026-05-29 03:29:51,none,1,615,success,6,0.9105,1.7631,0,88.94,8.62,99.0,1.0,96.6,3.4
2026-05-29 03:30:03,none,1,616,success,12,0.789,1.2763,0,88.96,8.6,99.0,1.0,96.6,3.4
2026-05-29 03:30:14,none,1,617,success,12,0.8303,0.9667,0,88.98,8.59,99.0,1.0,96.6,3.4
2026-05-29 03:30:28,none,1,618,success,16,0.7066,0.526,0,89.0,8.58,99.0,1.0,96.6,3.4
2026-05-29 03:30:43,none,1,619,success,16,0.7245,0.6284,0,89.01,8.56,99.0,1.0,96.6,3.4
2026-05-29 03:30:52,none,1,620,success,10,1.2198,1.0367,0,89.03,8.55,99.0,1.0,96.6,3.4
2026-05-29 03:30:57,none,1,621,success,4,0.8557,1.5809,0,89.05,8.53,99.0,1.0,96.6,3.4
2026-05-29 03:31:07,none,1,622,success,10,0.7426,1.1463,0,89.07,8.52,99.0,1.0,96.6,3.4
2026-05-29 03:31:20,none,1,623,success,14,0.806,0.9378,0,89.09,8.51,99.0,1.0,96.6,3.4
2026-05-29 03:31:32,none,1,624,success,12,0.9316,0.9829,0,89.1,8.49,99.0,1.0,96.6,3.4
2026-05-29 03:31:43,none,1,625,success,12,0.9251,1.0694,0,89.12,8.48,100.0,0.0,96.6,3.4
2026-05-29 03:31:51,none,1,626,success,8,1.0793,0.8297,0,89.14,8.47,100.0,0.0,96.6,3.4
2026-05-29 03:32:00,none,1,627,success,8,0.9897,1.0641,0,89.15,8.45,100.0,0.0,96.6,3.4
2026-05-29 03:32:07,none,1,628,success,6,1.1316,1.6192,0,89.17,8.44,100.0,0.0,96.6,3.4
2026-05-29 03:32:18,none,1,629,success,12,1.1446,0.9805,0,89.19,8.43,100.0,0.0,96.6,3.4
2026-05-29 03:32:26,none,1,630,success,8,1.1427,1.189,0,89.21,8.41,100.0,0.0,96.6,3.4
2026-05-29 03:32:34,none,1,631,success,8,0.8254,1.0781,0,89.22,8.4,100.0,0.0,96.6,3.4
2026-05-29 03:32:47,none,1,632,success,15,0.7571,0.8512,0,89.24,8.39,100.0,0.0,96.8,3.2
2026-05-29 03:32:57,none,1,633,success,9,1.0488,1.0845,0,89.26,8.37,100.0,0.0,96.8,3.2
2026-05-29 03:33:07,none,1,634,success,10,0.4506,1.3597,0,89.27,8.36,100.0,0.0,96.8,3.2
2026-05-29 03:33:17,none,1,635,success,10,1.0398,0.8336,0,89.29,8.35,100.0,0.0,96.8,3.2
2026-05-29 03:33:28,none,1,636,success,12,0.8121,0.9338,0,89.31,8.33,100.0,0.0,96.8,3.2
2026-05-29 03:33:34,none,1,637,success,6,0.7935,1.2844,0,89.32,8.32,100.0,0.0,96.8,3.2
2026-05-29 03:33:42,none,1,638,success,8,0.3877,1.4138,0,89.34,8.31,100.0,0.0,96.8,3.2
2026-05-29 03:33:50,none,1,639,success,8,0.8962,1.1685,0,89.36,8.29,100.0,0.0,96.8,3.2
2026-05-29 03:34:02,none,1,640,success,12,0.762,0.8443,0,89.38,8.28,100.0,0.0,96.8,3.2
2026-05-29 03:34:13,none,1,641,success,12,0.8226,0.8783,0,89.39,8.27,100.0,0.0,96.8,3.2
2026-05-29 03:34:23,none,1,642,success,10,0.3018,1.3468,0,89.41,8.26,100.0,0.0,96.8,3.2
2026-05-29 03:34:35,none,1,643,success,12,0.8308,1.0722,0,89.42,8.24,100.0,0.0,96.8,3.2
2026-05-29 03:34:36,none,1,644,success,1,115.121,2.3026,0,89.44,8.23,100.0,0.0,96.8,3.2
2026-05-29 03:34:44,none,1,645,success,7,0.8366,1.8398,0,89.46,8.22,100.0,0.0,97.0,3.0
2026-05-29 03:34:55,none,1,646,collision,-1,0.6846,0.1255,1,89.32,8.36,99.0,1.0,96.8,3.2
2026-05-29 03:35:03,none,1,647,success,8,0.2745,1.2969,0,89.34,8.35,99.0,1.0,96.8,3.2
2026-05-29 03:35:11,none,1,648,success,8,1.0963,1.6893,0,89.35,8.33,99.0,1.0,96.8,3.2
2026-05-29 03:35:23,none,1,649,success,12,0.9993,0.5255,0,89.37,8.32,99.0,1.0,96.8,3.2
2026-05-29 03:35:29,none,1,650,success,6,0.5957,1.3948,0,89.38,8.31,99.0,1.0,97.0,3.0
2026-05-29 03:35:43,none,1,651,success,14,0.1799,1.1558,0,89.4,8.29,99.0,1.0,97.0,3.0
2026-05-29 03:35:55,none,1,652,success,12,0.6809,1.2174,0,89.42,8.28,99.0,1.0,97.0,3.0
2026-05-29 03:36:05,none,1,653,success,10,1.1007,0.8777,0,89.43,8.27,99.0,1.0,97.0,3.0
2026-05-29 03:36:18,none,1,654,success,14,0.4683,0.9104,0,89.45,8.26,99.0,1.0,97.0,3.0
2026-05-29 03:36:28,none,1,655,success,10,0.3127,1.8163,0,89.47,8.24,99.0,1.0,97.0,3.0
2026-05-29 03:36:53,none,1,656,success,28,0.5466,0.4446,0,89.48,8.23,99.0,1.0,97.0,3.0
2026-05-29 03:36:57,none,1,657,success,4,1.9513,2.1585,0,89.5,8.22,99.0,1.0,97.0,3.0
2026-05-29 03:37:02,none,1,658,success,4,0.8786,1.6328,0,89.51,8.21,99.0,1.0,97.0,3.0
2026-05-29 03:37:08,none,1,659,success,6,0.5432,1.3828,0,89.53,8.19,99.0,1.0,97.0,3.0
2026-05-29 03:37:18,none,1,660,success,10,1.1299,1.0874,0,89.55,8.18,99.0,1.0,97.0,3.0
2026-05-29 03:37:30,none,1,661,success,12,0.7709,1.0106,0,89.56,8.17,99.0,1.0,97.0,3.0
2026-05-29 03:37:43,none,1,662,success,14,0.9854,0.8862,0,89.58,8.16,99.0,1.0,97.0,3.0
2026-05-29 03:37:54,none,1,663,success,12,0.8685,0.3113,0,89.59,8.14,99.0,1.0,97.0,3.0
2026-05-29 03:38:10,none,1,664,success,18,0.6324,0.494,0,89.61,8.13,99.0,1.0,97.0,3.0
2026-05-29 03:38:20,none,1,665,success,10,0.5142,1.146,0,89.62,8.12,99.0,1.0,97.0,3.0
2026-05-29 03:38:40,none,1,666,success,22,0.5388,0.3808,0,89.64,8.11,99.0,1.0,97.0,3.0
2026-05-29 03:38:50,none,1,667,success,10,0.5251,1.3246,0,89.66,8.1,99.0,1.0,97.0,3.0
2026-05-29 03:39:03,none,1,668,success,14,0.5728,0.6052,0,89.67,8.08,99.0,1.0,97.0,3.0
2026-05-29 03:39:16,none,1,669,success,14,0.7522,0.5376,0,89.69,8.07,99.0,1.0,97.0,3.0
2026-05-29 03:39:27,none,1,670,success,10,0.9958,0.8221,0,89.7,8.06,99.0,1.0,97.0,3.0
2026-05-29 03:39:43,none,1,671,collision,-1,0.4711,0.12,2,89.57,8.2,98.0,2.0,96.8,3.2
2026-05-29 03:39:56,none,1,672,success,14,0.8522,0.7337,0,89.58,8.18,98.0,2.0,96.8,3.2
2026-05-29 03:40:07,none,1,673,success,12,0.8657,0.6844,0,89.6,8.17,98.0,2.0,96.8,3.2
2026-05-29 03:40:20,none,1,674,success,14,0.7235,0.8178,0,89.61,8.16,98.0,2.0,97.0,3.0
2026-05-29 03:40:46,none,1,675,success,30,0.4064,0.317,0,89.63,8.15,98.0,2.0,97.0,3.0
2026-05-29 03:40:56,none,1,676,success,10,0.7216,1.3466,0,89.64,8.14,98.0,2.0,97.0,3.0
2026-05-29 03:41:06,none,1,677,success,10,0.2253,1.3385,0,89.66,8.12,98.0,2.0,97.0,3.0
2026-05-29 03:41:16,none,1,678,success,10,0.7602,1.2797,0,89.68,8.11,98.0,2.0,97.0,3.0
2026-05-29 03:41:26,none,1,679,success,10,0.599,1.3282,0,89.69,8.1,98.0,2.0,97.0,3.0
2026-05-29 03:41:34,none,1,680,success,8,1.236,1.3514,0,89.71,8.09,98.0,2.0,97.0,3.0
2026-05-29 03:41:41,none,1,681,success,6,0.8211,1.5656,0,89.72,8.08,98.0,2.0,97.0,3.0
2026-05-29 03:41:49,none,1,682,success,8,0.9669,0.8889,0,89.74,8.06,98.0,2.0,97.0,3.0
2026-05-29 03:42:00,none,1,683,success,12,0.9565,0.5586,0,89.75,8.05,98.0,2.0,97.0,3.0
2026-05-29 03:42:16,none,1,684,success,19,0.3701,0.8475,0,89.77,8.04,98.0,2.0,97.0,3.0
2026-05-29 03:42:23,none,1,685,success,5,0.8974,1.7377,0,89.78,8.03,98.0,2.0,97.0,3.0
2026-05-29 03:42:31,none,1,686,success,8,0.6382,1.8932,0,89.8,8.02,98.0,2.0,97.0,3.0
2026-05-29 03:42:38,none,1,687,success,6,0.8783,1.1731,0,89.81,8.01,98.0,2.0,97.0,3.0
2026-05-29 03:42:45,none,1,688,success,7,1.187,1.322,0,89.83,7.99,98.0,2.0,97.0,3.0
2026-05-29 03:42:59,none,1,689,success,16,0.8323,0.9899,0,89.84,7.98,98.0,2.0,97.2,2.8
2026-05-29 03:43:14,none,1,690,success,15,0.7806,1.0215,0,89.86,7.97,98.0,2.0,97.2,2.8
2026-05-29 03:43:16,none,1,691,success,1,181.3614,2.3159,0,89.87,7.96,98.0,2.0,97.4,2.6
2026-05-29 03:43:25,none,1,692,success,9,0.3718,1.5177,0,89.88,7.95,98.0,2.0,97.4,2.6
2026-05-29 03:43:33,none,1,693,success,8,0.5003,1.7661,0,89.9,7.94,98.0,2.0,97.4,2.6
2026-05-29 03:43:51,none,1,694,success,20,0.4334,0.4368,0,89.91,7.93,98.0,2.0,97.4,2.6
2026-05-29 03:44:04,none,1,695,success,14,0.4686,1.3725,0,89.93,7.91,98.0,2.0,97.4,2.6
2026-05-29 03:44:14,none,1,696,success,10,0.9248,0.6667,0,89.94,7.9,98.0,2.0,97.4,2.6
2026-05-29 03:44:29,none,1,697,collision,-1,0.7586,0.1845,1,89.81,8.03,97.0,3.0,97.2,2.8
2026-05-29 03:44:56,none,1,698,success,30,0.3718,0.3595,0,89.83,8.02,97.0,3.0,97.2,2.8
2026-05-29 03:45:02,none,1,699,success,6,0.7354,1.1491,0,89.84,8.01,97.0,3.0,97.2,2.8
2026-05-29 03:45:09,none,1,700,success,6,0.6244,1.2563,0,89.86,8.0,97.0,3.0,97.2,2.8
2026-05-29 03:45:15,none,1,701,success,6,0.857,1.464,0,89.87,7.99,97.0,3.0,97.2,2.8
2026-05-29 03:45:25,none,1,702,success,10,0.9489,1.7138,0,89.89,7.98,97.0,3.0,97.2,2.8
2026-05-29 03:45:38,none,1,703,success,14,0.9191,0.572,0,89.9,7.97,97.0,3.0,97.2,2.8
2026-05-29 03:45:49,none,1,704,success,12,1.0156,0.8217,0,89.91,7.95,97.0,3.0,97.2,2.8
2026-05-29 03:46:02,none,1,705,success,14,0.7107,1.0828,0,89.93,7.94,97.0,3.0,97.2,2.8
2026-05-29 03:46:07,none,1,706,success,4,1.5728,2.0532,0,89.94,7.93,97.0,3.0,97.2,2.8
2026-05-29 03:46:18,none,1,707,success,13,1.1827,0.9147,0,89.96,7.92,97.0,3.0,97.2,2.8
2026-05-29 03:46:34,none,1,708,success,17,0.9251,0.8499,0,89.97,7.91,97.0,3.0,97.2,2.8
2026-05-29 03:46:44,none,1,709,success,10,1.0206,1.3067,0,89.99,7.9,97.0,3.0,97.2,2.8
2026-05-29 03:46:50,none,1,710,success,6,0.7558,1.601,0,90.0,7.89,97.0,3.0,97.2,2.8
2026-05-29 03:46:57,none,1,711,success,6,0.7608,1.1681,0,90.01,7.88,97.0,3.0,97.2,2.8
2026-05-29 03:47:10,none,1,712,success,14,0.4875,1.1354,0,90.03,7.87,97.0,3.0,97.2,2.8
2026-05-29 03:47:22,none,1,713,success,12,1.0436,0.6839,0,90.04,7.85,97.0,3.0,97.2,2.8
2026-05-29 03:47:32,none,1,714,success,10,1.1215,1.0606,0,90.06,7.84,97.0,3.0,97.2,2.8
2026-05-29 03:47:39,none,1,715,success,6,1.1444,1.6938,0,90.07,7.83,97.0,3.0,97.2,2.8
2026-05-29 03:47:52,none,1,716,success,14,0.8924,0.8096,0,90.08,7.82,97.0,3.0,97.2,2.8
2026-05-29 03:47:58,none,1,717,success,6,1.4627,1.8462,0,90.1,7.81,97.0,3.0,97.2,2.8
2026-05-29 03:48:06,none,1,718,success,8,0.5294,1.8275,0,90.11,7.8,97.0,3.0,97.2,2.8
2026-05-29 03:48:15,none,1,719,success,10,1.1544,1.0988,0,90.13,7.79,97.0,3.0,97.2,2.8
2026-05-29 03:48:22,none,1,720,success,6,0.8863,1.2596,0,90.14,7.78,97.0,3.0,97.2,2.8
2026-05-29 03:48:30,none,1,721,success,8,0.5227,1.2391,0,90.15,7.77,97.0,3.0,97.2,2.8
2026-05-29 03:48:44,none,1,722,success,17,0.8455,0.5394,0,90.17,7.76,97.0,3.0,97.2,2.8
2026-05-29 03:48:50,none,1,723,success,5,1.0903,1.5208,0,90.18,7.75,97.0,3.0,97.2,2.8
2026-05-29 03:49:07,none,1,724,success,18,0.669,0.6346,0,90.19,7.73,97.0,3.0,97.2,2.8
2026-05-29 03:49:13,none,1,725,success,6,0.7343,1.5079,0,90.21,7.72,97.0,3.0,97.2,2.8
2026-05-29 03:49:24,none,1,726,success,12,0.6768,1.3356,0,90.22,7.71,97.0,3.0,97.2,2.8
2026-05-29 03:49:33,none,1,727,success,10,1.1836,1.2058,0,90.23,7.7,97.0,3.0,97.2,2.8
2026-05-29 03:49:40,none,1,728,success,6,1.0731,1.8661,0,90.25,7.69,97.0,3.0,97.2,2.8
2026-05-29 03:49:53,none,1,729,success,14,0.9643,0.7019,0,90.26,7.68,97.0,3.0,97.2,2.8
2026-05-29 03:50:01,none,1,730,success,8,0.6744,1.4756,0,90.27,7.67,97.0,3.0,97.2,2.8
2026-05-29 03:50:19,none,1,731,success,20,0.4167,0.3922,0,90.29,7.66,97.0,3.0,97.2,2.8
2026-05-29 03:50:27,none,1,732,success,8,0.296,1.5036,0,90.3,7.65,97.0,3.0,97.2,2.8
2026-05-29 03:50:34,none,1,733,success,6,1.0594,1.8058,0,90.31,7.64,97.0,3.0,97.2,2.8
2026-05-29 03:50:41,none,1,734,success,8,1.0126,1.0906,0,90.33,7.63,97.0,3.0,97.2,2.8
2026-05-29 03:50:58,none,1,735,success,18,0.6578,0.8733,0,90.34,7.62,97.0,3.0,97.2,2.8
2026-05-29 03:51:09,none,1,736,success,12,1.1409,0.9162,0,90.35,7.61,97.0,3.0,97.2,2.8
2026-05-29 03:51:19,none,1,737,success,10,0.2323,1.5927,0,90.37,7.6,97.0,3.0,97.2,2.8
2026-05-29 03:51:29,none,1,738,success,10,1.0091,1.1524,0,90.38,7.59,97.0,3.0,97.2,2.8
2026-05-29 03:51:40,none,1,739,success,12,0.904,0.7325,0,90.39,7.58,97.0,3.0,97.2,2.8
2026-05-29 03:51:51,none,1,740,success,12,1.0373,0.9596,0,90.41,7.57,97.0,3.0,97.2,2.8
2026-05-29 03:52:01,none,1,741,success,10,0.9329,1.013,0,90.42,7.56,97.0,3.0,97.2,2.8
2026-05-29 03:52:09,none,1,742,success,8,0.608,1.0645,0,90.43,7.55,97.0,3.0,97.2,2.8
2026-05-29 03:52:24,none,1,743,success,16,0.9819,0.5879,0,90.44,7.54,97.0,3.0,97.2,2.8
2026-05-29 03:52:35,none,1,744,success,12,0.8971,1.2093,0,90.46,7.53,97.0,3.0,97.2,2.8
2026-05-29 03:52:40,none,1,745,success,4,0.555,1.7159,0,90.47,7.52,97.0,3.0,97.4,2.6
2026-05-29 03:52:50,none,1,746,success,10,0.7914,0.9054,0,90.48,7.51,98.0,2.0,97.4,2.6
2026-05-29 03:53:00,none,1,747,success,10,0.9619,0.6095,0,90.5,7.5,98.0,2.0,97.6,2.4
2026-05-29 03:53:15,none,1,748,success,16,0.5624,0.7283,0,90.51,7.49,98.0,2.0,97.6,2.4
2026-05-29 03:53:22,none,1,749,success,6,0.9465,1.4032,0,90.52,7.48,98.0,2.0,97.6,2.4
2026-05-29 03:53:32,none,1,750,success,10,1.0001,1.4145,0,90.53,7.47,98.0,2.0,97.6,2.4
2026-05-29 03:53:45,none,1,751,success,14,0.985,0.695,0,90.55,7.46,98.0,2.0,97.6,2.4
2026-05-29 03:54:01,none,1,752,success,18,0.8236,0.6772,0,90.56,7.45,98.0,2.0,97.6,2.4
2026-05-29 03:54:08,none,1,753,success,6,0.9364,1.3682,0,90.57,7.44,98.0,2.0,97.6,2.4
2026-05-29 03:54:19,none,1,754,success,12,0.6381,1.3597,0,90.58,7.43,98.0,2.0,97.6,2.4
2026-05-29 03:54:30,none,1,755,success,12,0.8747,1.2513,0,90.6,7.42,98.0,2.0,97.6,2.4
2026-05-29 03:54:40,none,1,756,success,11,0.5045,1.5444,0,90.61,7.41,98.0,2.0,97.6,2.4
2026-05-29 03:54:46,none,1,757,success,5,0.5247,1.4455,0,90.62,7.4,98.0,2.0,97.6,2.4
2026-05-29 03:54:54,none,1,758,success,8,0.9704,1.1221,0,90.63,7.39,98.0,2.0,97.6,2.4
2026-05-29 03:55:09,none,1,759,success,16,0.7013,0.9633,0,90.65,7.38,98.0,2.0,97.8,2.2
2026-05-29 03:55:21,none,1,760,success,12,0.2761,1.1908,0,90.66,7.37,98.0,2.0,97.8,2.2
2026-05-29 03:55:36,none,1,761,success,16,0.9274,0.5369,0,90.67,7.36,98.0,2.0,97.8,2.2
2026-05-29 03:55:41,none,1,762,success,5,0.7557,1.6561,0,90.68,7.35,98.0,2.0,97.8,2.2
2026-05-29 03:55:54,none,1,763,success,13,0.9721,0.7844,0,90.69,7.34,98.0,2.0,97.8,2.2
2026-05-29 03:56:00,none,1,764,success,6,0.9727,1.8449,0,90.71,7.33,98.0,2.0,97.8,2.2
2026-05-29 03:56:11,none,1,765,success,12,0.9173,0.9728,0,90.72,7.32,98.0,2.0,97.8,2.2
2026-05-29 03:56:27,none,1,766,success,16,0.6168,0.2765,4,90.73,7.31,98.0,2.0,97.8,2.2
2026-05-29 03:56:43,none,1,767,success,18,0.7335,0.7004,0,90.74,7.3,98.0,2.0,97.8,2.2
2026-05-29 03:56:54,none,1,768,success,12,0.3839,1.3279,0,90.76,7.29,98.0,2.0,97.8,2.2
2026-05-29 03:57:02,none,1,769,success,8,0.4039,1.3663,0,90.77,7.28,98.0,2.0,97.8,2.2
2026-05-29 03:57:20,none,1,770,success,20,0.5796,0.8095,0,90.78,7.27,98.0,2.0,97.8,2.2
2026-05-29 03:57:27,none,1,771,success,6,1.2244,1.4258,0,90.79,7.26,99.0,1.0,97.8,2.2
2026-05-29 03:57:35,none,1,772,success,8,0.6058,1.7368,0,90.8,7.25,99.0,1.0,97.8,2.2
2026-05-29 03:57:46,none,1,773,success,12,0.463,1.2419,0,90.82,7.24,99.0,1.0,97.8,2.2
2026-05-29 03:57:59,none,1,774,success,14,0.8514,0.5545,0,90.83,7.24,99.0,1.0,97.8,2.2
2026-05-29 03:58:08,none,1,775,success,10,0.3772,1.3644,0,90.84,7.23,99.0,1.0,97.8,2.2
2026-05-29 03:58:19,none,1,776,success,12,0.9573,0.5565,0,90.85,7.22,99.0,1.0,97.8,2.2
2026-05-29 03:58:29,none,1,777,success,10,0.7925,1.2956,0,90.86,7.21,99.0,1.0,97.8,2.2
2026-05-29 03:58:43,none,1,778,success,16,0.6435,0.5398,0,90.87,7.2,99.0,1.0,97.8,2.2
2026-05-29 03:58:52,none,1,779,success,9,1.25,1.3794,0,90.89,7.19,99.0,1.0,97.8,2.2
2026-05-29 03:58:55,none,1,780,success,1,24.19,2.3265,0,90.9,7.18,99.0,1.0,97.8,2.2
2026-05-29 03:59:02,none,1,781,success,6,1.2442,1.5946,0,90.91,7.17,99.0,1.0,97.8,2.2
2026-05-29 03:59:10,none,1,782,success,8,0.8008,2.0902,0,90.92,7.16,99.0,1.0,97.8,2.2
2026-05-29 03:59:20,none,1,783,success,10,1.0521,0.7075,0,90.93,7.15,99.0,1.0,97.8,2.2
2026-05-29 03:59:31,none,1,784,success,12,0.878,0.584,0,90.94,7.14,99.0,1.0,97.8,2.2
2026-05-29 03:59:39,none,1,785,success,8,0.5201,1.9278,0,90.96,7.13,99.0,1.0,97.8,2.2
2026-05-29 03:59:43,none,1,786,success,4,1.4736,1.8093,0,90.97,7.12,99.0,1.0,97.8,2.2
2026-05-29 04:00:08,none,1,787,success,28,0.5354,0.5436,0,90.98,7.12,99.0,1.0,97.8,2.2
2026-05-29 04:00:21,none,1,788,success,14,0.8497,0.3416,0,90.99,7.11,99.0,1.0,97.8,2.2
2026-05-29 04:00:29,none,1,789,success,8,0.8665,0.7483,0,91.0,7.1,99.0,1.0,97.8,2.2
2026-05-29 04:00:41,none,1,790,success,12,1.057,0.7475,0,91.01,7.09,99.0,1.0,97.8,2.2
2026-05-29 04:00:51,none,1,791,success,10,0.7875,1.4185,0,91.02,7.08,99.0,1.0,97.8,2.2
2026-05-29 04:00:58,none,1,792,success,8,1.016,0.8662,0,91.04,7.07,99.0,1.0,97.8,2.2
2026-05-29 04:01:05,none,1,793,success,6,1.097,1.1929,0,91.05,7.06,99.0,1.0,97.8,2.2
2026-05-29 04:01:22,none,1,794,success,20,0.6001,0.7531,0,91.06,7.05,99.0,1.0,97.8,2.2
2026-05-29 04:01:37,none,1,795,success,16,0.6713,0.544,0,91.07,7.04,99.0,1.0,97.8,2.2
2026-05-29 04:01:47,none,1,796,success,10,0.766,1.0595,0,91.08,7.04,99.0,1.0,97.8,2.2
2026-05-29 04:02:02,none,1,797,collision,-1,0.6989,0.1756,3,90.97,7.15,99.0,1.0,97.6,2.4
2026-05-29 04:02:19,none,1,798,success,18,0.1315,1.3107,0,90.98,7.14,99.0,1.0,97.6,2.4
2026-05-29 04:02:20,none,1,799,success,1,112.1498,2.3163,0,90.99,7.13,99.0,1.0,97.6,2.4
2026-05-29 04:02:23,none,1,800,success,1,37.3996,2.3245,0,91.0,7.12,99.0,1.0,97.6,2.4
2026-05-29 04:02:41,none,1,801,success,20,0.8115,0.6224,0,91.01,7.12,99.0,1.0,97.6,2.4
2026-05-29 04:02:54,none,1,802,success,14,0.9822,0.6237,0,91.02,7.11,99.0,1.0,97.6,2.4
2026-05-29 04:03:03,none,1,803,success,8,0.511,1.4626,0,91.03,7.1,99.0,1.0,97.6,2.4
2026-05-29 04:03:11,none,1,804,success,8,0.9983,0.6564,0,91.04,7.09,99.0,1.0,97.6,2.4
2026-05-29 04:03:26,none,1,805,success,16,0.4894,0.4512,0,91.06,7.08,99.0,1.0,97.6,2.4
2026-05-29 04:03:47,none,1,806,success,24,0.4479,0.6564,0,91.07,7.07,99.0,1.0,97.6,2.4
2026-05-29 04:03:52,none,1,807,success,4,1.0425,1.7109,0,91.08,7.06,99.0,1.0,97.6,2.4
2026-05-29 04:04:01,none,1,808,success,10,1.1241,0.8801,0,91.09,7.05,99.0,1.0,97.6,2.4
2026-05-29 04:04:14,none,1,809,success,14,0.8514,0.7039,0,91.1,7.05,99.0,1.0,97.6,2.4
2026-05-29 04:04:23,none,1,810,success,10,1.1475,1.3778,0,91.11,7.04,99.0,1.0,97.6,2.4
2026-05-29 04:04:35,none,1,811,success,12,0.8346,0.9747,0,91.12,7.03,99.0,1.0,97.6,2.4
2026-05-29 04:04:42,none,1,812,success,6,1.1672,1.5053,0,91.13,7.02,99.0,1.0,97.6,2.4
2026-05-29 04:04:48,none,1,813,success,6,0.6921,1.3398,0,91.14,7.01,99.0,1.0,97.6,2.4
2026-05-29 04:05:02,none,1,814,success,16,0.6343,0.7128,0,91.15,7.0,99.0,1.0,97.6,2.4
2026-05-29 04:05:04,none,1,815,success,1,21.1152,2.3158,0,91.17,6.99,99.0,1.0,97.6,2.4
2026-05-29 04:05:26,none,1,816,success,25,0.3527,0.6374,0,91.18,6.99,99.0,1.0,97.6,2.4
2026-05-29 04:05:32,none,1,817,success,6,0.6568,1.188,0,91.19,6.98,99.0,1.0,97.6,2.4
2026-05-29 04:05:39,none,1,818,success,6,1.1156,1.4124,0,91.2,6.97,99.0,1.0,97.6,2.4
2026-05-29 04:05:47,none,1,819,success,8,0.589,1.3569,0,91.21,6.96,99.0,1.0,97.6,2.4
2026-05-29 04:05:58,none,1,820,success,12,0.8302,1.0877,0,91.22,6.95,99.0,1.0,97.6,2.4
2026-05-29 04:06:10,none,1,821,success,12,1.1477,0.8262,0,91.23,6.94,99.0,1.0,97.6,2.4
2026-05-29 04:06:16,none,1,822,success,7,1.3502,1.728,0,91.24,6.93,99.0,1.0,97.6,2.4
2026-05-29 04:06:29,none,1,823,success,13,0.6358,1.1509,0,91.25,6.93,99.0,1.0,97.6,2.4
2026-05-29 04:06:39,none,1,824,success,10,0.4013,1.4781,0,91.26,6.92,99.0,1.0,97.6,2.4
2026-05-29 04:06:49,none,1,825,success,10,1.0361,0.7912,0,91.27,6.91,99.0,1.0,97.6,2.4
2026-05-29 04:07:04,none,1,826,success,16,0.9412,0.9779,0,91.28,6.9,99.0,1.0,97.6,2.4
2026-05-29 04:07:12,none,1,827,success,8,0.9217,0.9874,0,91.29,6.89,99.0,1.0,97.6,2.4
2026-05-29 04:07:23,none,1,828,success,12,0.5937,1.4235,0,91.3,6.88,99.0,1.0,97.6,2.4
2026-05-29 04:07:33,none,1,829,success,10,0.6581,0.8944,0,91.31,6.88,99.0,1.0,97.6,2.4
2026-05-29 04:07:38,none,1,830,success,4,1.2259,1.7272,0,91.33,6.87,99.0,1.0,97.6,2.4
2026-05-29 04:07:53,none,1,831,success,16,0.6612,0.6688,0,91.34,6.86,99.0,1.0,97.6,2.4
2026-05-29 04:08:01,none,1,832,success,8,0.8132,1.07,0,91.35,6.85,99.0,1.0,97.6,2.4
2026-05-29 04:08:13,none,1,833,success,12,0.9902,0.7362,0,91.36,6.84,99.0,1.0,97.6,2.4
2026-05-29 04:08:24,none,1,834,success,12,0.6203,1.4946,0,91.37,6.83,99.0,1.0,97.6,2.4
2026-05-29 04:08:34,none,1,835,success,10,0.9248,0.9973,0,91.38,6.83,99.0,1.0,97.6,2.4
2026-05-29 04:08:46,none,1,836,success,13,0.7241,1.4051,0,91.39,6.82,99.0,1.0,97.6,2.4
2026-05-29 04:08:57,none,1,837,success,11,0.983,0.6088,0,91.4,6.81,99.0,1.0,97.6,2.4
2026-05-29 04:09:06,none,1,838,success,10,1.0123,1.1594,0,91.41,6.8,99.0,1.0,97.6,2.4
2026-05-29 04:09:13,none,1,839,success,6,1.2743,1.6241,0,91.42,6.79,99.0,1.0,97.6,2.4
2026-05-29 04:09:24,none,1,840,success,12,0.9562,1.0509,0,91.43,6.79,99.0,1.0,97.6,2.4
2026-05-29 04:09:41,none,1,841,success,18,0.7503,1.0256,0,91.44,6.78,99.0,1.0,97.6,2.4
2026-05-29 04:09:47,none,1,842,success,7,0.8128,1.3742,0,91.45,6.77,99.0,1.0,97.6,2.4
2026-05-29 04:09:50,none,1,843,success,1,104.0093,2.3194,0,91.46,6.76,99.0,1.0,97.6,2.4
2026-05-29 04:10:06,none,1,844,success,18,0.7272,0.9689,0,91.47,6.75,99.0,1.0,97.6,2.4
2026-05-29 04:10:21,none,1,845,success,16,1.0051,0.8129,0,91.48,6.75,99.0,1.0,97.6,2.4
2026-05-29 04:10:36,none,1,846,success,16,0.9114,0.7789,0,91.49,6.74,99.0,1.0,97.6,2.4
2026-05-29 04:10:49,none,1,847,success,14,0.8788,0.4152,0,91.5,6.73,99.0,1.0,97.6,2.4
2026-05-29 04:10:56,none,1,848,success,6,0.5662,1.2712,0,91.51,6.72,99.0,1.0,97.6,2.4
2026-05-29 04:11:05,none,1,849,success,10,0.2764,1.265,0,91.52,6.71,99.0,1.0,97.8,2.2
2026-05-29 04:11:13,none,1,850,success,8,1.0111,1.6763,0,91.53,6.71,99.0,1.0,97.8,2.2
2026-05-29 04:11:25,none,1,851,success,12,0.9035,0.903,0,91.54,6.7,99.0,1.0,97.8,2.2
2026-05-29 04:11:38,none,1,852,success,14,0.5623,1.0459,0,91.55,6.69,99.0,1.0,97.8,2.2
2026-05-29 04:12:02,none,1,853,success,28,0.4892,0.4892,0,91.56,6.68,99.0,1.0,97.8,2.2
2026-05-29 04:12:13,none,1,854,success,12,0.768,0.6419,0,91.57,6.67,99.0,1.0,97.8,2.2
2026-05-29 04:12:15,none,1,855,success,1,102.0348,2.3172,0,91.58,6.67,99.0,1.0,97.8,2.2
2026-05-29 04:12:26,none,1,856,success,12,0.6522,0.8444,0,91.59,6.66,99.0,1.0,97.8,2.2
2026-05-29 04:12:40,none,1,857,success,15,0.7076,1.2188,0,91.6,6.65,99.0,1.0,98.0,2.0
2026-05-29 04:12:49,none,1,858,success,10,0.9336,0.8522,0,91.61,6.64,99.0,1.0,98.0,2.0
2026-05-29 04:13:01,none,1,859,success,12,0.967,1.3501,0,91.62,6.64,99.0,1.0,98.0,2.0
2026-05-29 04:13:13,none,1,860,success,12,0.9582,0.7672,0,91.63,6.63,99.0,1.0,98.0,2.0
2026-05-29 04:13:18,none,1,861,success,4,1.4598,1.9583,0,91.64,6.62,99.0,1.0,98.0,2.0
2026-05-29 04:13:27,none,1,862,success,10,0.5642,1.3048,0,91.65,6.61,99.0,1.0,98.0,2.0
2026-05-29 04:13:37,none,1,863,success,10,0.9077,1.132,0,91.66,6.6,99.0,1.0,98.0,2.0
2026-05-29 04:13:48,none,1,864,success,12,0.5026,1.3723,0,91.67,6.6,99.0,1.0,98.0,2.0
2026-05-29 04:13:49,none,1,865,success,1,216.6733,2.3099,0,91.68,6.59,99.0,1.0,98.0,2.0
2026-05-29 04:13:56,none,1,866,success,5,0.6603,1.4536,0,91.69,6.58,99.0,1.0,98.2,1.8
2026-05-29 04:14:07,none,1,867,success,12,0.9248,0.7116,0,91.7,6.57,99.0,1.0,98.2,1.8
2026-05-29 04:14:13,none,1,868,success,6,0.9921,1.7542,0,91.71,6.57,99.0,1.0,98.2,1.8
2026-05-29 04:14:22,none,1,869,success,8,0.5447,1.9681,0,91.71,6.56,99.0,1.0,98.2,1.8
2026-05-29 04:14:28,none,1,870,success,6,0.9027,1.607,0,91.72,6.55,99.0,1.0,98.2,1.8
2026-05-29 04:14:36,none,1,871,success,8,1.0396,1.5525,0,91.73,6.54,99.0,1.0,98.2,1.8
2026-05-29 04:14:44,none,1,872,success,8,1.1474,1.3059,0,91.74,6.54,99.0,1.0,98.2,1.8
2026-05-29 04:14:54,none,1,873,success,10,0.8268,1.5688,0,91.75,6.53,99.0,1.0,98.2,1.8
2026-05-29 04:15:02,none,1,874,success,8,1.1636,1.4653,0,91.76,6.52,99.0,1.0,98.2,1.8
2026-05-29 04:15:12,none,1,875,success,10,0.9885,1.0258,0,91.77,6.51,99.0,1.0,98.2,1.8
2026-05-29 04:15:20,none,1,876,success,8,0.7573,1.166,0,91.78,6.51,99.0,1.0,98.2,1.8
2026-05-29 04:15:26,none,1,877,success,6,0.8883,1.0536,0,91.79,6.5,99.0,1.0,98.2,1.8
2026-05-29 04:15:36,none,1,878,success,10,0.2907,1.3862,0,91.8,6.49,99.0,1.0,98.2,1.8
2026-05-29 04:15:42,none,1,879,success,6,1.0462,1.852,0,91.81,6.48,99.0,1.0,98.2,1.8
2026-05-29 04:15:57,none,1,880,success,16,0.7962,0.8435,0,91.82,6.48,99.0,1.0,98.2,1.8
2026-05-29 04:16:08,none,1,881,success,12,1.0256,0.7386,0,91.83,6.47,99.0,1.0,98.2,1.8
2026-05-29 04:16:26,none,1,882,success,20,0.5551,0.2383,4,91.84,6.46,99.0,1.0,98.2,1.8
2026-05-29 04:16:39,none,1,883,success,14,0.6424,1.1263,0,91.85,6.46,99.0,1.0,98.2,1.8
2026-05-29 04:16:48,none,1,884,success,10,0.9697,0.6533,0,91.86,6.45,99.0,1.0,98.2,1.8
2026-05-29 04:17:02,none,1,885,success,14,0.975,0.791,0,91.86,6.44,99.0,1.0,98.4,1.6
2026-05-29 04:17:14,none,1,886,success,12,0.6403,0.8424,0,91.87,6.43,99.0,1.0,98.6,1.4
2026-05-29 04:17:22,none,1,887,success,8,1.1172,0.8214,0,91.88,6.43,99.0,1.0,98.6,1.4
2026-05-29 04:17:34,none,1,888,success,12,1.083,0.6712,0,91.89,6.42,99.0,1.0,98.6,1.4
2026-05-29 04:17:48,none,1,889,success,16,0.966,0.4084,0,91.9,6.41,99.0,1.0,98.6,1.4
2026-05-29 04:17:59,none,1,890,success,12,0.85,0.5875,0,91.91,6.4,99.0,1.0,98.6,1.4
2026-05-29 04:18:04,none,1,891,success,5,1.3302,1.3864,0,91.92,6.4,99.0,1.0,98.6,1.4
2026-05-29 04:18:13,none,1,892,success,7,0.9315,1.1891,0,91.93,6.39,99.0,1.0,98.6,1.4
2026-05-29 04:18:26,none,1,893,success,14,0.1547,1.0478,0,91.94,6.38,99.0,1.0,98.6,1.4
2026-05-29 04:18:37,none,1,894,success,12,0.4108,1.6743,0,91.95,6.38,99.0,1.0,98.8,1.2
2026-05-29 04:18:45,none,1,895,success,8,0.8536,0.9961,0,91.96,6.37,99.0,1.0,98.8,1.2
2026-05-29 04:18:55,none,1,896,success,10,0.8787,0.3169,0,91.96,6.36,99.0,1.0,98.8,1.2
2026-05-29 04:19:00,none,1,897,success,4,0.79,1.8594,0,91.97,6.35,100.0,0.0,98.8,1.2
2026-05-29 04:19:13,none,1,898,success,14,0.8932,0.8891,0,91.98,6.35,100.0,0.0,98.8,1.2
2026-05-29 04:19:26,none,1,899,success,14,0.6019,1.1452,0,91.99,6.34,100.0,0.0,98.8,1.2
2026-05-29 04:19:38,none,1,900,success,12,0.7058,0.996,0,92.0,6.33,100.0,0.0,98.8,1.2
2026-05-29 04:19:41,none,1,901,success,2,0.8141,1.927,0,92.01,6.33,100.0,0.0,98.8,1.2
2026-05-29 04:19:49,none,1,902,success,8,1.2806,1.0594,0,92.02,6.32,100.0,0.0,98.8,1.2
2026-05-29 04:20:02,none,1,903,success,14,0.8967,0.6759,0,92.03,6.31,100.0,0.0,98.8,1.2
2026-05-29 04:20:16,none,1,904,success,17,0.9642,0.9438,0,92.04,6.31,100.0,0.0,98.8,1.2
2026-05-29 04:20:31,none,1,905,success,15,0.7623,0.6402,0,92.04,6.3,100.0,0.0,98.8,1.2
2026-05-29 04:20:41,none,1,906,success,10,0.7714,0.8925,0,92.05,6.29,100.0,0.0,98.8,1.2
2026-05-29 04:20:59,none,1,907,success,20,0.1577,1.1702,0,92.06,6.28,100.0,0.0,98.8,1.2
2026-05-29 04:21:13,none,1,908,success,14,0.804,0.4482,0,92.07,6.28,100.0,0.0,98.8,1.2
2026-05-29 04:21:19,none,1,909,success,6,0.9875,1.5656,0,92.08,6.27,100.0,0.0,98.8,1.2
2026-05-29 04:21:27,none,1,910,success,8,0.7439,1.2722,0,92.09,6.26,100.0,0.0,98.8,1.2
2026-05-29 04:21:35,none,1,911,success,8,1.1241,0.7958,0,92.1,6.26,100.0,0.0,98.8,1.2
2026-05-29 04:21:48,none,1,912,success,14,0.937,0.6535,0,92.11,6.25,100.0,0.0,98.8,1.2
2026-05-29 04:21:53,none,1,913,success,4,0.8799,1.7156,0,92.11,6.24,100.0,0.0,98.8,1.2
2026-05-29 04:22:06,none,1,914,success,14,0.9205,0.6654,0,92.12,6.24,100.0,0.0,98.8,1.2
2026-05-29 04:22:19,none,1,915,success,14,0.5669,0.4524,0,92.13,6.23,100.0,0.0,98.8,1.2
2026-05-29 04:22:34,none,1,916,success,16,0.5743,0.9141,0,92.14,6.22,100.0,0.0,98.8,1.2
2026-05-29 04:22:44,none,1,917,success,10,0.506,1.1743,0,92.15,6.22,100.0,0.0,98.8,1.2
2026-05-29 04:22:52,none,1,918,success,8,0.7386,1.2302,0,92.16,6.21,100.0,0.0,98.8,1.2
2026-05-29 04:23:02,none,1,919,success,10,1.0806,0.8723,0,92.17,6.2,100.0,0.0,98.8,1.2
2026-05-29 04:23:09,none,1,920,success,6,1.2408,1.4909,0,92.17,6.2,100.0,0.0,98.8,1.2
2026-05-29 04:23:20,none,1,921,success,12,0.8117,0.9747,0,92.18,6.19,100.0,0.0,98.8,1.2
2026-05-29 04:23:30,none,1,922,success,10,0.8022,0.9817,0,92.19,6.18,100.0,0.0,98.8,1.2
2026-05-29 04:23:35,none,1,923,success,4,1.3182,1.6963,0,92.2,6.18,100.0,0.0,98.8,1.2
2026-05-29 04:23:45,none,1,924,success,10,0.9585,0.8558,0,92.21,6.17,100.0,0.0,98.8,1.2
2026-05-29 04:23:51,none,1,925,success,6,0.8398,1.107,0,92.22,6.16,100.0,0.0,98.8,1.2
2026-05-29 04:23:58,none,1,926,success,6,1.0956,1.3324,0,92.22,6.16,100.0,0.0,98.8,1.2
2026-05-29 04:23:59,none,1,927,success,1,47.6953,2.3148,0,92.23,6.15,100.0,0.0,98.8,1.2
2026-05-29 04:24:14,none,1,928,success,15,0.7001,0.6209,0,92.24,6.14,100.0,0.0,98.8,1.2
2026-05-29 04:24:27,none,1,929,success,15,0.9139,0.8723,0,92.25,6.14,100.0,0.0,98.8,1.2
2026-05-29 04:24:42,none,1,930,success,15,0.6735,1.0746,0,92.26,6.13,100.0,0.0,98.8,1.2
2026-05-29 04:24:53,none,1,931,success,12,1.0252,0.7163,0,92.27,6.12,100.0,0.0,99.0,1.0
2026-05-29 04:24:59,none,1,932,success,6,1.2373,1.1285,0,92.27,6.12,100.0,0.0,99.0,1.0
2026-05-29 04:25:10,none,1,933,success,12,0.9502,0.8191,0,92.28,6.11,100.0,0.0,99.0,1.0
2026-05-29 04:25:17,none,1,934,success,6,1.6394,2.056,0,92.29,6.1,100.0,0.0,99.0,1.0
2026-05-29 04:25:31,none,1,935,success,16,0.936,0.5941,0,92.3,6.1,100.0,0.0,99.0,1.0
2026-05-29 04:25:42,none,1,936,success,10,1.1101,1.0158,0,92.31,6.09,100.0,0.0,99.0,1.0
2026-05-29 04:25:54,none,1,937,success,14,0.8926,0.8192,0,92.32,6.08,100.0,0.0,99.0,1.0
2026-05-29 04:26:03,none,1,938,success,8,0.4013,1.8061,0,92.32,6.08,100.0,0.0,99.0,1.0
2026-05-29 04:26:08,none,1,939,success,4,0.9099,1.5463,0,92.33,6.07,100.0,0.0,99.0,1.0
2026-05-29 04:26:19,none,1,940,success,12,0.989,0.6719,0,92.34,6.06,100.0,0.0,99.0,1.0
2026-05-29 04:26:29,none,1,941,success,10,1.08,0.6639,0,92.35,6.06,100.0,0.0,99.0,1.0
2026-05-29 04:26:39,none,1,942,success,10,0.9286,0.8868,0,92.36,6.05,100.0,0.0,99.0,1.0
2026-05-29 04:26:51,none,1,943,success,12,1.0003,0.9877,0,92.36,6.04,100.0,0.0,99.0,1.0
2026-05-29 04:27:04,none,1,944,success,14,0.6958,1.2477,0,92.37,6.04,100.0,0.0,99.0,1.0
2026-05-29 04:27:15,none,1,945,success,12,0.9408,0.5444,0,92.38,6.03,100.0,0.0,99.0,1.0
2026-05-29 04:27:20,none,1,946,success,4,0.978,1.7758,0,92.39,6.03,100.0,0.0,99.0,1.0
2026-05-29 04:27:29,none,1,947,success,10,0.4161,1.3447,0,92.4,6.02,100.0,0.0,99.0,1.0
2026-05-29 04:27:44,none,1,948,success,16,0.6676,0.3288,0,92.41,6.01,100.0,0.0,99.0,1.0
2026-05-29 04:27:57,none,1,949,success,14,0.8375,0.6871,0,92.41,6.01,100.0,0.0,99.0,1.0
2026-05-29 04:28:10,none,1,950,success,14,0.769,0.4339,0,92.42,6.0,100.0,0.0,99.0,1.0
2026-05-29 04:28:20,none,1,951,success,10,1.1191,1.5075,0,92.43,5.99,100.0,0.0,99.0,1.0
2026-05-29 04:28:28,none,1,952,success,8,0.9277,1.0635,0,92.44,5.99,100.0,0.0,99.0,1.0
2026-05-29 04:28:40,none,1,953,success,12,1.0509,1.0361,0,92.44,5.98,100.0,0.0,99.0,1.0
2026-05-29 04:28:50,none,1,954,success,10,0.8086,1.418,0,92.45,5.97,100.0,0.0,99.0,1.0
2026-05-29 04:28:58,none,1,955,success,8,0.7083,1.0426,0,92.46,5.97,100.0,0.0,99.0,1.0
2026-05-29 04:29:06,none,1,956,success,8,0.8651,0.6864,0,92.47,5.96,100.0,0.0,99.0,1.0
2026-05-29 04:29:12,none,1,957,success,6,0.7356,1.4194,0,92.48,5.96,100.0,0.0,99.0,1.0
2026-05-29 04:29:22,none,1,958,success,10,0.2831,1.3956,0,92.48,5.95,100.0,0.0,99.0,1.0
2026-05-29 04:29:29,none,1,959,success,7,0.9629,1.1731,0,92.49,5.94,100.0,0.0,99.0,1.0
2026-05-29 04:29:40,none,1,960,success,11,0.3544,1.334,0,92.5,5.94,100.0,0.0,99.0,1.0
2026-05-29 04:29:42,none,1,961,success,1,315.4391,2.3155,0,92.51,5.93,100.0,0.0,99.0,1.0
2026-05-29 04:29:52,none,1,962,success,9,0.7367,0.9443,0,92.52,5.93,100.0,0.0,99.0,1.0
2026-05-29 04:30:03,none,1,963,success,12,0.7308,1.1641,0,92.52,5.92,100.0,0.0,99.0,1.0
2026-05-29 04:30:11,none,1,964,success,8,1.0284,1.232,0,92.53,5.91,100.0,0.0,99.0,1.0
2026-05-29 04:30:24,none,1,965,success,14,0.6709,0.7555,0,92.54,5.91,100.0,0.0,99.0,1.0
2026-05-29 04:30:33,none,1,966,success,10,0.5741,1.1192,0,92.55,5.9,100.0,0.0,99.0,1.0
2026-05-29 04:30:38,none,1,967,success,4,2.2373,2.1116,0,92.55,5.89,100.0,0.0,99.0,1.0
2026-05-29 04:30:39,none,1,968,success,1,71.8705,2.3192,0,92.56,5.89,100.0,0.0,99.0,1.0
2026-05-29 04:30:50,none,1,969,success,11,0.4802,1.5424,0,92.57,5.88,100.0,0.0,99.0,1.0
2026-05-29 04:30:56,none,1,970,success,4,0.8797,1.6042,0,92.58,5.88,100.0,0.0,99.0,1.0
2026-05-29 04:31:03,none,1,971,success,8,1.3071,1.5061,0,92.58,5.87,100.0,0.0,99.0,1.0
2026-05-29 04:31:13,none,1,972,success,10,0.916,0.7374,0,92.59,5.86,100.0,0.0,99.0,1.0
2026-05-29 04:31:23,none,1,973,success,10,0.6257,1.3977,0,92.6,5.86,100.0,0.0,99.0,1.0
2026-05-29 04:31:38,none,1,974,success,16,0.5565,0.5551,0,92.61,5.85,100.0,0.0,99.0,1.0
2026-05-29 04:31:47,none,1,975,success,10,1.128,0.752,0,92.62,5.85,100.0,0.0,99.0,1.0
2026-05-29 04:31:52,none,1,976,success,4,1.0499,1.6,0,92.62,5.84,100.0,0.0,99.0,1.0
2026-05-29 04:32:08,none,1,977,success,18,0.563,0.6068,0,92.63,5.83,100.0,0.0,99.0,1.0
2026-05-29 04:32:14,none,1,978,success,6,0.6668,1.7852,0,92.64,5.83,100.0,0.0,99.0,1.0
2026-05-29 04:32:15,none,1,979,success,1,24.5548,2.3229,0,92.65,5.82,100.0,0.0,99.0,1.0
2026-05-29 04:32:32,none,1,980,success,17,0.6559,0.6426,0,92.65,5.82,100.0,0.0,99.0,1.0
2026-05-29 04:32:44,none,1,981,success,10,1.0532,0.964,0,92.66,5.81,100.0,0.0,99.0,1.0
2026-05-29 04:32:55,none,1,982,success,12,0.6041,1.2606,0,92.67,5.8,100.0,0.0,99.0,1.0
2026-05-29 04:33:05,none,1,983,success,10,1.1552,1.0297,0,92.68,5.8,100.0,0.0,99.0,1.0
2026-05-29 04:33:19,none,1,984,collision,-1,0.8763,0.1233,3,92.58,5.89,99.0,1.0,98.8,1.2
2026-05-29 04:33:24,none,1,985,success,4,1.1502,1.5792,0,92.59,5.89,99.0,1.0,98.8,1.2
2026-05-29 04:33:32,none,1,986,success,8,0.8646,1.2505,0,92.6,5.88,99.0,1.0,98.8,1.2
2026-05-29 04:33:43,none,1,987,success,10,0.8915,1.0825,0,92.6,5.88,99.0,1.0,98.8,1.2
2026-05-29 04:33:52,none,1,988,success,10,0.8433,0.9957,0,92.61,5.87,99.0,1.0,98.8,1.2
2026-05-29 04:34:05,none,1,989,success,14,0.7466,0.725,0,92.62,5.86,99.0,1.0,98.8,1.2
2026-05-29 04:34:16,none,1,990,success,12,0.4071,0.9258,0,92.63,5.86,99.0,1.0,98.8,1.2
2026-05-29 04:34:28,none,1,991,success,12,1.0169,0.5254,0,92.63,5.85,99.0,1.0,98.8,1.2
2026-05-29 04:34:34,none,1,992,success,6,0.7344,1.3436,0,92.64,5.85,99.0,1.0,98.8,1.2
2026-05-29 04:34:40,none,1,993,success,6,1.0962,1.1074,0,92.65,5.84,99.0,1.0,98.8,1.2
2026-05-29 04:34:50,none,1,994,success,10,1.226,1.0593,0,92.66,5.84,99.0,1.0,98.8,1.2
2026-05-29 04:35:02,none,1,995,success,12,0.9519,0.5867,0,92.66,5.83,99.0,1.0,98.8,1.2
2026-05-29 04:35:13,none,1,996,success,12,0.9074,0.3914,0,92.67,5.82,99.0,1.0,98.8,1.2
2026-05-29 04:35:14,none,1,997,success,1,97.1903,2.3178,0,92.68,5.82,99.0,1.0,98.8,1.2
2026-05-29 04:35:24,none,1,998,success,9,1.1411,0.8991,0,92.69,5.81,99.0,1.0,98.8,1.2
2026-05-29 04:35:34,none,1,999,success,10,0.91,1.1715,0,92.69,5.81,99.0,1.0,98.8,1.2
2026-05-29 04:35:37,none,1,1000,success,2,0.8822,1.9598,0,92.7,5.8,99.0,1.0,98.8,1.2
2026-05-29 04:35:45,none,1,1001,success,8,0.464,1.3296,0,92.71,5.79,99.0,1.0,98.8,1.2
2026-05-29 04:36:01,none,1,1002,success,18,0.7848,0.3873,0,92.71,5.79,99.0,1.0,98.8,1.2
2026-05-29 04:36:11,none,1,1003,success,10,0.926,0.9436,0,92.72,5.78,99.0,1.0,98.8,1.2
2026-05-29 04:36:23,none,1,1004,success,12,1.0294,0.8201,0,92.73,5.78,99.0,1.0,98.8,1.2
2026-05-29 04:36:34,none,1,1005,success,12,0.4598,1.2898,0,92.74,5.77,99.0,1.0,98.8,1.2
2026-05-29 04:36:39,none,1,1006,success,4,1.199,1.8337,0,92.74,5.77,99.0,1.0,98.8,1.2
2026-05-29 04:36:50,none,1,1007,success,13,1.0521,1.1943,0,92.75,5.76,99.0,1.0,98.8,1.2
2026-05-29 04:36:53,none,1,1008,success,1,51.5698,2.3257,0,92.76,5.75,99.0,1.0,98.8,1.2
2026-05-29 04:37:03,none,1,1009,success,10,0.9218,0.9475,0,92.77,5.75,99.0,1.0,98.8,1.2
2026-05-29 04:37:13,none,1,1010,success,10,0.9109,0.7493,0,92.77,5.74,99.0,1.0,98.8,1.2
2026-05-29 04:37:19,none,1,1011,success,6,1.3916,1.8763,0,92.78,5.74,99.0,1.0,98.8,1.2
2026-05-29 04:37:24,none,1,1012,success,4,1.1492,1.7173,0,92.79,5.73,99.0,1.0,98.8,1.2
2026-05-29 04:37:39,none,1,1013,success,16,0.4372,1.1538,0,92.79,5.73,99.0,1.0,98.8,1.2
2026-05-29 04:37:52,none,1,1014,success,14,0.4155,1.3189,0,92.8,5.72,99.0,1.0,98.8,1.2
2026-05-29 04:37:59,none,1,1015,success,6,0.3586,1.3904,0,92.81,5.71,99.0,1.0,98.8,1.2
2026-05-29 04:38:07,none,1,1016,success,8,0.9602,1.7467,0,92.81,5.71,99.0,1.0,98.8,1.2
2026-05-29 04:38:22,none,1,1017,success,18,0.8347,0.3399,0,92.82,5.7,99.0,1.0,98.8,1.2
2026-05-29 04:38:29,none,1,1018,success,6,0.9156,1.1649,0,92.83,5.7,99.0,1.0,98.8,1.2
2026-05-29 04:38:37,none,1,1019,success,8,1.0695,1.0179,0,92.84,5.69,99.0,1.0,98.8,1.2
2026-05-29 04:38:43,none,1,1020,success,6,1.1654,1.8423,0,92.84,5.69,99.0,1.0,98.8,1.2
2026-05-29 04:38:54,none,1,1021,success,12,0.2751,1.3565,0,92.85,5.68,99.0,1.0,98.8,1.2
2026-05-29 04:39:04,none,1,1022,success,10,0.9706,0.758,0,92.86,5.68,99.0,1.0,98.8,1.2
2026-05-29 04:39:12,none,1,1023,success,8,0.8636,1.1988,0,92.86,5.67,99.0,1.0,98.8,1.2
2026-05-29 04:39:21,none,1,1024,success,10,0.9873,0.9199,0,92.87,5.66,99.0,1.0,98.8,1.2
2026-05-29 04:39:34,none,1,1025,success,14,0.9425,0.3625,0,92.88,5.66,99.0,1.0,99.0,1.0
2026-05-29 04:39:43,none,1,1026,success,8,0.8312,1.2425,0,92.88,5.65,99.0,1.0,99.0,1.0
2026-05-29 04:39:47,none,1,1027,success,4,0.7391,1.59,0,92.89,5.65,99.0,1.0,99.0,1.0
2026-05-29 04:40:00,none,1,1028,success,14,0.7779,0.7663,0,92.9,5.64,99.0,1.0,99.0,1.0
2026-05-29 04:40:06,none,1,1029,success,6,0.8393,1.3655,0,92.91,5.64,99.0,1.0,99.0,1.0
2026-05-29 04:40:27,none,1,1030,success,24,0.1949,0.962,0,92.91,5.63,99.0,1.0,99.0,1.0
2026-05-29 04:40:39,none,1,1031,success,12,0.9744,0.5714,0,92.92,5.63,99.0,1.0,99.0,1.0
2026-05-29 04:40:54,none,1,1032,success,16,0.8737,0.5893,0,92.93,5.62,99.0,1.0,99.0,1.0
2026-05-29 04:41:03,none,1,1033,success,10,1.0402,1.1051,0,92.93,5.61,99.0,1.0,99.0,1.0
2026-05-29 04:41:14,none,1,1034,success,10,0.7792,1.522,0,92.94,5.61,99.0,1.0,99.0,1.0
2026-05-29 04:41:22,none,1,1035,success,8,0.7951,0.6702,0,92.95,5.6,99.0,1.0,99.0,1.0
2026-05-29 04:41:31,none,1,1036,success,8,0.9987,0.7507,0,92.95,5.6,99.0,1.0,99.0,1.0
2026-05-29 04:41:40,none,1,1037,success,10,1.0652,1.1657,0,92.96,5.59,99.0,1.0,99.0,1.0
2026-05-29 04:41:51,none,1,1038,success,10,0.7296,0.5738,0,92.97,5.59,99.0,1.0,99.0,1.0
2026-05-29 04:41:54,none,1,1039,success,2,1.3471,1.9926,0,92.97,5.58,99.0,1.0,99.0,1.0
2026-05-29 04:42:15,none,1,1040,success,24,0.6346,0.4051,0,92.98,5.58,99.0,1.0,99.0,1.0
2026-05-29 04:42:30,none,1,1041,success,16,0.9651,0.8042,0,92.99,5.57,99.0,1.0,99.0,1.0
2026-05-29 04:42:38,none,1,1042,success,8,1.1385,1.2266,0,92.99,5.57,99.0,1.0,99.0,1.0
2026-05-29 04:42:47,none,1,1043,success,10,0.608,1.3888,0,93.0,5.56,99.0,1.0,99.0,1.0
2026-05-29 04:42:57,none,1,1044,success,10,0.7542,0.591,0,93.01,5.56,99.0,1.0,99.0,1.0
2026-05-29 04:43:08,none,1,1045,success,10,0.767,1.1866,0,93.01,5.55,99.0,1.0,99.0,1.0
2026-05-29 04:43:21,none,1,1046,success,14,0.6123,1.544,0,93.02,5.54,99.0,1.0,99.0,1.0
2026-05-29 04:43:31,none,1,1047,success,10,0.9508,1.5412,0,93.03,5.54,99.0,1.0,99.0,1.0
2026-05-29 04:43:42,none,1,1048,success,13,0.846,1.1532,0,93.03,5.53,99.0,1.0,99.0,1.0
2026-05-29 04:43:52,none,1,1049,success,9,1.2571,1.2114,0,93.04,5.53,99.0,1.0,99.0,1.0
2026-05-29 04:44:05,none,1,1050,success,14,0.9978,0.6518,0,93.05,5.52,99.0,1.0,99.0,1.0
2026-05-29 04:44:17,none,1,1051,success,12,0.9776,0.5064,0,93.05,5.52,99.0,1.0,99.0,1.0
2026-05-29 04:44:18,none,1,1052,success,1,146.6411,2.3176,0,93.06,5.51,99.0,1.0,99.0,1.0
2026-05-29 04:44:39,none,1,1053,success,21,0.6997,0.9926,0,93.07,5.51,99.0,1.0,99.0,1.0
2026-05-29 05:12:54,none,1,1054,success,13,1.0857,0.7746,0,93.07,5.5,99.0,1.0,99.0,1.0
2026-05-29 05:13:04,none,1,1055,success,9,1.0282,1.852,0,93.08,5.5,99.0,1.0,99.0,1.0
2026-05-29 05:13:14,none,1,1056,success,10,0.8496,0.6155,0,93.09,5.49,99.0,1.0,99.0,1.0
2026-05-29 05:13:22,none,1,1057,success,8,0.6353,1.3698,0,93.09,5.49,99.0,1.0,99.0,1.0
2026-05-29 05:13:28,none,1,1058,success,6,0.9303,1.2159,0,93.1,5.48,99.0,1.0,99.0,1.0
2026-05-29 05:13:39,none,1,1059,success,12,0.9096,0.9437,0,93.11,5.48,99.0,1.0,99.0,1.0
2026-05-29 05:13:49,none,1,1060,success,11,0.5477,1.4397,0,93.11,5.47,99.0,1.0,99.0,1.0
2026-05-29 05:14:00,none,1,1061,success,11,1.0942,1.1508,0,93.12,5.47,99.0,1.0,99.0,1.0
2026-05-29 05:14:02,none,1,1062,success,1,2161.6346,2.309,0,93.13,5.46,99.0,1.0,99.0,1.0
2026-05-29 05:14:12,none,1,1063,success,9,1.1165,0.7256,0,93.13,5.46,99.0,1.0,99.0,1.0
2026-05-29 05:14:20,none,1,1064,success,8,0.694,1.4596,0,93.14,5.45,99.0,1.0,99.0,1.0
2026-05-29 05:14:39,none,1,1065,success,20,0.6876,0.7004,0,93.15,5.45,99.0,1.0,99.0,1.0
2026-05-29 05:14:48,none,1,1066,success,10,0.3699,1.3918,0,93.15,5.44,99.0,1.0,99.0,1.0
2026-05-29 05:14:54,none,1,1067,success,6,0.8455,1.2886,0,93.16,5.44,99.0,1.0,99.0,1.0
2026-05-29 05:15:05,none,1,1068,success,10,0.9429,0.773,0,93.16,5.43,99.0,1.0,99.0,1.0
2026-05-29 05:15:13,none,1,1069,success,8,0.5201,1.5346,0,93.17,5.43,99.0,1.0,99.0,1.0
2026-05-29 05:15:21,none,1,1070,success,8,0.2402,1.3442,0,93.18,5.42,99.0,1.0,99.0,1.0
2026-05-29 05:15:31,none,1,1071,success,10,0.8518,0.5961,0,93.18,5.42,99.0,1.0,99.0,1.0
2026-05-29 05:15:38,none,1,1072,success,6,0.9526,1.381,0,93.19,5.41,99.0,1.0,99.0,1.0
2026-05-29 05:15:41,none,1,1073,success,2,1.0803,1.9196,0,93.2,5.41,99.0,1.0,99.0,1.0
2026-05-29 05:15:46,none,1,1074,success,4,0.9298,1.9432,0,93.2,5.4,99.0,1.0,99.0,1.0
2026-05-29 05:15:53,none,1,1075,success,6,0.9649,1.3083,0,93.21,5.4,99.0,1.0,99.0,1.0
2026-05-29 05:16:08,none,1,1076,success,16,0.7423,0.4452,0,93.22,5.39,99.0,1.0,99.0,1.0
2026-05-29 05:16:14,none,1,1077,success,6,0.7325,1.3421,0,93.22,5.39,99.0,1.0,99.0,1.0
2026-05-29 05:16:16,none,1,1078,success,1,4297.3569,2.3171,0,93.23,5.38,99.0,1.0,99.0,1.0
2026-05-29 05:16:24,none,1,1079,success,7,0.7882,1.1781,0,93.23,5.38,99.0,1.0,99.0,1.0
2026-05-29 05:16:34,none,1,1080,success,10,1.1216,0.9189,0,93.24,5.37,99.0,1.0,99.0,1.0
2026-05-29 05:16:49,none,1,1081,success,16,0.6936,0.5822,0,93.25,5.37,99.0,1.0,99.0,1.0
2026-05-29 05:16:59,none,1,1082,success,10,0.72,1.5159,0,93.25,5.36,99.0,1.0,99.0,1.0
2026-05-29 05:17:10,none,1,1083,success,12,1.1324,1.1319,0,93.26,5.36,99.0,1.0,99.0,1.0
2026-05-29 05:17:22,none,1,1084,success,12,0.6414,0.9017,0,93.27,5.35,100.0,0.0,99.0,1.0
2026-05-29 05:17:32,none,1,1085,success,10,1.1512,0.9822,0,93.27,5.35,100.0,0.0,99.0,1.0
2026-05-29 05:17:41,none,1,1086,success,8,0.9324,1.311,0,93.28,5.34,100.0,0.0,99.0,1.0
2026-05-29 05:17:50,none,1,1087,success,10,1.0117,1.3186,0,93.28,5.34,100.0,0.0,99.0,1.0
2026-05-29 05:18:02,none,1,1088,success,12,0.7784,1.2772,0,93.29,5.33,100.0,0.0,99.0,1.0
2026-05-29 05:18:10,none,1,1089,success,8,1.0176,0.9139,0,93.3,5.33,100.0,0.0,99.0,1.0
2026-05-29 05:18:13,none,1,1090,success,2,1.6561,1.8662,0,93.3,5.32,100.0,0.0,99.0,1.0
2026-05-29 05:18:20,none,1,1091,success,6,1.1533,1.2791,0,93.31,5.32,100.0,0.0,99.0,1.0
2026-05-29 05:18:29,none,1,1092,success,10,0.8833,0.3397,0,93.32,5.31,100.0,0.0,99.0,1.0
2026-05-29 05:18:31,none,1,1093,success,1,84.4761,2.3171,0,93.32,5.31,100.0,0.0,99.0,1.0
2026-05-29 05:18:44,none,1,1094,success,13,0.8445,0.5906,0,93.33,5.3,100.0,0.0,99.0,1.0
2026-05-29 05:18:49,none,1,1095,success,4,1.4324,1.8511,0,93.33,5.3,100.0,0.0,99.0,1.0
2026-05-29 05:18:54,none,1,1096,success,4,1.1391,1.6079,0,93.34,5.29,100.0,0.0,99.0,1.0
2026-05-29 05:19:02,none,1,1097,success,8,1.0148,0.9976,0,93.35,5.29,100.0,0.0,99.0,1.0
2026-05-29 05:19:15,none,1,1098,success,14,1.0229,0.9302,0,93.35,5.28,100.0,0.0,99.0,1.0
2026-05-29 05:19:20,none,1,1099,success,4,0.9208,1.6861,0,93.36,5.28,100.0,0.0,99.0,1.0
2026-05-29 05:19:21,none,1,1100,success,1,149.309,2.3122,0,93.36,5.27,100.0,0.0,99.0,1.0
2026-05-29 05:19:33,none,1,1101,success,11,0.8811,0.4231,0,93.37,5.27,100.0,0.0,99.0,1.0
2026-05-29 05:19:44,none,1,1102,success,10,0.7249,0.7418,0,93.38,5.26,100.0,0.0,99.0,1.0
2026-05-29 05:19:50,none,1,1103,success,6,1.0582,1.5249,0,93.38,5.26,100.0,0.0,99.0,1.0
2026-05-29 05:20:01,none,1,1104,success,10,0.4665,1.2346,0,93.39,5.25,100.0,0.0,99.0,1.0
2026-05-29 05:20:04,none,1,1105,success,2,1.913,2.0455,0,93.39,5.25,100.0,0.0,99.0,1.0
2026-05-29 05:20:14,none,1,1106,success,10,0.9222,0.6483,0,93.4,5.24,100.0,0.0,99.0,1.0
2026-05-29 05:20:23,none,1,1107,success,8,0.8554,1.0487,0,93.41,5.24,100.0,0.0,99.0,1.0
2026-05-29 05:20:34,none,1,1108,success,12,1.0743,1.249,0,93.41,5.23,100.0,0.0,99.0,1.0
2026-05-29 05:20:45,none,1,1109,success,10,0.6335,1.0685,0,93.42,5.23,100.0,0.0,99.0,1.0
2026-05-29 05:20:53,none,1,1110,success,8,1.071,1.0266,0,93.42,5.23,100.0,0.0,99.0,1.0
2026-05-29 05:21:05,none,1,1111,success,12,0.9742,0.9709,0,93.43,5.22,100.0,0.0,99.0,1.0
2026-05-29 05:21:11,none,1,1112,success,6,1.1751,1.4774,0,93.44,5.22,100.0,0.0,99.0,1.0
2026-05-29 05:21:20,none,1,1113,success,8,1.0996,1.2817,0,93.44,5.21,100.0,0.0,99.0,1.0
2026-05-29 05:21:28,none,1,1114,success,8,0.6202,1.0191,0,93.45,5.21,100.0,0.0,99.0,1.0
2026-05-29 05:21:39,none,1,1115,success,10,0.9193,1.2884,0,93.45,5.2,100.0,0.0,99.0,1.0
2026-05-29 05:21:49,none,1,1116,success,10,1.0988,1.3894,0,93.46,5.2,100.0,0.0,99.0,1.0
2026-05-29 05:21:50,none,1,1117,success,1,303.5977,2.3179,0,93.46,5.19,100.0,0.0,99.0,1.0
2026-05-29 05:22:06,none,1,1118,success,15,0.6774,0.5615,0,93.47,5.19,100.0,0.0,99.0,1.0
2026-05-29 05:22:14,none,1,1119,success,8,1.2263,1.877,0,93.48,5.18,100.0,0.0,99.0,1.0
2026-05-29 05:22:22,none,1,1120,success,6,0.6241,1.5175,0,93.48,5.18,100.0,0.0,99.0,1.0
2026-05-29 05:22:31,none,1,1121,success,10,0.2115,1.4811,0,93.49,5.17,100.0,0.0,99.0,1.0
2026-05-29 05:22:34,none,1,1122,success,2,1.1274,1.9946,0,93.49,5.17,100.0,0.0,99.0,1.0
2026-05-29 05:22:43,none,1,1123,success,8,0.2948,1.4887,0,93.5,5.16,100.0,0.0,99.0,1.0
2026-05-29 05:22:51,none,1,1124,success,8,0.9129,1.0813,0,93.51,5.16,100.0,0.0,99.0,1.0
2026-05-29 05:23:03,none,1,1125,success,12,0.8175,0.3509,0,93.51,5.16,100.0,0.0,99.0,1.0
2026-05-29 05:23:12,none,1,1126,success,10,0.5967,1.7745,0,93.52,5.15,100.0,0.0,99.0,1.0
2026-05-29 05:23:20,none,1,1127,success,8,1.1044,1.3169,0,93.52,5.15,100.0,0.0,99.0,1.0
2026-05-29 05:23:30,none,1,1128,success,10,0.9052,0.9983,0,93.53,5.14,100.0,0.0,99.0,1.0
2026-05-29 05:23:35,none,1,1129,success,5,1.3862,1.7085,0,93.53,5.14,100.0,0.0,99.0,1.0
2026-05-29 05:23:45,none,1,1130,success,9,0.7072,1.102,0,93.54,5.13,100.0,0.0,99.0,1.0
2026-05-29 05:23:55,none,1,1131,success,10,1.0767,0.9707,0,93.55,5.13,100.0,0.0,99.0,1.0
2026-05-29 05:24:04,none,1,1132,success,10,0.7958,0.639,0,93.55,5.12,100.0,0.0,99.0,1.0
2026-05-29 05:24:18,none,1,1133,success,14,0.4058,0.7324,0,93.56,5.12,100.0,0.0,99.0,1.0
2026-05-29 05:24:26,none,1,1134,success,8,0.9101,1.4022,0,93.56,5.11,100.0,0.0,99.0,1.0
2026-05-29 05:24:41,none,1,1135,success,16,0.7371,0.6708,0,93.57,5.11,100.0,0.0,99.0,1.0
2026-05-29 05:24:50,none,1,1136,success,8,1.0786,1.4106,0,93.57,5.11,100.0,0.0,99.0,1.0
2026-05-29 05:25:02,none,1,1137,success,12,0.908,1.0181,0,93.58,5.1,100.0,0.0,99.0,1.0
2026-05-29 05:25:12,none,1,1138,success,10,1.1303,0.9019,0,93.59,5.1,100.0,0.0,99.0,1.0
2026-05-29 05:25:22,none,1,1139,success,10,0.7512,0.4456,0,93.59,5.09,100.0,0.0,99.0,1.0
2026-05-29 05:25:24,none,1,1140,success,1,58.6988,2.317,0,93.6,5.09,100.0,0.0,99.0,1.0
2026-05-29 05:25:32,none,1,1141,success,7,1.2261,0.9983,0,93.6,5.08,100.0,0.0,99.0,1.0
2026-05-29 05:25:44,none,1,1142,success,12,0.8756,0.4362,0,93.61,5.08,100.0,0.0,99.0,1.0
2026-05-29 05:25:58,none,1,1143,success,14,1.0472,0.8439,0,93.61,5.07,100.0,0.0,99.0,1.0
2026-05-29 05:26:05,none,1,1144,success,6,1.1326,1.5956,0,93.62,5.07,100.0,0.0,99.0,1.0
2026-05-29 05:26:15,none,1,1145,success,10,0.8673,0.5233,0,93.62,5.07,100.0,0.0,99.0,1.0
2026-05-29 05:26:23,none,1,1146,success,8,0.5097,1.2167,0,93.63,5.06,100.0,0.0,99.2,0.8
2026-05-29 05:26:37,none,1,1147,success,14,0.7476,0.4752,0,93.64,5.06,100.0,0.0,99.2,0.8
2026-05-29 05:26:43,none,1,1148,success,6,0.8557,1.3855,0,93.64,5.05,100.0,0.0,99.2,0.8
2026-05-29 05:26:57,none,1,1149,success,14,0.9211,0.3591,0,93.65,5.05,100.0,0.0,99.2,0.8
2026-05-29 05:27:04,none,1,1150,success,6,1.3186,1.4666,0,93.65,5.04,100.0,0.0,99.2,0.8
2026-05-29 05:27:13,none,1,1151,success,8,1.1832,1.1822,0,93.66,5.04,100.0,0.0,99.2,0.8
2026-05-29 05:27:19,none,1,1152,success,6,0.9486,1.7939,0,93.66,5.03,100.0,0.0,99.2,0.8
2026-05-29 05:27:29,none,1,1153,success,10,0.978,0.8089,0,93.67,5.03,100.0,0.0,99.2,0.8
2026-05-29 05:27:41,none,1,1154,success,12,0.665,0.6276,0,93.67,5.03,100.0,0.0,99.2,0.8
2026-05-29 05:27:46,none,1,1155,success,4,0.9547,1.8064,0,93.68,5.02,100.0,0.0,99.2,0.8
2026-05-29 05:27:52,none,1,1156,success,6,1.2667,1.6119,0,93.69,5.02,100.0,0.0,99.2,0.8
2026-05-29 05:28:00,none,1,1157,success,8,0.69,1.1616,0,93.69,5.01,100.0,0.0,99.2,0.8
2026-05-29 05:28:10,none,1,1158,success,10,0.9056,0.4618,0,93.7,5.01,100.0,0.0,99.2,0.8
2026-05-29 05:28:22,none,1,1159,success,12,0.2336,0.9839,0,93.7,5.0,100.0,0.0,99.2,0.8
2026-05-29 05:28:28,none,1,1160,success,6,1.1325,1.3023,0,93.71,5.0,100.0,0.0,99.2,0.8
2026-05-29 05:28:42,none,1,1161,success,14,0.231,1.2751,0,93.71,5.0,100.0,0.0,99.2,0.8
2026-05-29 05:28:52,none,1,1162,success,10,1.0619,0.9347,0,93.72,4.99,100.0,0.0,99.2,0.8
2026-05-29 05:29:04,none,1,1163,success,12,1.0526,0.6679,0,93.72,4.99,100.0,0.0,99.2,0.8
2026-05-29 05:29:12,none,1,1164,success,8,0.8561,0.9024,0,93.73,4.98,100.0,0.0,99.2,0.8
2026-05-29 05:29:14,none,1,1165,success,1,152.3361,2.3151,0,93.73,4.98,100.0,0.0,99.2,0.8
2026-05-29 05:29:25,none,1,1166,success,11,0.2669,1.317,0,93.74,4.97,100.0,0.0,99.2,0.8
2026-05-29 05:29:34,none,1,1167,success,8,1.0907,0.9583,0,93.74,4.97,100.0,0.0,99.2,0.8
2026-05-29 05:29:44,none,1,1168,success,10,0.7895,0.8846,0,93.75,4.97,100.0,0.0,99.2,0.8
2026-05-29 05:29:46,none,1,1169,success,1,282.8378,2.3126,0,93.76,4.96,100.0,0.0,99.2,0.8
2026-05-29 05:29:57,none,1,1170,success,11,0.6684,0.8449,0,93.76,4.96,100.0,0.0,99.2,0.8
2026-05-29 05:30:05,none,1,1171,success,8,0.3928,1.4705,0,93.77,4.95,100.0,0.0,99.4,0.6
2026-05-29 05:30:11,none,1,1172,success,6,0.8071,0.93,0,93.77,4.95,100.0,0.0,99.4,0.6
2026-05-29 05:30:18,none,1,1173,success,6,0.8186,1.0249,0,93.78,4.94,100.0,0.0,99.4,0.6
2026-05-29 05:30:42,none,1,1174,success,26,0.471,0.2361,4,93.78,4.94,100.0,0.0,99.4,0.6
2026-05-29 05:30:53,none,1,1175,success,12,0.9533,0.4571,0,93.79,4.94,100.0,0.0,99.4,0.6
2026-05-29 05:31:00,none,1,1176,success,6,0.7899,0.9576,0,93.79,4.93,100.0,0.0,99.4,0.6
2026-05-29 05:31:11,none,1,1177,success,12,1.0958,0.7848,0,93.8,4.93,100.0,0.0,99.4,0.6
2026-05-29 05:31:20,none,1,1178,success,8,0.9937,0.8908,0,93.8,4.92,100.0,0.0,99.4,0.6
2026-05-29 05:31:26,none,1,1179,success,6,0.5584,1.2565,0,93.81,4.92,100.0,0.0,99.4,0.6
2026-05-29 05:31:37,none,1,1180,success,10,1.0206,0.6937,0,93.81,4.92,100.0,0.0,99.4,0.6
2026-05-29 05:31:50,none,1,1181,success,14,0.5344,0.7181,0,93.82,4.91,100.0,0.0,99.4,0.6
2026-05-29 05:32:00,none,1,1182,success,10,0.8754,0.6605,0,93.82,4.91,100.0,0.0,99.4,0.6
2026-05-29 05:32:12,none,1,1183,success,12,0.8264,1.0477,0,93.83,4.9,100.0,0.0,99.4,0.6
2026-05-29 05:32:21,none,1,1184,success,10,1.0429,1.1548,0,93.83,4.9,100.0,0.0,99.4,0.6
2026-05-29 05:32:33,none,1,1185,success,12,0.8333,0.7757,0,93.84,4.89,100.0,0.0,99.4,0.6
2026-05-29 05:32:39,none,1,1186,success,6,0.8321,1.0832,0,93.84,4.89,100.0,0.0,99.4,0.6
2026-05-29 05:32:49,none,1,1187,success,10,0.7221,0.5969,0,93.85,4.89,100.0,0.0,99.4,0.6
2026-05-29 05:32:55,none,1,1188,success,6,1.2043,1.3788,0,93.86,4.88,100.0,0.0,99.4,0.6
2026-05-29 05:33:09,none,1,1189,success,14,0.9124,0.818,0,93.86,4.88,100.0,0.0,99.4,0.6
2026-05-29 05:33:13,none,1,1190,success,4,0.7875,1.7721,0,93.87,4.87,100.0,0.0,99.4,0.6
2026-05-29 05:33:26,none,1,1191,success,12,0.8343,0.9315,0,93.87,4.87,100.0,0.0,99.4,0.6
2026-05-29 05:33:37,none,1,1192,success,12,0.8444,0.7453,0,93.88,4.87,100.0,0.0,99.4,0.6
2026-05-29 05:33:48,none,1,1193,success,10,1.0252,1.0007,0,93.88,4.86,100.0,0.0,99.4,0.6
2026-05-29 05:34:00,none,1,1194,success,12,0.7767,0.6637,0,93.89,4.86,100.0,0.0,99.4,0.6
2026-05-29 05:34:15,none,1,1195,success,16,0.7634,0.7917,0,93.89,4.85,100.0,0.0,99.4,0.6
2026-05-29 05:34:25,none,1,1196,success,10,1.129,1.096,0,93.9,4.85,100.0,0.0,99.4,0.6
2026-05-29 05:34:31,none,1,1197,success,6,0.9894,1.0851,0,93.9,4.85,100.0,0.0,99.6,0.4
2026-05-29 05:34:43,none,1,1198,success,12,1.0177,0.6295,0,93.91,4.84,100.0,0.0,99.6,0.4
2026-05-29 05:34:50,none,1,1199,success,6,1.1411,1.4547,0,93.91,4.84,100.0,0.0,99.6,0.4
2026-05-29 05:35:06,none,1,1200,success,16,0.6059,0.4942,0,93.92,4.83,100.0,0.0,99.6,0.4
2026-05-29 05:35:13,none,1,1201,success,6,1.0469,1.0197,0,93.92,4.83,100.0,0.0,99.6,0.4
2026-05-29 05:35:24,none,1,1202,success,12,0.991,0.6875,0,93.93,4.83,100.0,0.0,99.6,0.4
2026-05-29 05:35:31,none,1,1203,success,6,0.9317,1.2132,0,93.93,4.82,100.0,0.0,99.6,0.4
2026-05-29 05:35:36,none,1,1204,success,4,0.9634,1.6347,0,93.94,4.82,100.0,0.0,99.6,0.4
2026-05-29 05:35:44,none,1,1205,success,8,1.0155,1.0349,0,93.94,4.81,100.0,0.0,99.6,0.4
2026-05-29 05:35:51,none,1,1206,success,6,0.9996,1.2338,0,93.95,4.81,100.0,0.0,99.6,0.4
2026-05-29 05:36:03,none,1,1207,success,13,0.5973,1.008,0,93.95,4.81,100.0,0.0,99.6,0.4
2026-05-29 05:36:13,none,1,1208,success,9,0.9189,0.9663,0,93.96,4.8,100.0,0.0,99.6,0.4
2026-05-29 05:36:23,none,1,1209,success,10,1.0949,0.9044,0,93.96,4.8,100.0,0.0,99.6,0.4
2026-05-29 05:36:31,none,1,1210,success,8,0.9703,0.9441,0,93.97,4.79,100.0,0.0,99.6,0.4
2026-05-29 05:36:42,none,1,1211,success,12,0.9012,0.5337,0,93.97,4.79,100.0,0.0,99.6,0.4
2026-05-29 05:36:50,none,1,1212,success,8,1.1406,1.132,0,93.98,4.79,100.0,0.0,99.6,0.4
2026-05-29 05:37:00,none,1,1213,success,10,1.0639,1.7286,0,93.98,4.78,100.0,0.0,99.6,0.4
2026-05-29 05:37:08,none,1,1214,success,8,0.9435,0.8743,0,93.99,4.78,100.0,0.0,99.6,0.4
2026-05-29 05:37:18,none,1,1215,success,10,0.6909,1.3266,0,93.99,4.77,100.0,0.0,99.6,0.4
2026-05-29 05:37:32,none,1,1216,success,14,0.4734,1.2252,0,94.0,4.77,100.0,0.0,99.6,0.4
2026-05-29 05:37:37,none,1,1217,success,4,1.0971,1.4842,0,94.0,4.77,100.0,0.0,99.6,0.4
2026-05-29 05:37:46,none,1,1218,success,8,0.6055,1.5336,0,94.01,4.76,100.0,0.0,99.6,0.4
2026-05-29 05:37:57,none,1,1219,success,12,0.7256,0.5212,0,94.01,4.76,100.0,0.0,99.6,0.4
2026-05-29 05:38:11,none,1,1220,success,14,0.6844,0.7423,0,94.02,4.75,100.0,0.0,99.6,0.4
2026-05-29 05:38:16,none,1,1221,success,4,1.6458,1.897,0,94.02,4.75,100.0,0.0,99.6,0.4
2026-05-29 05:38:26,none,1,1222,success,10,0.8084,1.1389,0,94.03,4.75,100.0,0.0,99.6,0.4
2026-05-29 05:38:28,none,1,1223,success,1,20.9128,2.3153,0,94.03,4.74,100.0,0.0,99.6,0.4
2026-05-29 05:38:49,none,1,1224,success,24,0.7137,0.643,0,94.04,4.74,100.0,0.0,99.6,0.4
2026-05-29 05:39:02,none,1,1225,success,14,0.9759,1.236,0,94.04,4.73,100.0,0.0,99.6,0.4
2026-05-29 05:39:16,none,1,1226,success,13,0.7927,1.4079,0,94.05,4.73,100.0,0.0,99.6,0.4
2026-05-29 05:39:23,none,1,1227,success,6,1.0298,1.2554,0,94.05,4.73,100.0,0.0,99.6,0.4
2026-05-29 05:39:35,none,1,1228,success,12,1.0198,0.5607,0,94.06,4.72,100.0,0.0,99.6,0.4
2026-05-29 05:39:45,none,1,1229,success,10,0.7064,0.7878,0,94.06,4.72,100.0,0.0,99.6,0.4
2026-05-29 05:39:53,none,1,1230,success,8,0.7457,1.4132,0,94.07,4.72,100.0,0.0,99.6,0.4
2026-05-29 05:40:06,none,1,1231,success,14,0.8267,0.8563,0,94.07,4.71,100.0,0.0,99.6,0.4
2026-05-29 05:40:16,none,1,1232,success,10,0.9113,1.0917,0,94.07,4.71,100.0,0.0,99.6,0.4
2026-05-29 05:40:26,none,1,1233,success,10,1.0958,0.8505,0,94.08,4.7,100.0,0.0,99.6,0.4
2026-05-29 05:40:37,none,1,1234,success,12,1.0099,0.7546,0,94.08,4.7,100.0,0.0,99.6,0.4
2026-05-29 05:40:45,none,1,1235,success,8,0.9002,0.586,0,94.09,4.7,100.0,0.0,99.6,0.4
2026-05-29 05:40:54,none,1,1236,success,8,0.4317,1.5204,0,94.09,4.69,100.0,0.0,99.6,0.4
2026-05-29 05:41:04,none,1,1237,success,11,1.1454,0.8832,0,94.1,4.69,100.0,0.0,99.6,0.4
2026-05-29 05:41:16,none,1,1238,success,11,1.063,1.3231,0,94.1,4.68,100.0,0.0,99.6,0.4
2026-05-29 05:41:29,none,1,1239,success,14,1.1379,0.8812,0,94.11,4.68,100.0,0.0,99.6,0.4
2026-05-29 05:41:39,none,1,1240,success,10,0.9596,0.5442,0,94.11,4.68,100.0,0.0,99.6,0.4
2026-05-29 05:41:51,none,1,1241,success,12,0.919,0.5581,0,94.12,4.67,100.0,0.0,99.6,0.4
2026-05-29 05:42:04,none,1,1242,success,14,1.004,0.7412,0,94.12,4.67,100.0,0.0,99.6,0.4
2026-05-29 05:42:19,none,1,1243,success,14,0.8446,0.5744,0,94.13,4.67,100.0,0.0,99.6,0.4
2026-05-29 05:42:32,none,1,1244,success,14,0.8216,0.7342,0,94.13,4.66,100.0,0.0,99.6,0.4
2026-05-29 05:42:36,none,1,1245,success,4,1.1506,1.6223,0,94.14,4.66,100.0,0.0,99.6,0.4
2026-05-29 05:42:46,none,1,1246,success,10,1.0574,0.7701,0,94.14,4.65,100.0,0.0,99.6,0.4
2026-05-29 05:42:51,none,1,1247,success,4,1.1206,1.4224,0,94.15,4.65,100.0,0.0,99.6,0.4
2026-05-29 05:43:00,none,1,1248,success,8,1.2298,1.4444,0,94.15,4.65,100.0,0.0,99.6,0.4
2026-05-29 05:43:03,none,1,1249,success,2,0.865,1.8781,0,94.16,4.64,100.0,0.0,99.6,0.4
2026-05-29 05:43:13,none,1,1250,success,10,0.804,1.2104,0,94.16,4.64,100.0,0.0,99.6,0.4
2026-05-29 05:43:28,none,1,1251,success,16,0.5576,0.8122,0,94.16,4.64,100.0,0.0,99.6,0.4
2026-05-29 05:43:33,none,1,1252,success,4,0.9943,1.6857,0,94.17,4.63,100.0,0.0,99.6,0.4
2026-05-29 05:43:41,none,1,1253,success,8,1.1245,1.169,0,94.17,4.63,100.0,0.0,99.6,0.4
2026-05-29 05:43:48,none,1,1254,success,6,0.8788,1.2418,0,94.18,4.63,100.0,0.0,99.6,0.4
2026-05-29 05:43:58,none,1,1255,success,10,1.0504,0.6387,0,94.18,4.62,100.0,0.0,99.6,0.4
2026-05-29 05:44:06,none,1,1256,success,8,0.95,0.9113,0,94.19,4.62,100.0,0.0,99.6,0.4
2026-05-29 05:44:08,none,1,1257,success,1,31.2938,2.3225,0,94.19,4.61,100.0,0.0,99.6,0.4
2026-05-29 05:44:17,none,1,1258,success,7,0.4214,1.7617,0,94.2,4.61,100.0,0.0,99.6,0.4
2026-05-29 05:44:28,none,1,1259,success,10,0.9053,1.2589,0,94.2,4.61,100.0,0.0,99.6,0.4
2026-05-29 05:44:43,none,1,1260,success,16,0.3916,0.8178,0,94.21,4.6,100.0,0.0,99.6,0.4
2026-05-29 05:44:58,none,1,1261,success,16,0.5366,0.4959,0,94.21,4.6,100.0,0.0,99.6,0.4
2026-05-29 05:45:08,none,1,1262,success,10,0.9029,1.0029,0,94.22,4.6,100.0,0.0,99.6,0.4
2026-05-29 05:45:14,none,1,1263,success,6,1.3502,1.6375,0,94.22,4.59,100.0,0.0,99.6,0.4
2026-05-29 05:45:23,none,1,1264,success,8,1.1858,1.1688,0,94.22,4.59,100.0,0.0,99.6,0.4
2026-05-29 05:45:29,none,1,1265,success,6,1.2245,1.603,0,94.23,4.58,100.0,0.0,99.6,0.4
2026-05-29 05:45:39,none,1,1266,success,10,0.8294,0.6395,0,94.23,4.58,100.0,0.0,99.6,0.4
2026-05-29 05:45:52,none,1,1267,success,14,0.8592,0.8072,0,94.24,4.58,100.0,0.0,99.6,0.4
2026-05-29 05:46:02,none,1,1268,success,10,0.9545,1.286,0,94.24,4.57,100.0,0.0,99.6,0.4
2026-05-29 05:46:11,none,1,1269,success,8,0.2788,1.4786,0,94.25,4.57,100.0,0.0,99.6,0.4
2026-05-29 05:46:23,none,1,1270,success,12,0.4803,1.1776,0,94.25,4.57,100.0,0.0,99.6,0.4
2026-05-29 05:46:35,none,1,1271,success,12,1.0991,0.6405,0,94.26,4.56,100.0,0.0,99.6,0.4
2026-05-29 05:46:40,none,1,1272,success,4,1.3859,1.6588,0,94.26,4.56,100.0,0.0,99.6,0.4
2026-05-29 05:46:51,none,1,1273,success,12,0.7142,0.7596,0,94.27,4.56,100.0,0.0,99.6,0.4
2026-05-29 05:47:04,none,1,1274,success,14,0.9573,0.632,0,94.27,4.55,100.0,0.0,99.6,0.4
2026-05-29 05:47:19,none,1,1275,success,16,0.9238,0.6254,0,94.27,4.55,100.0,0.0,99.6,0.4
2026-05-29 05:47:26,none,1,1276,success,6,0.9144,0.8513,0,94.28,4.55,100.0,0.0,99.6,0.4
2026-05-29 05:47:38,none,1,1277,success,12,0.5721,1.0375,0,94.28,4.54,100.0,0.0,99.6,0.4
2026-05-29 05:47:47,none,1,1278,success,10,1.1449,1.1679,0,94.29,4.54,100.0,0.0,99.6,0.4
2026-05-29 05:47:49,none,1,1279,success,1,266.3702,2.3085,0,94.29,4.53,100.0,0.0,99.6,0.4
2026-05-29 05:47:52,none,1,1280,success,1,251.9747,2.3021,0,94.3,4.53,100.0,0.0,99.6,0.4
2026-05-29 05:48:01,none,1,1281,success,8,0.5237,1.3214,0,94.3,4.53,100.0,0.0,99.6,0.4
2026-05-29 05:48:11,none,1,1282,success,10,0.5005,1.2467,0,94.31,4.52,100.0,0.0,99.6,0.4
2026-05-29 05:48:20,none,1,1283,success,8,0.8599,0.5482,0,94.31,4.52,100.0,0.0,99.6,0.4
2026-05-29 05:48:28,none,1,1284,success,8,0.9678,0.718,0,94.31,4.52,100.0,0.0,99.6,0.4
2026-05-29 05:48:29,none,1,1285,success,1,45.2433,2.3243,0,94.32,4.51,100.0,0.0,99.6,0.4
2026-05-29 05:48:36,none,1,1286,success,5,1.1809,1.5598,0,94.32,4.51,100.0,0.0,99.6,0.4
2026-05-29 05:48:47,none,1,1287,success,10,1.0482,0.6748,0,94.33,4.51,100.0,0.0,99.6,0.4
2026-05-29 05:48:55,none,1,1288,success,8,0.7678,0.8761,0,94.33,4.5,100.0,0.0,99.6,0.4
2026-05-29 05:49:03,none,1,1289,success,8,1.0116,1.3567,0,94.34,4.5,100.0,0.0,99.6,0.4
2026-05-29 05:49:16,none,1,1290,success,14,0.9768,0.8441,0,94.34,4.5,100.0,0.0,99.6,0.4
2026-05-29 05:49:28,none,1,1291,success,12,0.9138,0.6126,0,94.35,4.49,100.0,0.0,99.6,0.4
2026-05-29 05:49:37,none,1,1292,success,8,0.2845,1.4109,0,94.35,4.49,100.0,0.0,99.6,0.4
2026-05-29 05:49:44,none,1,1293,success,6,1.3999,1.7225,0,94.35,4.49,100.0,0.0,99.6,0.4
2026-05-29 05:49:49,none,1,1294,success,4,1.1198,1.6983,0,94.36,4.48,100.0,0.0,99.6,0.4
2026-05-29 05:50:10,none,1,1295,success,24,0.3712,0.397,0,94.36,4.48,100.0,0.0,99.6,0.4
2026-05-29 05:50:23,none,1,1296,success,14,0.6347,0.8441,0,94.37,4.48,100.0,0.0,99.6,0.4
2026-05-29 05:50:31,none,1,1297,success,8,0.9814,0.9118,0,94.37,4.47,100.0,0.0,99.8,0.2
2026-05-29 05:50:45,none,1,1298,success,14,0.8788,0.9193,0,94.38,4.47,100.0,0.0,99.8,0.2
2026-05-29 05:50:52,none,1,1299,success,6,0.9683,1.1815,0,94.38,4.46,100.0,0.0,99.8,0.2
2026-05-29 05:51:02,none,1,1300,success,10,0.9914,0.7312,0,94.38,4.46,100.0,0.0,99.8,0.2
2026-05-29 05:51:10,none,1,1301,success,8,0.5976,1.5015,0,94.39,4.46,100.0,0.0,99.8,0.2
2026-05-29 05:51:23,none,1,1302,success,14,0.7449,1.0064,0,94.39,4.45,100.0,0.0,99.8,0.2
2026-05-29 05:51:30,none,1,1303,success,6,1.1381,1.2751,0,94.4,4.45,100.0,0.0,99.8,0.2
2026-05-29 05:51:38,none,1,1304,success,8,0.9575,1.4139,0,94.4,4.45,100.0,0.0,99.8,0.2
2026-05-29 05:51:48,none,1,1305,success,10,0.9299,0.5635,0,94.41,4.44,100.0,0.0,99.8,0.2
2026-05-29 05:51:56,none,1,1306,success,8,0.5021,1.9035,0,94.41,4.44,100.0,0.0,99.8,0.2
2026-05-29 05:52:05,none,1,1307,success,8,0.3575,1.8886,0,94.41,4.44,100.0,0.0,99.8,0.2
2026-05-29 05:52:14,none,1,1308,success,8,1.0426,0.9426,0,94.42,4.43,100.0,0.0,99.8,0.2
2026-05-29 05:52:22,none,1,1309,success,8,0.8686,1.0431,0,94.42,4.43,100.0,0.0,99.8,0.2
2026-05-29 05:52:36,none,1,1310,success,14,0.8002,0.6337,0,94.43,4.43,100.0,0.0,99.8,0.2
2026-05-29 05:52:48,none,1,1311,success,12,0.7115,0.6064,0,94.43,4.42,100.0,0.0,99.8,0.2
2026-05-29 05:52:50,none,1,1312,success,1,89.358,2.3211,0,94.44,4.42,100.0,0.0,99.8,0.2
2026-05-29 05:53:03,none,1,1313,success,13,0.9487,0.795,0,94.44,4.42,100.0,0.0,99.8,0.2
2026-05-29 05:53:05,none,1,1314,success,1,95.1003,2.3093,0,94.44,4.41,100.0,0.0,99.8,0.2
2026-05-29 05:53:16,none,1,1315,success,11,0.639,0.9793,0,94.45,4.41,100.0,0.0,99.8,0.2
2026-05-29 05:53:28,none,1,1316,success,12,0.4861,0.9447,0,94.45,4.41,100.0,0.0,99.8,0.2
2026-05-29 05:53:36,none,1,1317,success,8,0.4436,1.3404,0,94.46,4.4,100.0,0.0,99.8,0.2
2026-05-29 05:53:45,none,1,1318,success,8,1.0458,0.9952,0,94.46,4.4,100.0,0.0,99.8,0.2
2026-05-29 05:53:55,none,1,1319,success,10,1.043,1.1514,0,94.47,4.4,100.0,0.0,99.8,0.2
2026-05-29 05:54:05,none,1,1320,success,10,1.009,0.5957,0,94.47,4.39,100.0,0.0,99.8,0.2
2026-05-29 05:54:13,none,1,1321,success,8,0.9178,1.1663,0,94.47,4.39,100.0,0.0,99.8,0.2
2026-05-29 05:54:14,none,1,1322,success,1,122.8443,2.3138,0,94.48,4.39,100.0,0.0,99.8,0.2
2026-05-29 05:54:25,none,1,1323,success,9,0.4821,1.3849,0,94.48,4.38,100.0,0.0,99.8,0.2
2026-05-29 05:54:35,none,1,1324,success,10,0.3411,1.3388,0,94.49,4.38,100.0,0.0,99.8,0.2
2026-05-29 05:54:47,none,1,1325,success,12,0.7422,0.7619,0,94.49,4.38,100.0,0.0,99.8,0.2
2026-05-29 05:55:00,none,1,1326,success,14,0.8421,1.1336,0,94.49,4.37,100.0,0.0,99.8,0.2
2026-05-29 05:55:06,none,1,1327,success,6,1.1784,1.6525,0,94.5,4.37,100.0,0.0,99.8,0.2
2026-05-29 05:55:19,none,1,1328,success,14,0.7524,0.7586,0,94.5,4.37,100.0,0.0,99.8,0.2
2026-05-29 05:55:32,none,1,1329,success,14,0.4979,0.8807,0,94.51,4.36,100.0,0.0,99.8,0.2
2026-05-29 05:55:43,none,1,1330,success,10,0.9417,1.0746,0,94.51,4.36,100.0,0.0,99.8,0.2
2026-05-29 05:55:51,none,1,1331,success,8,0.8113,1.0843,0,94.52,4.36,100.0,0.0,99.8,0.2
2026-05-29 05:56:01,none,1,1332,success,10,0.8016,0.3878,0,94.52,4.35,100.0,0.0,99.8,0.2
2026-05-29 05:56:07,none,1,1333,success,6,1.0652,1.422,0,94.52,4.35,100.0,0.0,99.8,0.2
2026-05-29 05:56:19,none,1,1334,success,12,0.8714,0.9237,0,94.53,4.35,100.0,0.0,99.8,0.2
2026-05-29 05:56:26,none,1,1335,success,6,0.3925,1.3375,0,94.53,4.34,100.0,0.0,99.8,0.2
2026-05-29 05:56:40,none,1,1336,success,14,0.4744,0.3777,0,94.54,4.34,100.0,0.0,99.8,0.2
2026-05-29 05:56:49,none,1,1337,success,10,0.4198,1.4134,0,94.54,4.34,100.0,0.0,99.8,0.2
2026-05-29 05:56:59,none,1,1338,success,10,0.6882,0.5016,0,94.54,4.33,100.0,0.0,99.8,0.2
2026-05-29 05:57:08,none,1,1339,success,8,0.6486,1.3789,0,94.55,4.33,100.0,0.0,99.8,0.2
2026-05-29 05:57:27,none,1,1340,success,20,0.5133,0.6438,0,94.55,4.33,100.0,0.0,99.8,0.2
2026-05-29 05:57:37,none,1,1341,success,10,0.7114,0.8269,0,94.56,4.33,100.0,0.0,99.8,0.2
2026-05-29 05:57:40,none,1,1342,success,3,1.7569,1.9489,0,94.56,4.32,100.0,0.0,99.8,0.2
2026-05-29 05:58:01,none,1,1343,success,23,0.291,0.4271,0,94.56,4.32,100.0,0.0,99.8,0.2
2026-05-29 05:58:07,none,1,1344,success,6,0.8115,1.3022,0,94.57,4.32,100.0,0.0,99.8,0.2
2026-05-29 05:58:17,none,1,1345,success,11,1.0549,0.9224,0,94.57,4.31,100.0,0.0,99.8,0.2
2026-05-29 05:58:27,none,1,1346,success,9,0.9639,0.7097,0,94.58,4.31,100.0,0.0,99.8,0.2
2026-05-29 05:58:37,none,1,1347,success,10,0.6185,0.8075,0,94.58,4.31,100.0,0.0,99.8,0.2
2026-05-29 05:58:45,none,1,1348,success,6,0.6076,1.5188,0,94.58,4.3,100.0,0.0,99.8,0.2
2026-05-29 05:58:53,none,1,1349,success,8,0.9657,0.797,0,94.59,4.3,100.0,0.0,99.8,0.2
2026-05-29 05:59:05,none,1,1350,success,12,1.0089,1.2018,0,94.59,4.3,100.0,0.0,99.8,0.2
2026-05-29 05:59:13,none,1,1351,success,8,0.8915,1.2284,0,94.6,4.29,100.0,0.0,99.8,0.2
2026-05-29 05:59:26,none,1,1352,success,14,0.85,0.696,0,94.6,4.29,100.0,0.0,99.8,0.2
2026-05-29 05:59:31,none,1,1353,success,4,1.221,1.6558,0,94.6,4.29,100.0,0.0,99.8,0.2
2026-05-29 05:59:36,none,1,1354,success,4,1.1159,1.5816,0,94.61,4.28,100.0,0.0,99.8,0.2
2026-05-29 05:59:46,none,1,1355,success,10,1.0482,0.9382,0,94.61,4.28,100.0,0.0,99.8,0.2
2026-05-29 05:59:51,none,1,1356,success,4,0.9492,1.7296,0,94.62,4.28,100.0,0.0,99.8,0.2
2026-05-29 05:59:58,none,1,1357,success,6,1.5237,1.6816,0,94.62,4.27,100.0,0.0,99.8,0.2
2026-05-29 06:00:01,none,1,1358,success,2,1.132,1.8578,0,94.62,4.27,100.0,0.0,99.8,0.2
2026-05-29 06:00:09,none,1,1359,success,8,1.0136,0.9729,0,94.63,4.27,100.0,0.0,99.8,0.2
2026-05-29 06:00:19,none,1,1360,success,10,0.8662,1.2383,0,94.63,4.26,100.0,0.0,99.8,0.2
2026-05-29 06:00:30,none,1,1361,success,10,0.7361,1.3978,0,94.64,4.26,100.0,0.0,99.8,0.2
2026-05-29 06:00:38,none,1,1362,success,8,0.8859,0.6579,0,94.64,4.26,100.0,0.0,99.8,0.2
2026-05-29 06:00:46,none,1,1363,success,8,1.0705,1.1021,0,94.64,4.26,100.0,0.0,99.8,0.2
2026-05-29 06:00:54,none,1,1364,success,8,0.8322,0.665,0,94.65,4.25,100.0,0.0,99.8,0.2
2026-05-29 06:01:01,none,1,1365,success,6,1.448,1.6199,0,94.65,4.25,100.0,0.0,99.8,0.2
2026-05-29 06:01:11,none,1,1366,success,10,0.972,0.6062,0,94.66,4.25,100.0,0.0,99.8,0.2
2026-05-29 06:01:24,none,1,1367,success,14,0.602,0.9986,0,94.66,4.24,100.0,0.0,99.8,0.2
2026-05-29 06:01:34,none,1,1368,success,10,0.8886,0.7438,0,94.66,4.24,100.0,0.0,99.8,0.2
2026-05-29 06:01:48,none,1,1369,success,14,1.1137,0.9103,0,94.67,4.24,100.0,0.0,99.8,0.2
2026-05-29 06:01:56,none,1,1370,success,8,0.8146,0.958,0,94.67,4.23,100.0,0.0,99.8,0.2
2026-05-29 06:02:08,none,1,1371,success,12,0.764,0.7464,0,94.68,4.23,100.0,0.0,99.8,0.2
2026-05-29 06:02:20,none,1,1372,success,12,0.6427,1.1872,0,94.68,4.23,100.0,0.0,99.8,0.2
2026-05-29 06:02:28,none,1,1373,success,8,0.6155,1.7401,0,94.68,4.22,100.0,0.0,99.8,0.2
2026-05-29 06:02:38,none,1,1374,success,10,0.7267,0.9315,0,94.69,4.22,100.0,0.0,99.8,0.2
2026-05-29 06:02:42,none,1,1375,success,3,3.5776,2.2057,0,94.69,4.22,100.0,0.0,99.8,0.2
2026-05-29 06:02:48,none,1,1376,success,5,1.1849,1.8623,0,94.69,4.22,100.0,0.0,99.8,0.2
2026-05-29 06:02:54,none,1,1377,success,6,0.7015,1.5035,0,94.7,4.21,100.0,0.0,99.8,0.2
2026-05-29 06:02:58,none,1,1378,success,3,2.1812,2.0829,0,94.7,4.21,100.0,0.0,99.8,0.2
2026-05-29 06:03:10,none,1,1379,success,11,0.6086,1.1596,0,94.71,4.21,100.0,0.0,99.8,0.2
2026-05-29 06:03:19,none,1,1380,success,8,0.9978,1.2155,0,94.71,4.2,100.0,0.0,99.8,0.2
2026-05-29 06:03:27,none,1,1381,success,8,0.7168,1.225,0,94.71,4.2,100.0,0.0,99.8,0.2
2026-05-29 06:03:40,none,1,1382,success,14,0.7942,0.7613,0,94.72,4.2,100.0,0.0,99.8,0.2
2026-05-29 06:03:45,none,1,1383,success,4,1.1805,2.071,0,94.72,4.19,100.0,0.0,99.8,0.2
2026-05-29 06:03:50,none,1,1384,success,4,1.0325,1.8893,0,94.73,4.19,100.0,0.0,99.8,0.2
2026-05-29 06:03:58,none,1,1385,success,8,1.1669,1.1047,0,94.73,4.19,100.0,0.0,99.8,0.2
2026-05-29 06:04:09,none,1,1386,success,10,0.8895,1.1343,0,94.73,4.18,100.0,0.0,99.8,0.2
2026-05-29 06:04:19,none,1,1387,success,10,0.2482,1.3397,0,94.74,4.18,100.0,0.0,99.8,0.2
2026-05-29 06:04:25,none,1,1388,success,6,1.0741,1.6661,0,94.74,4.18,100.0,0.0,99.8,0.2
2026-05-29 06:04:39,none,1,1389,success,14,0.7374,0.602,0,94.74,4.18,100.0,0.0,99.8,0.2
2026-05-29 06:04:59,none,1,1390,success,22,0.5533,0.3778,0,94.75,4.17,100.0,0.0,99.8,0.2
2026-05-29 06:05:08,none,1,1391,success,8,0.8076,0.3872,0,94.75,4.17,100.0,0.0,99.8,0.2
2026-05-29 06:05:21,none,1,1392,success,14,0.8355,0.965,0,94.76,4.17,100.0,0.0,99.8,0.2
2026-05-29 06:05:36,none,1,1393,success,16,0.871,0.5836,0,94.76,4.16,100.0,0.0,99.8,0.2
2026-05-29 06:05:42,none,1,1394,success,7,0.956,1.1915,0,94.76,4.16,100.0,0.0,99.8,0.2
2026-05-29 06:05:51,none,1,1395,success,7,0.902,1.3655,0,94.77,4.16,100.0,0.0,99.8,0.2
2026-05-29 06:06:01,none,1,1396,success,10,0.9008,0.7596,0,94.77,4.15,100.0,0.0,99.8,0.2
2026-05-29 06:06:07,none,1,1397,success,6,0.424,1.5024,0,94.77,4.15,100.0,0.0,99.8,0.2
2026-05-29 06:06:25,none,1,1398,success,18,0.1253,1.3207,0,94.78,4.15,100.0,0.0,99.8,0.2
2026-05-29 06:06:30,none,1,1399,success,4,0.7742,1.5006,0,94.78,4.15,100.0,0.0,99.8,0.2
2026-05-29 06:06:52,none,1,1400,success,24,0.0827,1.2295,0,94.79,4.14,100.0,0.0,99.8,0.2
2026-05-29 06:07:05,none,1,1401,success,14,1.0378,0.8087,0,94.79,4.14,100.0,0.0,99.8,0.2
2026-05-29 06:07:19,none,1,1402,collision,-1,0.604,0.1943,1,94.72,4.21,99.0,1.0,99.6,0.4
2026-05-29 06:07:30,none,1,1403,success,12,0.3424,0.8862,0,94.73,4.21,99.0,1.0,99.6,0.4
2026-05-29 06:07:41,none,1,1404,success,12,0.8048,0.676,0,94.73,4.2,99.0,1.0,99.6,0.4
2026-05-29 06:07:51,none,1,1405,success,10,1.0526,0.9553,0,94.73,4.2,99.0,1.0,99.6,0.4
2026-05-29 06:08:02,none,1,1406,success,10,0.9473,0.9552,0,94.74,4.2,99.0,1.0,99.6,0.4
2026-05-29 06:08:10,none,1,1407,success,8,0.5778,1.2657,0,94.74,4.19,99.0,1.0,99.6,0.4
2026-05-29 06:08:20,none,1,1408,success,10,1.0114,1.0394,0,94.74,4.19,99.0,1.0,99.6,0.4
2026-05-29 06:08:26,none,1,1409,success,6,0.542,1.409,0,94.75,4.19,99.0,1.0,99.6,0.4
2026-05-29 06:08:37,none,1,1410,success,10,0.9073,1.0084,0,94.75,4.18,99.0,1.0,99.6,0.4
2026-05-29 06:08:38,none,1,1411,success,1,205.6696,2.3149,0,94.76,4.18,99.0,1.0,99.6,0.4
2026-05-29 06:08:48,none,1,1412,success,9,0.3453,1.3001,0,94.76,4.18,99.0,1.0,99.6,0.4
2026-05-29 06:08:58,none,1,1413,success,10,0.8123,1.1776,0,94.76,4.18,99.0,1.0,99.6,0.4
2026-05-29 06:09:08,none,1,1414,success,10,0.8664,1.6104,0,94.77,4.17,99.0,1.0,99.6,0.4
2026-05-29 06:09:20,none,1,1415,success,12,0.8312,0.7852,0,94.77,4.17,99.0,1.0,99.6,0.4
2026-05-29 06:09:26,none,1,1416,success,6,0.5405,1.3662,0,94.77,4.17,99.0,1.0,99.6,0.4
2026-05-29 06:09:33,none,1,1417,success,6,1.0551,1.7739,0,94.78,4.16,99.0,1.0,99.6,0.4
2026-05-29 06:09:42,none,1,1418,success,8,1.1275,1.295,0,94.78,4.16,99.0,1.0,99.6,0.4
2026-05-29 06:09:58,none,1,1419,success,18,0.7691,0.6041,0,94.79,4.16,99.0,1.0,99.6,0.4
2026-05-29 06:10:11,none,1,1420,collision,-1,0.6173,0.155,1,94.72,4.23,98.0,2.0,99.4,0.6
2026-05-29 06:10:23,none,1,1421,success,12,1.0371,0.9038,0,94.72,4.22,98.0,2.0,99.4,0.6
2026-05-29 06:10:37,none,1,1422,success,14,0.8161,0.8804,0,94.73,4.22,98.0,2.0,99.4,0.6
2026-05-29 06:10:49,none,1,1423,success,12,0.9227,1.1481,0,94.73,4.22,98.0,2.0,99.4,0.6
2026-05-29 06:11:02,none,1,1424,success,14,0.8919,1.1236,0,94.73,4.21,98.0,2.0,99.4,0.6
2026-05-29 06:11:10,none,1,1425,success,8,0.8019,0.8156,0,94.74,4.21,98.0,2.0,99.4,0.6
2026-05-29 06:11:20,none,1,1426,success,10,0.7909,0.4062,0,94.74,4.21,98.0,2.0,99.4,0.6
2026-05-29 06:11:35,none,1,1427,success,14,0.5896,0.8007,0,94.74,4.2,98.0,2.0,99.4,0.6
2026-05-29 06:11:47,none,1,1428,success,12,0.8267,0.5006,0,94.75,4.2,98.0,2.0,99.4,0.6
2026-05-29 06:11:55,none,1,1429,success,8,0.8997,0.677,0,94.75,4.2,98.0,2.0,99.4,0.6
2026-05-29 06:12:04,none,1,1430,success,8,0.8326,0.5595,0,94.76,4.2,98.0,2.0,99.4,0.6
2026-05-29 06:12:14,none,1,1431,success,10,0.913,0.6052,0,94.76,4.19,98.0,2.0,99.4,0.6
2026-05-29 06:12:18,none,1,1432,success,4,0.7153,1.7488,0,94.76,4.19,98.0,2.0,99.4,0.6
2026-05-29 06:12:27,none,1,1433,success,8,0.8253,1.0241,0,94.77,4.19,98.0,2.0,99.4,0.6
2026-05-29 06:12:44,none,1,1434,success,18,0.1327,1.3153,0,94.77,4.18,98.0,2.0,99.4,0.6
2026-05-29 06:12:50,none,1,1435,success,6,0.9979,0.8951,0,94.77,4.18,98.0,2.0,99.4,0.6
2026-05-29 06:13:00,none,1,1436,success,10,0.688,1.3197,0,94.78,4.18,98.0,2.0,99.4,0.6
2026-05-29 06:13:06,none,1,1437,success,6,0.6014,1.3719,0,94.78,4.18,98.0,2.0,99.4,0.6
2026-05-29 06:13:18,none,1,1438,success,12,0.7327,1.2381,0,94.78,4.17,98.0,2.0,99.4,0.6
2026-05-29 06:13:32,none,1,1439,success,14,0.8008,0.4729,0,94.79,4.17,98.0,2.0,99.4,0.6
2026-05-29 06:13:44,none,1,1440,collision,-1,0.6967,0.12,1,94.72,4.24,97.0,3.0,99.2,0.8
2026-05-29 06:13:52,none,1,1441,success,8,0.8386,0.6715,0,94.73,4.23,97.0,3.0,99.2,0.8
2026-05-29 06:13:59,none,1,1442,success,6,0.8595,1.2339,0,94.73,4.23,97.0,3.0,99.2,0.8
2026-05-29 06:14:06,none,1,1443,success,6,1.0722,1.7843,0,94.73,4.23,97.0,3.0,99.2,0.8
2026-05-29 06:14:13,none,1,1444,success,6,1.0744,1.6055,0,94.74,4.22,97.0,3.0,99.2,0.8
2026-05-29 06:14:21,none,1,1445,success,8,0.7516,0.8632,0,94.74,4.22,97.0,3.0,99.2,0.8
2026-05-29 06:14:32,none,1,1446,success,10,0.9599,0.8819,0,94.74,4.22,97.0,3.0,99.2,0.8
2026-05-29 06:14:42,none,1,1447,success,10,0.9151,0.6176,0,94.75,4.22,97.0,3.0,99.2,0.8
2026-05-29 06:14:46,none,1,1448,success,2,1.2097,1.8409,0,94.75,4.21,97.0,3.0,99.2,0.8
2026-05-29 06:14:47,none,1,1449,success,1,23.3995,2.3119,0,94.76,4.21,97.0,3.0,99.2,0.8
2026-05-29 06:15:00,none,1,1450,success,11,1.0591,1.2319,0,94.76,4.21,97.0,3.0,99.2,0.8
2026-05-29 06:15:11,none,1,1451,success,12,0.5658,0.8048,0,94.76,4.2,97.0,3.0,99.2,0.8
2026-05-29 06:15:20,none,1,1452,success,8,0.8922,0.4821,0,94.77,4.2,97.0,3.0,99.2,0.8
2026-05-29 06:15:43,none,1,1453,success,24,0.5223,0.4437,0,94.77,4.2,97.0,3.0,99.2,0.8
2026-05-29 06:15:51,none,1,1454,success,8,0.8106,1.0175,0,94.77,4.2,97.0,3.0,99.2,0.8
2026-05-29 06:15:59,none,1,1455,success,8,1.2139,1.2898,0,94.78,4.19,97.0,3.0,99.2,0.8
2026-05-29 06:16:08,none,1,1456,success,8,1.0818,0.6568,0,94.78,4.19,97.0,3.0,99.2,0.8
2026-05-29 06:16:16,none,1,1457,success,8,1.1112,1.2934,0,94.78,4.19,97.0,3.0,99.2,0.8
2026-05-29 06:16:24,none,1,1458,success,8,0.7774,0.9276,0,94.79,4.18,97.0,3.0,99.2,0.8
2026-05-29 06:16:30,none,1,1459,success,6,0.9063,0.8917,0,94.79,4.18,97.0,3.0,99.2,0.8
2026-05-29 06:16:38,none,1,1460,success,8,0.4447,1.4396,0,94.79,4.18,97.0,3.0,99.2,0.8
2026-05-29 06:16:54,none,1,1461,success,17,0.6342,0.8538,0,94.8,4.18,97.0,3.0,99.2,0.8
2026-05-29 06:17:04,none,1,1462,success,9,0.8278,0.6057,0,94.8,4.17,97.0,3.0,99.2,0.8
2026-05-29 06:17:09,none,1,1463,success,4,1.3566,1.462,0,94.81,4.17,97.0,3.0,99.2,0.8
2026-05-29 06:17:13,none,1,1464,success,2,3.6916,2.2499,0,94.81,4.17,97.0,3.0,99.2,0.8
2026-05-29 06:17:19,none,1,1465,success,6,0.5401,1.849,0,94.81,4.16,97.0,3.0,99.2,0.8
2026-05-29 06:17:28,none,1,1466,success,8,0.8672,0.6428,0,94.82,4.16,97.0,3.0,99.2,0.8
2026-05-29 06:17:42,none,1,1467,success,14,0.8985,0.6769,0,94.82,4.16,97.0,3.0,99.2,0.8
2026-05-29 06:17:51,none,1,1468,success,10,1.0873,0.7728,0,94.82,4.16,97.0,3.0,99.2,0.8
2026-05-29 06:18:01,none,1,1469,success,10,0.5244,1.0551,0,94.83,4.15,97.0,3.0,99.2,0.8
2026-05-29 06:18:13,none,1,1470,success,12,0.8324,0.8035,0,94.83,4.15,97.0,3.0,99.2,0.8
2026-05-29 06:18:28,none,1,1471,success,16,0.7539,0.4142,0,94.83,4.15,97.0,3.0,99.2,0.8
2026-05-29 06:18:34,none,1,1472,success,6,0.9737,1.1054,0,94.84,4.14,97.0,3.0,99.2,0.8
2026-05-29 06:18:46,none,1,1473,success,12,0.7768,0.5577,0,94.84,4.14,97.0,3.0,99.2,0.8
2026-05-29 06:18:59,none,1,1474,success,14,0.9848,0.9483,0,94.84,4.14,97.0,3.0,99.2,0.8
2026-05-29 06:19:07,none,1,1475,success,8,0.4837,1.6931,0,94.85,4.14,97.0,3.0,99.2,0.8
2026-05-29 06:19:18,none,1,1476,success,10,0.8378,0.9829,0,94.85,4.13,97.0,3.0,99.2,0.8
2026-05-29 06:19:30,none,1,1477,success,12,0.5726,1.0531,0,94.85,4.13,97.0,3.0,99.2,0.8
2026-05-29 06:19:44,none,1,1478,success,14,0.8195,0.4863,0,94.86,4.13,97.0,3.0,99.2,0.8
2026-05-29 06:19:51,none,1,1479,success,6,0.9517,1.2689,0,94.86,4.12,97.0,3.0,99.2,0.8
2026-05-29 06:19:56,none,1,1480,success,4,1.1829,1.4787,0,94.86,4.12,97.0,3.0,99.2,0.8
2026-05-29 06:20:07,none,1,1481,success,12,0.5422,1.4064,0,94.87,4.12,97.0,3.0,99.2,0.8
2026-05-29 06:20:09,none,1,1482,success,1,218.7426,2.3142,0,94.87,4.12,97.0,3.0,99.2,0.8
2026-05-29 06:20:22,none,1,1483,success,13,0.8658,0.2395,2,94.88,4.11,97.0,3.0,99.2,0.8
2026-05-29 06:20:30,none,1,1484,success,8,0.7659,0.7748,0,94.88,4.11,97.0,3.0,99.4,0.6
2026-05-29 06:20:40,none,1,1485,success,10,1.1042,1.0485,0,94.88,4.11,97.0,3.0,99.4,0.6
2026-05-29 06:20:49,none,1,1486,success,8,0.5482,1.2206,0,94.89,4.1,97.0,3.0,99.4,0.6
2026-05-29 06:20:51,none,1,1487,success,1,58.5309,2.3166,0,94.89,4.1,97.0,3.0,99.4,0.6
2026-05-29 06:21:00,none,1,1488,success,9,0.6023,1.7947,0,94.89,4.1,97.0,3.0,99.4,0.6
2026-05-29 06:21:07,none,1,1489,success,6,1.1852,1.2346,0,94.9,4.1,97.0,3.0,99.4,0.6
2026-05-29 06:21:16,none,1,1490,success,8,1.0488,0.7325,0,94.9,4.09,97.0,3.0,99.4,0.6
2026-05-29 06:21:24,none,1,1491,success,8,0.7484,1.0732,0,94.9,4.09,97.0,3.0,99.4,0.6
2026-05-29 06:21:28,none,1,1492,success,4,1.0039,1.3828,0,94.91,4.09,97.0,3.0,99.4,0.6
2026-05-29 06:21:39,none,1,1493,success,10,0.8884,0.5492,0,94.91,4.09,97.0,3.0,99.4,0.6
2026-05-29 06:21:47,none,1,1494,success,8,0.4186,1.5496,0,94.91,4.08,97.0,3.0,99.4,0.6
2026-05-29 06:21:56,none,1,1495,success,8,0.5307,1.1145,0,94.92,4.08,97.0,3.0,99.4,0.6
2026-05-29 06:22:08,none,1,1496,success,12,1.1329,0.6227,0,94.92,4.08,97.0,3.0,99.4,0.6
2026-05-29 06:22:18,none,1,1497,success,10,1.0039,0.5533,0,94.92,4.07,97.0,3.0,99.4,0.6
2026-05-29 06:22:36,none,1,1498,success,20,0.6752,0.4765,0,94.93,4.07,97.0,3.0,99.4,0.6
2026-05-29 06:22:47,none,1,1499,success,10,0.9709,0.5781,0,94.93,4.07,97.0,3.0,99.4,0.6
2026-05-29 06:23:04,none,1,1500,success,18,0.5199,0.3373,0,94.93,4.07,97.0,3.0,99.4,0.6
2026-05-29 06:23:05,none,1,1501,success,1,24.5708,2.3264,0,94.94,4.06,97.0,3.0,99.4,0.6
2026-05-29 06:23:17,none,1,1502,success,11,0.8232,1.4902,0,94.94,4.06,98.0,2.0,99.4,0.6
2026-05-29 06:23:28,none,1,1503,success,12,0.977,0.5052,0,94.94,4.06,98.0,2.0,99.4,0.6
2026-05-29 06:23:39,none,1,1504,success,11,0.8725,1.127,0,94.95,4.06,98.0,2.0,99.4,0.6
2026-05-29 06:23:47,none,1,1505,success,7,1.0588,1.2435,0,94.95,4.05,98.0,2.0,99.4,0.6
2026-05-29 06:23:52,none,1,1506,success,4,0.8716,1.7763,0,94.95,4.05,98.0,2.0,99.4,0.6
2026-05-29 06:24:00,none,1,1507,success,8,0.891,0.8007,0,94.96,4.05,98.0,2.0,99.4,0.6
2026-05-29 06:24:10,none,1,1508,success,10,0.541,1.3023,0,94.96,4.05,98.0,2.0,99.4,0.6
2026-05-29 06:24:18,none,1,1509,success,8,0.8124,0.4885,0,94.96,4.04,98.0,2.0,99.4,0.6
2026-05-29 06:24:29,none,1,1510,success,11,0.7536,0.9008,0,94.97,4.04,98.0,2.0,99.4,0.6
2026-05-29 06:24:36,none,1,1511,success,5,1.073,1.9064,0,94.97,4.04,98.0,2.0,99.4,0.6
2026-05-29 06:24:37,none,1,1512,success,1,74.5319,2.315,0,94.97,4.03,98.0,2.0,99.4,0.6
2026-05-29 06:24:49,none,1,1513,success,11,0.9366,0.406,0,94.98,4.03,98.0,2.0,99.4,0.6
2026-05-29 06:24:58,none,1,1514,success,8,0.3526,1.8373,0,94.98,4.03,98.0,2.0,99.4,0.6
2026-05-29 06:25:08,none,1,1515,success,10,1.0671,1.0436,0,94.98,4.03,98.0,2.0,99.4,0.6
2026-05-29 06:25:15,none,1,1516,success,6,0.8316,1.7564,0,94.99,4.02,98.0,2.0,99.4,0.6
2026-05-29 06:25:27,none,1,1517,success,12,0.8207,0.8693,0,94.99,4.02,98.0,2.0,99.4,0.6
2026-05-29 06:25:37,none,1,1518,success,10,0.9856,0.6271,0,94.99,4.02,98.0,2.0,99.4,0.6
2026-05-29 06:25:46,none,1,1519,success,8,0.8267,0.5942,0,95.0,4.02,98.0,2.0,99.4,0.6
2026-05-29 06:26:01,none,1,1520,success,16,0.7128,0.5393,0,95.0,4.01,99.0,1.0,99.4,0.6
2026-05-29 06:26:10,none,1,1521,success,8,0.7779,1.1057,0,95.0,4.01,99.0,1.0,99.4,0.6
2026-05-29 06:26:15,none,1,1522,success,4,0.7149,1.7352,0,95.01,4.01,99.0,1.0,99.4,0.6
2026-05-29 06:26:23,none,1,1523,success,8,1.1295,1.243,0,95.01,4.01,99.0,1.0,99.4,0.6
2026-05-29 06:26:33,none,1,1524,success,10,1.0699,1.4006,0,95.01,4.0,99.0,1.0,99.4,0.6
2026-05-29 06:26:45,none,1,1525,success,12,0.6637,0.5348,0,95.02,4.0,99.0,1.0,99.4,0.6
2026-05-29 06:26:46,none,1,1526,success,1,240.7465,2.303,0,95.02,4.0,99.0,1.0,99.4,0.6
2026-05-29 06:26:54,none,1,1527,success,7,1.192,1.326,0,95.02,3.99,99.0,1.0,99.4,0.6
2026-05-29 06:26:56,none,1,1528,success,1,98.1527,2.3197,0,95.03,3.99,99.0,1.0,99.4,0.6
2026-05-29 06:27:06,none,1,1529,success,9,0.8872,0.525,0,95.03,3.99,99.0,1.0,99.4,0.6
2026-05-29 06:27:21,none,1,1530,success,16,0.6482,0.5519,0,95.03,3.99,99.0,1.0,99.4,0.6
2026-05-29 06:27:39,none,1,1531,success,18,0.1505,1.4501,0,95.04,3.98,99.0,1.0,99.4,0.6
2026-05-29 06:27:55,none,1,1532,success,18,0.2551,0.9848,0,95.04,3.98,99.0,1.0,99.4,0.6
2026-05-29 06:28:07,none,1,1533,success,12,0.8932,1.0381,0,95.04,3.98,99.0,1.0,99.4,0.6
2026-05-29 06:28:20,none,1,1534,success,14,0.6082,1.072,0,95.05,3.98,99.0,1.0,99.4,0.6
2026-05-29 06:28:30,none,1,1535,success,10,0.4343,1.086,0,95.05,3.97,99.0,1.0,99.4,0.6
2026-05-29 06:28:35,none,1,1536,success,4,1.0786,1.8304,0,95.05,3.97,99.0,1.0,99.4,0.6
2026-05-29 06:28:46,none,1,1537,success,12,0.6149,0.435,0,95.06,3.97,99.0,1.0,99.4,0.6
2026-05-29 06:28:53,none,1,1538,success,6,1.1241,1.3408,0,95.06,3.97,99.0,1.0,99.4,0.6
2026-05-29 06:28:56,none,1,1539,success,2,2.0854,2.0327,0,95.06,3.96,99.0,1.0,99.4,0.6
2026-05-29 06:29:01,none,1,1540,success,4,1.2848,2.0213,0,95.06,3.96,100.0,0.0,99.4,0.6
2026-05-29 06:29:07,none,1,1541,success,6,1.1221,1.2317,0,95.07,3.96,100.0,0.0,99.4,0.6
2026-05-29 06:29:16,none,1,1542,success,8,0.5536,1.1149,0,95.07,3.96,100.0,0.0,99.4,0.6
2026-05-29 06:29:29,none,1,1543,success,14,0.8413,0.7691,0,95.07,3.95,100.0,0.0,99.4,0.6
2026-05-29 06:29:45,none,1,1544,success,19,0.4522,0.701,0,95.08,3.95,100.0,0.0,99.4,0.6
2026-05-29 06:29:55,none,1,1545,success,9,0.4363,1.3235,0,95.08,3.95,100.0,0.0,99.4,0.6
2026-05-29 06:30:09,none,1,1546,success,14,0.5725,0.7034,0,95.08,3.95,100.0,0.0,99.4,0.6
2026-05-29 06:30:18,none,1,1547,success,8,0.7886,0.6745,0,95.09,3.94,100.0,0.0,99.4,0.6
2026-05-29 06:30:27,none,1,1548,success,8,0.8656,1.2263,0,95.09,3.94,100.0,0.0,99.4,0.6
2026-05-29 06:30:37,none,1,1549,success,10,1.0467,0.6011,0,95.09,3.94,100.0,0.0,99.4,0.6
2026-05-29 06:30:44,none,1,1550,success,6,1.183,1.3009,0,95.1,3.94,100.0,0.0,99.4,0.6
2026-05-29 06:30:52,none,1,1551,success,8,1.2466,1.43,0,95.1,3.93,100.0,0.0,99.4,0.6
2026-05-29 06:31:12,none,1,1552,success,22,0.1173,1.0183,0,95.1,3.93,100.0,0.0,99.4,0.6
2026-05-29 06:31:14,none,1,1553,success,1,49.1153,2.3179,0,95.11,3.93,100.0,0.0,99.4,0.6
2026-05-29 06:31:24,none,1,1554,success,9,0.9949,1.1891,0,95.11,3.93,100.0,0.0,99.4,0.6
2026-05-29 06:31:33,none,1,1555,success,8,0.9438,0.7934,0,95.11,3.92,100.0,0.0,99.4,0.6
2026-05-29 06:31:40,none,1,1556,success,6,0.6951,1.152,0,95.12,3.92,100.0,0.0,99.4,0.6
2026-05-29 06:31:54,none,1,1557,success,14,0.3412,0.6404,0,95.12,3.92,100.0,0.0,99.4,0.6
2026-05-29 06:32:09,none,1,1558,success,16,0.2431,0.9223,0,95.12,3.92,100.0,0.0,99.4,0.6
2026-05-29 06:32:21,none,1,1559,success,12,0.7443,0.9245,0,95.13,3.91,100.0,0.0,99.4,0.6
2026-05-29 06:32:34,none,1,1560,success,14,0.7952,0.8998,0,95.13,3.91,100.0,0.0,99.4,0.6
2026-05-29 06:32:40,none,1,1561,success,4,1.064,1.8918,0,95.13,3.91,100.0,0.0,99.4,0.6
2026-05-29 06:32:49,none,1,1562,success,8,1.0944,1.4692,0,95.13,3.91,100.0,0.0,99.4,0.6
2026-05-29 06:32:54,none,1,1563,success,4,0.7754,1.4616,0,95.14,3.9,100.0,0.0,99.4,0.6
2026-05-29 06:33:09,none,1,1564,success,16,0.2856,0.7621,0,95.14,3.9,100.0,0.0,99.4,0.6
2026-05-29 06:33:20,none,1,1565,success,12,0.7203,0.9778,0,95.14,3.9,100.0,0.0,99.4,0.6
2026-05-29 06:33:27,none,1,1566,success,6,0.7949,1.8872,0,95.15,3.9,100.0,0.0,99.4,0.6
2026-05-29 06:33:38,none,1,1567,success,12,0.8752,0.7383,0,95.15,3.89,100.0,0.0,99.4,0.6
2026-05-29 06:33:46,none,1,1568,success,8,1.1093,1.4815,0,95.15,3.89,100.0,0.0,99.4,0.6
2026-05-29 06:33:53,none,1,1569,success,6,0.8555,1.1663,0,95.16,3.89,100.0,0.0,99.4,0.6
2026-05-29 06:33:59,none,1,1570,success,6,1.2672,1.7273,0,95.16,3.89,100.0,0.0,99.4,0.6
2026-05-29 06:34:08,none,1,1571,success,8,0.4638,1.3618,0,95.16,3.88,100.0,0.0,99.4,0.6
2026-05-29 06:34:21,none,1,1572,success,12,0.7384,0.5072,0,95.17,3.88,100.0,0.0,99.4,0.6
2026-05-29 06:34:26,none,1,1573,success,4,0.7875,1.5385,0,95.17,3.88,100.0,0.0,99.4,0.6
2026-05-29 06:34:49,none,1,1574,success,24,0.2891,0.6753,0,95.17,3.88,100.0,0.0,99.4,0.6
2026-05-29 06:34:59,none,1,1575,success,10,0.9521,0.9784,0,95.17,3.87,100.0,0.0,99.4,0.6
2026-05-29 06:35:09,none,1,1576,success,10,0.532,1.2261,0,95.18,3.87,100.0,0.0,99.4,0.6
2026-05-29 06:35:14,none,1,1577,success,5,0.7868,1.4552,0,95.18,3.87,100.0,0.0,99.4,0.6
2026-05-29 06:35:27,none,1,1578,success,13,0.9227,0.9444,0,95.18,3.87,100.0,0.0,99.4,0.6
2026-05-29 06:35:35,none,1,1579,success,8,1.1264,0.8784,0,95.19,3.86,100.0,0.0,99.4,0.6
2026-05-29 06:35:43,none,1,1580,success,9,0.9312,0.8539,0,95.19,3.86,100.0,0.0,99.4,0.6
2026-05-29 06:35:54,none,1,1581,success,9,0.668,0.9501,0,95.19,3.86,100.0,0.0,99.4,0.6
2026-05-29 06:36:00,none,1,1582,success,6,1.109,1.2687,0,95.2,3.86,100.0,0.0,99.4,0.6
2026-05-29 06:36:09,none,1,1583,success,8,0.7892,0.8552,0,95.2,3.85,100.0,0.0,99.4,0.6
2026-05-29 06:36:19,none,1,1584,success,10,0.8412,0.8705,0,95.2,3.85,100.0,0.0,99.4,0.6
2026-05-29 06:36:21,none,1,1585,success,1,87.9422,2.3171,0,95.21,3.85,100.0,0.0,99.4,0.6
2026-05-29 06:36:36,none,1,1586,success,15,0.6128,1.261,0,95.21,3.85,100.0,0.0,99.4,0.6
2026-05-29 06:36:51,none,1,1587,success,14,0.7483,1.3248,0,95.21,3.84,100.0,0.0,99.4,0.6
2026-05-29 06:36:55,none,1,1588,success,4,1.2674,1.581,0,95.21,3.84,100.0,0.0,99.4,0.6
2026-05-29 06:37:02,none,1,1589,success,7,0.457,1.2479,0,95.22,3.84,100.0,0.0,99.4,0.6
2026-05-29 06:37:16,none,1,1590,success,13,1.016,0.7202,0,95.22,3.84,100.0,0.0,99.4,0.6
2026-05-29 06:37:24,none,1,1591,success,8,0.5292,1.4651,0,95.22,3.83,100.0,0.0,99.4,0.6
2026-05-29 06:37:38,none,1,1592,success,6,0.6018,1.2501,0,95.23,3.83,100.0,0.0,99.4,0.6
2026-05-29 06:37:51,none,1,1593,success,14,0.7532,1.0697,0,95.23,3.83,100.0,0.0,99.4,0.6
2026-05-29 06:38:04,none,1,1594,success,14,0.8459,0.607,0,95.23,3.83,100.0,0.0,99.4,0.6
2026-05-29 06:38:13,none,1,1595,success,8,0.3677,1.6843,0,95.24,3.82,100.0,0.0,99.4,0.6
2026-05-29 06:38:22,none,1,1596,success,8,0.737,0.6351,0,95.24,3.82,100.0,0.0,99.4,0.6
2026-05-29 06:38:27,none,1,1597,success,5,1.2559,1.713,0,95.24,3.82,100.0,0.0,99.4,0.6
2026-05-29 06:38:43,none,1,1598,success,15,0.4078,0.7429,0,95.24,3.82,100.0,0.0,99.4,0.6
2026-05-29 06:38:53,none,1,1599,success,10,0.6147,1.2352,0,95.25,3.81,100.0,0.0,99.4,0.6
2026-05-29 06:39:07,none,1,1600,success,14,0.6728,0.6934,0,95.25,3.81,100.0,0.0,99.4,0.6
2026-05-29 06:39:18,none,1,1601,success,12,0.7584,0.8425,0,95.25,3.81,100.0,0.0,99.4,0.6
2026-05-29 06:39:30,none,1,1602,success,12,0.7209,0.8732,0,95.26,3.81,100.0,0.0,99.4,0.6
2026-05-29 06:39:38,none,1,1603,success,8,0.471,1.174,0,95.26,3.81,100.0,0.0,99.4,0.6
2026-05-29 06:39:52,none,1,1604,success,14,0.8064,0.5315,0,95.26,3.8,100.0,0.0,99.4,0.6
2026-05-29 06:40:03,none,1,1605,success,11,1.1387,0.7949,0,95.26,3.8,100.0,0.0,99.4,0.6
2026-05-29 06:40:16,none,1,1606,success,13,0.9442,0.3532,0,95.27,3.8,100.0,0.0,99.4,0.6
2026-05-29 06:40:19,none,1,1607,success,2,0.7891,1.8471,0,95.27,3.8,100.0,0.0,99.4,0.6
2026-05-29 06:40:27,none,1,1608,success,8,0.5474,1.2275,0,95.27,3.79,100.0,0.0,99.4,0.6
2026-05-29 06:40:41,none,1,1609,success,14,0.5693,1.13,0,95.28,3.79,100.0,0.0,99.4,0.6
2026-05-29 06:40:55,none,1,1610,success,14,0.482,0.7974,0,95.28,3.79,100.0,0.0,99.4,0.6
2026-05-29 06:41:01,none,1,1611,success,7,1.2027,1.0295,0,95.28,3.79,100.0,0.0,99.4,0.6
2026-05-29 06:41:14,none,1,1612,success,13,0.5316,1.149,0,95.29,3.78,100.0,0.0,99.4,0.6
2026-05-29 06:41:16,none,1,1613,success,1,594.6281,2.3163,0,95.29,3.78,100.0,0.0,99.4,0.6
2026-05-29 06:41:31,none,1,1614,success,15,0.4909,0.8988,0,95.29,3.78,100.0,0.0,99.4,0.6
2026-05-29 06:41:42,none,1,1615,success,12,0.9909,0.8066,0,95.29,3.78,100.0,0.0,99.4,0.6
2026-05-29 06:41:55,none,1,1616,success,14,0.5919,1.2274,0,95.3,3.77,100.0,0.0,99.4,0.6
2026-05-29 06:42:08,none,1,1617,success,14,0.6519,0.3523,0,95.3,3.77,100.0,0.0,99.4,0.6
2026-05-29 06:42:17,none,1,1618,success,8,0.4418,1.8333,0,95.3,3.77,100.0,0.0,99.4,0.6
2026-05-29 06:42:25,none,1,1619,success,8,0.8462,1.5861,0,95.31,3.77,100.0,0.0,99.4,0.6
2026-05-29 06:42:36,none,1,1620,success,12,1.1138,0.7886,0,95.31,3.77,100.0,0.0,99.4,0.6
2026-05-29 06:42:49,none,1,1621,success,12,0.6839,1.1611,0,95.31,3.76,100.0,0.0,99.4,0.6
2026-05-29 06:42:54,none,1,1622,success,4,1.1069,1.8442,0,95.31,3.76,100.0,0.0,99.4,0.6
2026-05-29 06:43:01,none,1,1623,success,6,1.1416,0.941,0,95.32,3.76,100.0,0.0,99.4,0.6
2026-05-29 06:43:10,none,1,1624,success,8,1.0985,1.0132,0,95.32,3.76,100.0,0.0,99.4,0.6
2026-05-29 06:43:26,none,1,1625,success,16,0.7952,0.3955,0,95.32,3.75,100.0,0.0,99.4,0.6
2026-05-29 06:43:36,none,1,1626,success,10,0.7238,1.3279,0,95.33,3.75,100.0,0.0,99.4,0.6
2026-05-29 06:43:48,none,1,1627,success,12,0.5965,1.1857,0,95.33,3.75,100.0,0.0,99.4,0.6
2026-05-29 06:43:59,none,1,1628,success,12,0.5229,1.5845,0,95.33,3.75,100.0,0.0,99.4,0.6
2026-05-29 06:44:09,none,1,1629,success,10,0.8153,0.5819,0,95.33,3.74,100.0,0.0,99.4,0.6
2026-05-29 06:44:18,none,1,1630,success,8,0.6704,1.1068,0,95.34,3.74,100.0,0.0,99.4,0.6
2026-05-29 06:44:30,none,1,1631,success,12,0.8474,1.1989,0,95.34,3.74,100.0,0.0,99.4,0.6
2026-05-29 06:44:38,none,1,1632,success,8,0.5807,1.5426,0,95.34,3.74,100.0,0.0,99.4,0.6
2026-05-29 06:44:49,none,1,1633,success,10,0.9456,0.6681,0,95.35,3.74,100.0,0.0,99.4,0.6
2026-05-29 06:44:57,none,1,1634,success,8,0.3027,1.2624,0,95.35,3.73,100.0,0.0,99.4,0.6
2026-05-29 06:45:04,none,1,1635,success,8,0.5711,1.3458,0,95.35,3.73,100.0,0.0,99.4,0.6
2026-05-29 06:45:14,none,1,1636,success,10,0.3053,1.1825,0,95.35,3.73,100.0,0.0,99.4,0.6
2026-05-29 06:45:26,none,1,1637,success,12,0.8495,0.6829,0,95.36,3.73,100.0,0.0,99.4,0.6
2026-05-29 06:45:36,none,1,1638,success,10,0.7959,0.6629,0,95.36,3.72,100.0,0.0,99.4,0.6
2026-05-29 06:45:44,none,1,1639,success,8,1.1189,0.7899,0,95.36,3.72,100.0,0.0,99.4,0.6
2026-05-29 06:45:59,none,1,1640,success,16,0.3624,1.3937,0,95.37,3.72,100.0,0.0,99.4,0.6
2026-05-29 06:46:14,none,1,1641,success,16,0.7385,0.503,0,95.37,3.72,100.0,0.0,99.4,0.6
2026-05-29 06:46:26,none,1,1642,success,12,0.7939,0.8315,0,95.37,3.71,100.0,0.0,99.4,0.6
2026-05-29 06:46:43,none,1,1643,success,18,0.6497,1.0046,0,95.37,3.71,100.0,0.0,99.4,0.6
2026-05-29 06:46:57,none,1,1644,success,16,0.7588,0.5082,0,95.38,3.71,100.0,0.0,99.4,0.6
2026-05-29 06:47:07,none,1,1645,success,10,0.5923,1.2046,0,95.38,3.71,100.0,0.0,99.4,0.6
2026-05-29 06:47:12,none,1,1646,success,4,1.2234,1.6827,0,95.38,3.71,100.0,0.0,99.4,0.6
2026-05-29 06:47:29,none,1,1647,success,18,0.5,1.0873,0,95.39,3.7,100.0,0.0,99.4,0.6
2026-05-29 06:47:34,none,1,1648,success,4,0.8169,1.4999,0,95.39,3.7,100.0,0.0,99.4,0.6
2026-05-29 06:47:39,none,1,1649,success,4,1.7258,1.9864,0,95.39,3.7,100.0,0.0,99.4,0.6
2026-05-29 06:47:54,none,1,1650,success,16,0.5082,0.6112,0,95.39,3.7,100.0,0.0,99.4,0.6
2026-05-29 06:47:57,none,1,1651,success,2,1.1706,1.8411,0,95.4,3.69,100.0,0.0,99.4,0.6
2026-05-29 06:48:09,none,1,1652,success,12,0.7963,0.5472,0,95.4,3.69,100.0,0.0,99.4,0.6
2026-05-29 06:48:22,none,1,1653,success,15,0.9976,0.63,0,95.4,3.69,100.0,0.0,99.4,0.6
2026-05-29 06:48:36,none,1,1654,success,13,0.93,0.5122,0,95.41,3.69,100.0,0.0,99.4,0.6
2026-05-29 06:48:48,none,1,1655,success,12,0.8333,0.6591,0,95.41,3.69,100.0,0.0,99.4,0.6
2026-05-29 06:49:07,none,1,1656,success,20,0.3089,0.7645,0,95.41,3.68,100.0,0.0,99.4,0.6
2026-05-29 06:49:13,none,1,1657,success,6,1.0889,1.1839,0,95.41,3.68,100.0,0.0,99.4,0.6
2026-05-29 06:49:22,none,1,1658,success,8,1.146,1.4143,0,95.42,3.68,100.0,0.0,99.4,0.6
2026-05-29 06:49:26,none,1,1659,success,4,1.2157,1.6289,0,95.42,3.68,100.0,0.0,99.4,0.6
2026-05-29 06:49:40,none,1,1660,success,14,0.7804,0.4173,0,95.42,3.67,100.0,0.0,99.4,0.6
2026-05-29 06:49:52,none,1,1661,success,12,0.8964,1.1031,0,95.42,3.67,100.0,0.0,99.4,0.6
2026-05-29 06:50:02,none,1,1662,success,10,0.8445,1.2032,0,95.43,3.67,100.0,0.0,99.4,0.6
2026-05-29 06:50:13,none,1,1663,success,12,0.7183,0.6403,0,95.43,3.67,100.0,0.0,99.4,0.6
2026-05-29 06:50:23,none,1,1664,success,10,0.6107,1.2569,0,95.43,3.67,100.0,0.0,99.4,0.6
2026-05-29 06:50:33,none,1,1665,success,10,0.8334,0.9143,0,95.44,3.66,100.0,0.0,99.4,0.6
2026-05-29 06:50:36,none,1,1666,success,2,6.1954,2.2937,0,95.44,3.66,100.0,0.0,99.4,0.6
2026-05-29 06:50:42,none,1,1667,success,4,1.1786,1.602,0,95.44,3.66,100.0,0.0,99.4,0.6
2026-05-29 06:50:43,none,1,1668,success,1,43.2846,2.3141,0,95.44,3.66,100.0,0.0,99.4,0.6
2026-05-29 06:50:56,none,1,1669,success,13,0.6767,0.6679,0,95.45,3.65,100.0,0.0,99.4,0.6
2026-05-29 06:51:02,none,1,1670,success,6,1.1207,1.89,0,95.45,3.65,100.0,0.0,99.4,0.6
2026-05-29 06:51:12,none,1,1671,success,10,1.1375,0.7905,0,95.45,3.65,100.0,0.0,99.4,0.6
2026-05-29 06:51:30,none,1,1672,success,18,0.3032,1.1941,0,95.45,3.65,100.0,0.0,99.4,0.6
2026-05-29 06:51:35,none,1,1673,success,4,1.1493,1.8973,0,95.46,3.65,100.0,0.0,99.4,0.6
2026-05-29 06:51:46,none,1,1674,success,12,0.4956,1.3935,0,95.46,3.64,100.0,0.0,99.4,0.6
2026-05-29 06:51:47,none,1,1675,success,1,37.9388,2.3246,0,95.46,3.64,100.0,0.0,99.4,0.6
2026-05-29 06:51:56,none,1,1676,success,7,1.1543,0.9836,0,95.47,3.64,100.0,0.0,99.4,0.6
2026-05-29 06:52:02,none,1,1677,success,6,1.2364,1.6779,0,95.47,3.64,100.0,0.0,99.4,0.6
2026-05-29 06:52:08,none,1,1678,success,4,1.3798,1.4929,0,95.47,3.64,100.0,0.0,99.4,0.6
2026-05-29 06:52:21,none,1,1679,success,14,0.97,0.6426,0,95.47,3.63,100.0,0.0,99.4,0.6
2026-05-29 06:52:23,none,1,1680,success,1,161.9761,2.3186,0,95.48,3.63,100.0,0.0,99.4,0.6
2026-05-29 06:52:37,none,1,1681,success,13,0.8054,1.0545,0,95.48,3.63,100.0,0.0,99.4,0.6
2026-05-29 06:52:47,none,1,1682,success,10,0.7437,1.6311,0,95.48,3.63,100.0,0.0,99.4,0.6
2026-05-29 06:52:55,none,1,1683,success,8,1.026,1.0758,0,95.48,3.62,100.0,0.0,99.4,0.6
2026-05-29 06:53:03,none,1,1684,success,8,1.0111,1.158,0,95.49,3.62,100.0,0.0,99.4,0.6
2026-05-29 06:53:16,none,1,1685,success,14,0.9252,0.4939,0,95.49,3.62,100.0,0.0,99.4,0.6
2026-05-29 06:53:27,none,1,1686,success,12,0.4432,1.6955,0,95.49,3.62,100.0,0.0,99.4,0.6
2026-05-29 06:53:29,none,1,1687,success,1,46.3169,2.326,0,95.49,3.62,100.0,0.0,99.4,0.6
2026-05-29 06:53:43,none,1,1688,success,13,0.7833,0.7077,0,95.5,3.61,100.0,0.0,99.4,0.6
2026-05-29 06:53:57,none,1,1689,success,16,0.6378,0.9077,0,95.5,3.61,100.0,0.0,99.4,0.6
2026-05-29 06:53:59,none,1,1690,success,1,34.0211,2.3241,0,95.5,3.61,100.0,0.0,99.4,0.6
2026-05-29 06:54:07,none,1,1691,success,7,1.0355,1.0087,0,95.51,3.61,100.0,0.0,99.4,0.6
2026-05-29 06:54:17,none,1,1692,success,10,0.8884,1.0406,0,95.51,3.61,100.0,0.0,99.4,0.6
2026-05-29 06:54:27,none,1,1693,success,10,0.6176,1.5864,0,95.51,3.6,100.0,0.0,99.4,0.6
2026-05-29 06:54:42,none,1,1694,success,16,0.5832,0.7638,0,95.51,3.6,100.0,0.0,99.4,0.6
2026-05-29 06:54:52,none,1,1695,success,10,0.1792,1.3185,0,95.52,3.6,100.0,0.0,99.4,0.6
2026-05-29 06:54:57,none,1,1696,success,4,0.5981,1.4884,0,95.52,3.6,100.0,0.0,99.4,0.6
2026-05-29 06:55:02,none,1,1697,success,4,1.5227,1.7431,0,95.52,3.59,100.0,0.0,99.4,0.6
2026-05-29 06:55:05,none,1,1698,success,2,1.8236,2.0619,0,95.52,3.59,100.0,0.0,99.4,0.6
2026-05-29 06:55:14,none,1,1699,success,8,0.5947,1.51,0,95.53,3.59,100.0,0.0,99.4,0.6
2026-05-29 06:55:26,none,1,1700,success,12,0.5083,0.8157,0,95.53,3.59,100.0,0.0,99.4,0.6
2026-05-29 06:55:37,none,1,1701,success,10,0.4552,1.3769,0,95.53,3.59,100.0,0.0,99.4,0.6
2026-05-29 06:55:44,none,1,1702,success,6,0.7858,1.3816,0,95.53,3.58,100.0,0.0,99.4,0.6
2026-05-29 06:55:51,none,1,1703,success,6,0.9285,1.1803,0,95.54,3.58,100.0,0.0,99.4,0.6
2026-05-29 06:56:04,none,1,1704,success,14,0.7846,0.2841,1,95.54,3.58,100.0,0.0,99.4,0.6
2026-05-29 06:56:06,none,1,1705,success,1,15.9869,2.3204,0,95.54,3.58,100.0,0.0,99.4,0.6
2026-05-29 06:56:22,none,1,1706,success,17,0.6243,0.9208,0,95.55,3.58,100.0,0.0,99.4,0.6
2026-05-29 06:56:30,none,1,1707,success,8,0.8358,0.7893,0,95.55,3.57,100.0,0.0,99.4,0.6
2026-05-29 06:56:42,none,1,1708,success,12,1.0029,0.7014,0,95.55,3.57,100.0,0.0,99.4,0.6
2026-05-29 06:56:51,none,1,1709,success,8,0.8686,0.7682,0,95.55,3.57,100.0,0.0,99.4,0.6
2026-05-29 06:57:17,none,1,1710,success,28,0.2495,0.2623,4,95.56,3.57,100.0,0.0,99.4,0.6
2026-05-29 06:57:26,none,1,1711,success,8,0.3949,1.4513,0,95.56,3.57,100.0,0.0,99.4,0.6
2026-05-29 06:57:31,none,1,1712,success,4,0.7078,1.5183,0,95.56,3.56,100.0,0.0,99.4,0.6
2026-05-29 06:57:40,none,1,1713,success,8,1.0924,1.0376,0,95.56,3.56,100.0,0.0,99.4,0.6
2026-05-29 06:57:49,none,1,1714,success,8,0.916,0.8676,0,95.57,3.56,100.0,0.0,99.4,0.6
2026-05-29 06:58:02,none,1,1715,success,14,0.6847,0.8416,0,95.57,3.56,100.0,0.0,99.4,0.6
2026-05-29 06:58:09,none,1,1716,success,6,1.224,1.2258,0,95.57,3.55,100.0,0.0,99.4,0.6
2026-05-29 06:58:27,none,1,1717,success,18,0.4598,1.0961,0,95.57,3.55,100.0,0.0,99.4,0.6
2026-05-29 06:58:35,none,1,1718,success,8,0.6303,1.2886,0,95.58,3.55,100.0,0.0,99.4,0.6
2026-05-29 06:58:46,none,1,1719,success,12,0.6743,0.3622,0,95.58,3.55,100.0,0.0,99.4,0.6
2026-05-29 06:58:55,none,1,1720,success,8,0.5634,1.1967,0,95.58,3.55,100.0,0.0,99.4,0.6
2026-05-29 06:59:06,none,1,1721,success,10,1.0352,0.7632,0,95.58,3.54,100.0,0.0,99.4,0.6
2026-05-29 06:59:23,none,1,1722,success,18,0.1412,1.2084,0,95.59,3.54,100.0,0.0,99.4,0.6
2026-05-29 06:59:32,none,1,1723,success,10,1.0613,1.1302,0,95.59,3.54,100.0,0.0,99.4,0.6
2026-05-29 06:59:42,none,1,1724,success,10,0.5737,1.5416,0,95.59,3.54,100.0,0.0,99.4,0.6
2026-05-29 06:59:49,none,1,1725,success,6,0.6786,1.2763,0,95.59,3.54,100.0,0.0,99.4,0.6
2026-05-29 06:59:52,none,1,1726,success,2,1.919,1.9846,0,95.6,3.53,100.0,0.0,99.4,0.6
2026-05-29 07:00:00,none,1,1727,success,8,1.1938,1.6315,0,95.6,3.53,100.0,0.0,99.4,0.6
2026-05-29 07:00:05,none,1,1728,success,4,0.8318,1.5239,0,95.6,3.53,100.0,0.0,99.4,0.6
2026-05-29 07:00:15,none,1,1729,success,10,0.8384,0.7012,0,95.6,3.53,100.0,0.0,99.4,0.6
2026-05-29 07:00:25,none,1,1730,success,10,0.7518,1.8238,0,95.61,3.53,100.0,0.0,99.4,0.6
2026-05-29 07:00:33,none,1,1731,success,8,0.9062,1.1197,0,95.61,3.52,100.0,0.0,99.4,0.6
2026-05-29 07:00:45,none,1,1732,success,12,0.4622,0.7163,0,95.61,3.52,100.0,0.0,99.4,0.6
2026-05-29 07:00:54,none,1,1733,success,8,0.3854,1.3428,0,95.61,3.52,100.0,0.0,99.4,0.6
2026-05-29 07:01:06,none,1,1734,success,12,1.1119,0.9817,0,95.62,3.52,100.0,0.0,99.4,0.6
2026-05-29 07:01:18,none,1,1735,success,12,0.4999,1.3102,0,95.62,3.52,100.0,0.0,99.4,0.6
2026-05-29 07:01:21,none,1,1736,success,2,1.6563,1.905,0,95.62,3.51,100.0,0.0,99.4,0.6
2026-05-29 07:01:37,none,1,1737,success,16,0.9429,0.6498,0,95.62,3.51,100.0,0.0,99.4,0.6
2026-05-29 07:01:49,none,1,1738,success,13,1.065,1.3398,0,95.63,3.51,100.0,0.0,99.4,0.6
2026-05-29 07:01:59,none,1,1739,success,9,0.9258,0.7582,0,95.63,3.51,100.0,0.0,99.4,0.6
2026-05-29 07:02:11,none,1,1740,success,12,0.786,0.4929,0,95.63,3.51,100.0,0.0,99.4,0.6
2026-05-29 07:02:24,none,1,1741,success,14,0.6446,1.124,0,95.63,3.5,100.0,0.0,99.4,0.6
2026-05-29 07:02:26,none,1,1742,success,1,118.8761,2.3103,0,95.64,3.5,100.0,0.0,99.4,0.6
2026-05-29 07:02:29,none,1,1743,success,1,90.0681,2.3192,0,95.64,3.5,100.0,0.0,99.4,0.6
2026-05-29 07:02:40,none,1,1744,success,10,0.4993,1.1275,0,95.64,3.5,100.0,0.0,99.4,0.6
2026-05-29 07:02:52,none,1,1745,success,12,0.8348,0.916,0,95.64,3.5,100.0,0.0,99.4,0.6
2026-05-29 07:02:58,none,1,1746,success,6,1.1009,1.6385,0,95.65,3.49,100.0,0.0,99.4,0.6
2026-05-29 07:03:08,none,1,1747,success,10,0.8003,0.6334,0,95.65,3.49,100.0,0.0,99.4,0.6
2026-05-29 07:03:18,none,1,1748,success,10,0.964,1.1453,0,95.65,3.49,100.0,0.0,99.4,0.6
2026-05-29 07:03:26,none,1,1749,success,8,0.9998,0.7957,0,95.65,3.49,100.0,0.0,99.4,0.6
2026-05-29 07:03:40,none,1,1750,collision,-1,0.7363,0.1843,2,95.6,3.54,99.0,1.0,99.2,0.8
2026-05-29 07:03:48,none,1,1751,success,8,1.0236,0.7334,0,95.6,3.54,99.0,1.0,99.2,0.8
2026-05-29 07:04:00,none,1,1752,success,12,0.8,0.6475,0,95.61,3.54,99.0,1.0,99.2,0.8
2026-05-29 07:04:11,none,1,1753,success,10,1.1224,0.8772,0,95.61,3.54,99.0,1.0,99.2,0.8
2026-05-29 07:04:34,none,1,1754,success,26,0.3048,0.4548,0,95.61,3.53,99.0,1.0,99.2,0.8
2026-05-29 07:04:46,none,1,1755,success,12,0.7381,0.5826,0,95.61,3.53,99.0,1.0,99.2,0.8
2026-05-29 07:04:57,none,1,1756,success,10,0.9072,1.3211,0,95.62,3.53,99.0,1.0,99.2,0.8
2026-05-29 07:05:05,none,1,1757,success,8,1.2461,1.5407,0,95.62,3.53,99.0,1.0,99.2,0.8
2026-05-29 07:05:13,none,1,1758,success,8,0.9362,0.7296,0,95.62,3.53,99.0,1.0,99.2,0.8
2026-05-29 07:05:19,none,1,1759,success,6,1.0101,1.3289,0,95.62,3.52,99.0,1.0,99.2,0.8
2026-05-29 07:05:29,none,1,1760,success,10,0.8825,0.3038,0,95.62,3.52,99.0,1.0,99.2,0.8
2026-05-29 07:05:37,none,1,1761,success,8,0.8055,1.0165,0,95.63,3.52,99.0,1.0,99.2,0.8
2026-05-29 07:05:57,none,1,1762,success,22,0.4779,0.7116,0,95.63,3.52,99.0,1.0,99.2,0.8
2026-05-29 07:06:07,none,1,1763,success,10,0.8031,1.3002,0,95.63,3.52,99.0,1.0,99.2,0.8
2026-05-29 07:06:17,none,1,1764,success,10,0.5794,1.2718,0,95.63,3.51,99.0,1.0,99.2,0.8
2026-05-29 07:06:29,none,1,1765,success,12,0.709,0.6416,0,95.64,3.51,99.0,1.0,99.2,0.8
2026-05-29 07:06:38,none,1,1766,success,11,1.079,1.1426,0,95.64,3.51,99.0,1.0,99.2,0.8
2026-05-29 07:06:48,none,1,1767,success,10,0.7826,1.8329,0,95.64,3.51,99.0,1.0,99.2,0.8
2026-05-29 07:07:00,none,1,1768,success,11,0.5799,0.4117,0,95.64,3.51,99.0,1.0,99.2,0.8
2026-05-29 07:07:10,none,1,1769,success,10,0.5221,0.9393,0,95.65,3.5,99.0,1.0,99.2,0.8
2026-05-29 07:07:18,none,1,1770,success,8,0.748,1.1647,0,95.65,3.5,99.0,1.0,99.2,0.8
2026-05-29 07:07:27,none,1,1771,success,8,0.8218,0.9759,0,95.65,3.5,99.0,1.0,99.2,0.8
2026-05-29 07:07:44,none,1,1772,success,18,0.4702,1.1515,0,95.65,3.5,99.0,1.0,99.2,0.8
2026-05-29 07:08:01,none,1,1773,success,19,0.2772,0.5904,0,95.66,3.5,99.0,1.0,99.2,0.8
2026-05-29 07:08:27,none,1,1774,success,27,0.3815,0.4281,0,95.66,3.49,99.0,1.0,99.2,0.8
2026-05-29 07:08:40,none,1,1775,success,12,0.362,1.4861,0,95.66,3.49,99.0,1.0,99.2,0.8
2026-05-29 07:08:46,none,1,1776,success,6,1.2119,1.3482,0,95.66,3.49,99.0,1.0,99.2,0.8
2026-05-29 07:08:56,none,1,1777,success,10,0.641,1.217,0,95.67,3.49,99.0,1.0,99.2,0.8
2026-05-29 07:08:58,none,1,1778,success,1,375.1753,2.3091,0,95.67,3.49,99.0,1.0,99.2,0.8
2026-05-29 07:09:05,none,1,1779,success,5,1.1784,1.7756,0,95.67,3.49,99.0,1.0,99.2,0.8
2026-05-29 07:09:15,none,1,1780,success,10,0.8269,0.6161,0,95.67,3.48,99.0,1.0,99.2,0.8
2026-05-29 07:09:27,none,1,1781,success,12,0.4644,0.8748,0,95.68,3.48,99.0,1.0,99.2,0.8
2026-05-29 07:09:33,none,1,1782,success,6,1.171,0.9149,0,95.68,3.48,99.0,1.0,99.2,0.8
2026-05-29 07:09:43,none,1,1783,success,10,1.0862,0.7536,0,95.68,3.48,99.0,1.0,99.2,0.8
2026-05-29 07:09:56,none,1,1784,success,14,0.844,0.6475,0,95.68,3.48,99.0,1.0,99.2,0.8
2026-05-29 07:09:59,none,1,1785,success,2,1.5837,1.9232,0,95.69,3.47,99.0,1.0,99.2,0.8
2026-05-29 07:10:06,none,1,1786,success,6,1.0162,0.9831,0,95.69,3.47,99.0,1.0,99.2,0.8
2026-05-29 07:10:18,none,1,1787,success,12,0.7966,0.791,0,95.69,3.47,99.0,1.0,99.2,0.8
2026-05-29 07:10:27,none,1,1788,success,8,0.7876,0.9838,0,95.69,3.47,99.0,1.0,99.2,0.8
2026-05-29 07:10:35,none,1,1789,success,8,0.2403,1.4957,0,95.7,3.47,99.0,1.0,99.2,0.8
2026-05-29 07:10:42,none,1,1790,success,6,0.5407,1.3307,0,95.7,3.46,99.0,1.0,99.2,0.8
2026-05-29 07:10:56,none,1,1791,success,14,0.5062,0.8518,0,95.7,3.46,99.0,1.0,99.2,0.8
2026-05-29 07:11:09,none,1,1792,success,12,0.5074,1.0688,0,95.7,3.46,99.0,1.0,99.2,0.8
2026-05-29 07:11:22,none,1,1793,success,14,0.7611,1.0502,0,95.71,3.46,99.0,1.0,99.2,0.8
2026-05-29 07:11:34,none,1,1794,success,12,0.5618,1.2127,0,95.71,3.46,99.0,1.0,99.2,0.8
2026-05-29 07:11:51,none,1,1795,success,18,0.6341,0.4748,0,95.71,3.45,99.0,1.0,99.2,0.8
2026-05-29 07:11:57,none,1,1796,success,6,1.0679,1.3281,0,95.71,3.45,99.0,1.0,99.2,0.8
2026-05-29 07:12:06,none,1,1797,success,8,0.9082,0.9246,0,95.72,3.45,99.0,1.0,99.2,0.8
2026-05-29 07:12:25,none,1,1798,success,22,0.2594,0.9857,0,95.72,3.45,99.0,1.0,99.2,0.8
2026-05-29 07:12:39,none,1,1799,success,14,0.5763,0.8523,0,95.72,3.45,99.0,1.0,99.2,0.8
2026-05-29 07:12:47,none,1,1800,success,8,0.4754,1.3447,0,95.72,3.44,99.0,1.0,99.2,0.8
2026-05-29 07:12:55,none,1,1801,success,8,1.1956,1.2378,0,95.72,3.44,99.0,1.0,99.2,0.8
2026-05-29 07:13:05,none,1,1802,collision,-1,0.8613,0.1402,3,95.67,3.5,98.0,2.0,99.0,1.0
2026-05-29 07:13:23,none,1,1803,success,18,0.6112,0.6999,0,95.67,3.49,98.0,2.0,99.0,1.0
2026-05-29 07:13:30,none,1,1804,success,6,0.9668,1.1079,0,95.68,3.49,98.0,2.0,99.0,1.0
2026-05-29 07:13:46,none,1,1805,success,18,0.466,0.924,0,95.68,3.49,98.0,2.0,99.0,1.0
2026-05-29 07:13:48,none,1,1806,success,1,190.1912,2.3199,0,95.68,3.49,98.0,2.0,99.0,1.0
2026-05-29 07:13:58,none,1,1807,success,10,0.8877,0.7048,0,95.68,3.49,98.0,2.0,99.0,1.0
2026-05-29 07:14:20,none,1,1808,success,21,0.3251,1.0262,0,95.69,3.48,98.0,2.0,99.0,1.0
2026-05-29 07:14:30,none,1,1809,success,10,1.0061,0.6832,0,95.69,3.48,98.0,2.0,99.0,1.0
2026-05-29 07:14:42,none,1,1810,success,12,0.623,0.877,0,95.69,3.48,98.0,2.0,99.0,1.0
2026-05-29 07:14:49,none,1,1811,success,6,0.9962,1.2517,0,95.69,3.48,98.0,2.0,99.0,1.0
2026-05-29 07:14:57,none,1,1812,success,8,0.9425,0.9908,0,95.7,3.48,98.0,2.0,99.0,1.0
2026-05-29 07:15:02,none,1,1813,success,4,1.5047,1.7744,0,95.7,3.47,98.0,2.0,99.0,1.0
2026-05-29 07:15:09,none,1,1814,success,6,1.1158,1.3307,0,95.7,3.47,98.0,2.0,99.0,1.0
2026-05-29 07:15:15,none,1,1815,success,6,1.2621,1.4448,0,95.7,3.47,98.0,2.0,99.0,1.0
2026-05-29 07:15:17,none,1,1816,success,1,112.8553,2.3253,0,95.7,3.47,98.0,2.0,99.0,1.0
2026-05-29 07:15:29,none,1,1817,success,11,1.0751,0.6249,0,95.71,3.47,98.0,2.0,99.0,1.0
2026-05-29 07:15:40,none,1,1818,success,12,0.8076,1.032,0,95.71,3.47,98.0,2.0,99.0,1.0
2026-05-29 07:15:50,none,1,1819,success,10,0.998,0.6306,0,95.71,3.46,98.0,2.0,99.0,1.0
2026-05-29 07:16:02,none,1,1820,success,12,0.957,0.794,0,95.71,3.46,98.0,2.0,99.0,1.0
2026-05-29 07:16:19,none,1,1821,success,18,0.5777,0.6008,0,95.72,3.46,98.0,2.0,99.0,1.0
2026-05-29 07:16:26,none,1,1822,success,6,1.0147,1.2629,0,95.72,3.46,98.0,2.0,99.0,1.0
2026-05-29 07:16:39,none,1,1823,success,14,0.5209,1.1,0,95.72,3.46,98.0,2.0,99.0,1.0
2026-05-29 07:16:53,none,1,1824,success,14,0.6424,1.1971,0,95.72,3.45,98.0,2.0,99.0,1.0
2026-05-29 07:17:03,none,1,1825,success,10,0.696,1.0681,0,95.73,3.45,98.0,2.0,99.0,1.0
2026-05-29 07:17:13,none,1,1826,success,10,0.5395,1.0299,0,95.73,3.45,98.0,2.0,99.0,1.0
2026-05-29 07:17:23,none,1,1827,success,10,0.6742,1.0771,0,95.73,3.45,98.0,2.0,99.0,1.0
2026-05-29 07:17:32,none,1,1828,success,10,0.7134,0.9706,0,95.73,3.45,98.0,2.0,99.0,1.0
2026-05-29 07:17:41,none,1,1829,success,8,1.0384,0.5551,0,95.74,3.44,98.0,2.0,99.0,1.0
2026-05-29 07:17:51,none,1,1830,success,10,0.5454,0.9138,0,95.74,3.44,98.0,2.0,99.0,1.0
2026-05-29 07:18:07,none,1,1831,success,16,0.6575,0.8889,0,95.74,3.44,98.0,2.0,99.0,1.0
2026-05-29 07:18:17,none,1,1832,success,10,0.2312,1.3309,0,95.74,3.44,98.0,2.0,99.0,1.0
2026-05-29 07:18:27,none,1,1833,success,10,0.3036,1.7631,0,95.74,3.44,98.0,2.0,99.0,1.0
2026-05-29 07:18:32,none,1,1834,success,4,0.8066,1.4697,0,95.75,3.44,98.0,2.0,99.0,1.0
2026-05-29 07:18:44,none,1,1835,success,12,0.5053,1.1525,0,95.75,3.43,98.0,2.0,99.0,1.0
2026-05-29 07:18:50,none,1,1836,success,6,0.8615,0.7537,0,95.75,3.43,98.0,2.0,99.0,1.0
2026-05-29 07:18:59,none,1,1837,success,8,0.283,1.3263,0,95.75,3.43,98.0,2.0,99.0,1.0
2026-05-29 07:19:03,none,1,1838,success,4,1.0158,1.7585,0,95.76,3.43,98.0,2.0,99.0,1.0
2026-05-29 07:19:14,none,1,1839,success,10,0.9753,1.4523,0,95.76,3.43,98.0,2.0,99.0,1.0
2026-05-29 07:19:25,none,1,1840,success,11,0.5485,1.1738,0,95.76,3.42,98.0,2.0,99.0,1.0
2026-05-29 07:19:29,none,1,1841,success,3,1.4149,1.8424,0,95.76,3.42,98.0,2.0,99.0,1.0
2026-05-29 07:19:39,none,1,1842,success,10,1.0103,1.0646,0,95.77,3.42,98.0,2.0,99.0,1.0
2026-05-29 07:19:51,none,1,1843,success,12,0.6464,0.9788,0,95.77,3.42,98.0,2.0,99.0,1.0
2026-05-29 07:19:57,none,1,1844,success,6,1.0981,1.1391,0,95.77,3.42,98.0,2.0,99.0,1.0
2026-05-29 07:20:10,none,1,1845,success,12,0.6295,0.7168,0,95.77,3.41,98.0,2.0,99.0,1.0
2026-05-29 07:20:18,none,1,1846,success,8,0.803,0.555,0,95.77,3.41,98.0,2.0,99.0,1.0
2026-05-29 07:20:27,none,1,1847,success,8,0.94,1.1519,0,95.78,3.41,98.0,2.0,99.0,1.0
2026-05-29 07:20:38,none,1,1848,success,12,0.9565,0.7677,0,95.78,3.41,98.0,2.0,99.0,1.0
2026-05-29 07:20:44,none,1,1849,success,6,1.0712,1.4301,0,95.78,3.41,98.0,2.0,99.0,1.0
2026-05-29 07:20:54,none,1,1850,success,10,1.0566,1.0553,0,95.78,3.41,99.0,1.0,99.0,1.0
2026-05-29 07:21:11,none,1,1851,success,18,0.3611,0.9194,0,95.79,3.4,99.0,1.0,99.0,1.0
2026-05-29 07:21:25,none,1,1852,success,14,0.4225,1.3334,0,95.79,3.4,99.0,1.0,99.0,1.0
2026-05-29 07:21:33,none,1,1853,success,8,0.8423,0.5986,0,95.79,3.4,99.0,1.0,99.0,1.0
2026-05-29 07:21:44,none,1,1854,success,10,1.0731,0.9259,0,95.79,3.4,99.0,1.0,99.0,1.0
2026-05-29 07:21:49,none,1,1855,success,4,1.1503,1.5239,0,95.8,3.4,99.0,1.0,99.0,1.0
2026-05-29 07:21:57,none,1,1856,success,8,0.8312,1.7891,0,95.8,3.39,99.0,1.0,99.0,1.0
2026-05-29 07:22:10,none,1,1857,success,12,0.6419,0.8447,0,95.8,3.39,99.0,1.0,99.0,1.0
2026-05-29 07:22:23,none,1,1858,success,14,0.9102,0.8626,0,95.8,3.39,99.0,1.0,99.0,1.0
2026-05-29 07:22:31,none,1,1859,success,8,1.0125,1.0495,0,95.8,3.39,99.0,1.0,99.0,1.0
2026-05-29 07:22:42,none,1,1860,success,12,0.583,1.3736,0,95.81,3.39,99.0,1.0,99.0,1.0
2026-05-29 07:22:54,none,1,1861,success,12,0.7034,0.3565,0,95.81,3.39,99.0,1.0,99.0,1.0
2026-05-29 07:23:01,none,1,1862,success,6,1.1237,1.2637,0,95.81,3.38,99.0,1.0,99.0,1.0
2026-05-29 07:23:10,none,1,1863,success,10,0.957,0.4167,0,95.81,3.38,99.0,1.0,99.0,1.0
2026-05-29 07:23:12,none,1,1864,success,1,36.7201,2.3245,0,95.82,3.38,99.0,1.0,99.0,1.0
2026-05-29 07:23:23,none,1,1865,success,12,1.0175,0.6745,0,95.82,3.38,99.0,1.0,99.0,1.0
2026-05-29 07:23:40,none,1,1866,success,17,0.4567,0.8892,0,95.82,3.38,99.0,1.0,99.0,1.0
2026-05-29 07:23:49,none,1,1867,success,10,0.8171,0.9188,0,95.82,3.37,99.0,1.0,99.0,1.0
2026-05-29 07:24:00,none,1,1868,success,10,1.1095,0.6355,0,95.82,3.37,99.0,1.0,99.0,1.0
2026-05-29 07:24:01,none,1,1869,success,1,311.7562,2.3227,0,95.83,3.37,99.0,1.0,99.0,1.0
2026-05-29 07:24:17,none,1,1870,success,15,0.6809,0.417,0,95.83,3.37,99.0,1.0,99.0,1.0
2026-05-29 07:24:24,none,1,1871,success,8,1.1517,1.0617,0,95.83,3.37,99.0,1.0,99.0,1.0
2026-05-29 07:24:31,none,1,1872,success,7,1.0548,1.1537,0,95.83,3.37,99.0,1.0,99.0,1.0
2026-05-29 07:24:46,none,1,1873,success,15,0.6085,0.8146,0,95.84,3.36,99.0,1.0,99.0,1.0
2026-05-29 07:24:58,none,1,1874,success,12,0.5634,0.9222,0,95.84,3.36,99.0,1.0,99.0,1.0
2026-05-29 07:25:06,none,1,1875,success,8,1.0892,0.6929,0,95.84,3.36,99.0,1.0,99.0,1.0
2026-05-29 07:25:14,none,1,1876,success,8,1.189,1.374,0,95.84,3.36,99.0,1.0,99.0,1.0
2026-05-29 07:25:27,none,1,1877,success,12,0.5192,0.6067,0,95.84,3.36,99.0,1.0,99.0,1.0
2026-05-29 07:25:43,none,1,1878,success,18,0.3307,0.3747,0,95.85,3.35,99.0,1.0,99.0,1.0
2026-05-29 07:25:53,none,1,1879,success,10,0.6786,0.8349,0,95.85,3.35,99.0,1.0,99.0,1.0
2026-05-29 07:26:01,none,1,1880,success,8,0.9967,0.9089,0,95.85,3.35,99.0,1.0,99.0,1.0
2026-05-29 07:26:03,none,1,1881,success,1,167.6989,2.3203,0,95.85,3.35,99.0,1.0,99.0,1.0
2026-05-29 07:26:11,none,1,1882,success,7,0.7088,1.3452,0,95.86,3.35,99.0,1.0,99.0,1.0
2026-05-29 07:26:17,none,1,1883,success,6,0.9794,1.035,0,95.86,3.35,99.0,1.0,99.0,1.0
2026-05-29 07:26:27,none,1,1884,success,10,0.501,1.0588,0,95.86,3.34,99.0,1.0,99.0,1.0
2026-05-29 07:26:34,none,1,1885,success,6,0.7146,1.1865,0,95.86,3.34,99.0,1.0,99.0,1.0
2026-05-29 07:26:39,none,1,1886,success,4,0.8757,1.4169,0,95.86,3.34,99.0,1.0,99.0,1.0
2026-05-29 07:26:49,none,1,1887,success,10,0.7746,1.138,0,95.87,3.34,99.0,1.0,99.0,1.0
2026-05-29 07:26:57,none,1,1888,success,8,0.5022,1.403,0,95.87,3.34,99.0,1.0,99.0,1.0
2026-05-29 07:27:02,none,1,1889,success,5,1.2454,1.4539,0,95.87,3.34,99.0,1.0,99.0,1.0
2026-05-29 07:27:12,none,1,1890,success,9,0.2514,1.3431,0,95.87,3.33,99.0,1.0,99.0,1.0
2026-05-29 07:27:22,none,1,1891,success,10,0.4901,1.1302,0,95.88,3.33,99.0,1.0,99.0,1.0
2026-05-29 07:27:35,none,1,1892,success,14,0.391,1.3273,0,95.88,3.33,99.0,1.0,99.0,1.0
2026-05-29 07:27:38,none,1,1893,success,2,1.7299,1.9808,0,95.88,3.33,99.0,1.0,99.0,1.0
2026-05-29 07:27:44,none,1,1894,success,6,1.1241,1.0754,0,95.88,3.33,99.0,1.0,99.0,1.0
2026-05-29 07:28:01,none,1,1895,success,18,0.4642,1.2939,0,95.88,3.32,99.0,1.0,99.0,1.0
2026-05-29 07:28:07,none,1,1896,success,6,1.2189,0.861,0,95.89,3.32,99.0,1.0,99.0,1.0
2026-05-29 07:28:17,none,1,1897,success,10,0.5434,1.5606,0,95.89,3.32,99.0,1.0,99.0,1.0
2026-05-29 07:28:34,none,1,1898,success,18,0.5795,0.4783,0,95.89,3.32,99.0,1.0,99.0,1.0
2026-05-29 07:28:46,none,1,1899,success,14,0.3021,1.5311,0,95.89,3.32,99.0,1.0,99.0,1.0
2026-05-29 07:29:03,none,1,1900,success,16,0.5992,0.7976,0,95.89,3.32,99.0,1.0,99.0,1.0
2026-05-29 07:29:11,none,1,1901,success,8,0.8389,0.4932,0,95.9,3.31,99.0,1.0,99.0,1.0
2026-05-29 07:29:26,none,1,1902,success,16,0.4851,0.5816,0,95.9,3.31,100.0,0.0,99.2,0.8
2026-05-29 07:29:29,none,1,1903,success,2,1.021,1.9171,0,95.9,3.31,100.0,0.0,99.2,0.8
2026-05-29 07:29:38,none,1,1904,success,8,1.0916,1.0083,0,95.9,3.31,100.0,0.0,99.2,0.8
2026-05-29 07:29:47,none,1,1905,success,8,0.2438,1.3151,0,95.91,3.31,100.0,0.0,99.2,0.8
2026-05-29 07:29:56,none,1,1906,success,8,0.9744,0.6026,0,95.91,3.31,100.0,0.0,99.2,0.8
2026-05-29 07:30:04,none,1,1907,success,8,0.7837,0.8584,0,95.91,3.3,100.0,0.0,99.2,0.8
2026-05-29 07:30:21,none,1,1908,success,18,0.2207,1.1041,0,95.91,3.3,100.0,0.0,99.2,0.8
2026-05-29 07:30:28,none,1,1909,success,6,1.2018,1.9291,0,95.91,3.3,100.0,0.0,99.2,0.8
2026-05-29 07:30:36,none,1,1910,success,8,0.9374,0.4125,0,95.92,3.3,100.0,0.0,99.2,0.8
2026-05-29 07:30:55,none,1,1911,success,20,0.1359,1.2735,0,95.92,3.3,100.0,0.0,99.2,0.8
2026-05-29 07:31:05,none,1,1912,success,10,0.9536,1.2023,0,95.92,3.29,100.0,0.0,99.2,0.8
2026-05-29 07:31:17,none,1,1913,success,12,0.6132,0.9008,0,95.92,3.29,100.0,0.0,99.2,0.8
2026-05-29 07:31:24,none,1,1914,success,6,0.6232,1.4068,0,95.92,3.29,100.0,0.0,99.2,0.8
2026-05-29 07:31:36,none,1,1915,success,12,0.7544,0.9748,0,95.93,3.29,100.0,0.0,99.2,0.8
2026-05-29 07:31:46,none,1,1916,success,10,0.6642,1.293,0,95.93,3.29,100.0,0.0,99.2,0.8
2026-05-29 07:31:55,none,1,1917,success,9,0.2642,1.5877,0,95.93,3.29,100.0,0.0,99.2,0.8
2026-05-29 07:32:06,none,1,1918,success,11,0.5498,1.1464,0,95.93,3.28,100.0,0.0,99.2,0.8
2026-05-29 07:32:08,none,1,1919,success,1,9.3225,2.3259,0,95.94,3.28,100.0,0.0,99.2,0.8
2026-05-29 07:32:22,none,1,1920,success,13,0.6466,0.9191,0,95.94,3.28,100.0,0.0,99.4,0.6
2026-05-29 07:32:37,none,1,1921,success,16,0.512,0.8003,0,95.94,3.28,100.0,0.0,99.4,0.6
2026-05-29 07:32:59,none,1,1922,success,24,0.3003,0.4931,0,95.94,3.28,100.0,0.0,99.4,0.6
2026-05-29 07:33:10,none,1,1923,success,12,0.9199,0.3549,0,95.94,3.28,100.0,0.0,99.4,0.6
2026-05-29 07:33:24,none,1,1924,success,14,0.735,0.9534,0,95.95,3.27,100.0,0.0,99.4,0.6
2026-05-29 07:33:40,none,1,1925,success,18,0.2723,0.8895,0,95.95,3.27,100.0,0.0,99.4,0.6
2026-05-29 07:33:50,none,1,1926,success,10,0.6306,0.8232,0,95.95,3.27,100.0,0.0,99.4,0.6
2026-05-29 07:34:00,none,1,1927,success,10,0.6066,1.6406,0,95.95,3.27,100.0,0.0,99.4,0.6
2026-05-29 07:34:17,none,1,1928,success,18,0.2312,1.0171,0,95.95,3.27,100.0,0.0,99.4,0.6
2026-05-29 07:34:27,none,1,1929,success,10,0.8558,1.3757,0,95.96,3.27,100.0,0.0,99.4,0.6
2026-05-29 07:34:41,none,1,1930,success,16,0.5022,0.5578,0,95.96,3.26,100.0,0.0,99.4,0.6
2026-05-29 07:34:50,none,1,1931,success,8,0.4559,1.4228,0,95.96,3.26,100.0,0.0,99.4,0.6
2026-05-29 07:35:01,none,1,1932,success,12,0.7365,1.5787,0,95.96,3.26,100.0,0.0,99.4,0.6
2026-05-29 07:35:13,none,1,1933,success,12,0.3119,1.5356,0,95.96,3.26,100.0,0.0,99.4,0.6
2026-05-29 07:35:37,none,1,1934,success,26,0.2514,0.8482,0,95.97,3.26,100.0,0.0,99.4,0.6
2026-05-29 07:35:47,none,1,1935,success,10,0.2799,1.3817,0,95.97,3.26,100.0,0.0,99.4,0.6
2026-05-29 07:36:00,none,1,1936,success,14,0.4656,0.8994,0,95.97,3.25,100.0,0.0,99.4,0.6
2026-05-29 07:36:09,none,1,1937,success,8,0.8621,0.5683,0,95.97,3.25,100.0,0.0,99.4,0.6
2026-05-29 07:36:16,none,1,1938,success,6,0.8581,0.9665,0,95.98,3.25,100.0,0.0,99.4,0.6
2026-05-29 07:36:24,none,1,1939,success,8,0.4604,1.3613,0,95.98,3.25,100.0,0.0,99.4,0.6
2026-05-29 07:36:35,none,1,1940,success,12,0.8476,0.5366,0,95.98,3.25,100.0,0.0,99.6,0.4
2026-05-29 07:36:45,none,1,1941,success,10,0.9319,0.9748,0,95.98,3.25,100.0,0.0,99.6,0.4
2026-05-29 07:36:54,none,1,1942,success,8,0.7105,1.2848,0,95.98,3.24,100.0,0.0,99.6,0.4
2026-05-29 07:37:12,none,1,1943,success,20,0.4424,1.0513,0,95.99,3.24,100.0,0.0,99.6,0.4
2026-05-29 07:37:23,none,1,1944,success,12,0.5957,1.0298,0,95.99,3.24,100.0,0.0,99.6,0.4
2026-05-29 07:37:35,none,1,1945,success,12,0.8873,0.8357,0,95.99,3.24,100.0,0.0,99.6,0.4
2026-05-29 07:37:45,none,1,1946,success,10,0.4092,1.4027,0,95.99,3.24,100.0,0.0,99.6,0.4
2026-05-29 07:37:57,none,1,1947,success,12,0.7872,1.3534,0,95.99,3.24,100.0,0.0,99.6,0.4
2026-05-29 07:37:59,none,1,1948,success,1,287.0992,2.3217,0,96.0,3.23,100.0,0.0,99.6,0.4
2026-05-29 07:38:11,none,1,1949,success,11,0.8173,0.6575,0,96.0,3.23,100.0,0.0,99.6,0.4
2026-05-29 07:38:21,none,1,1950,success,10,0.7678,1.1488,0,96.0,3.23,100.0,0.0,99.6,0.4
2026-05-29 07:38:28,none,1,1951,success,6,1.1537,1.4146,0,96.0,3.23,100.0,0.0,99.6,0.4
2026-05-29 07:38:36,none,1,1952,success,8,0.6133,1.0183,0,96.0,3.23,100.0,0.0,99.6,0.4
2026-05-29 07:38:48,none,1,1953,success,12,0.5337,1.1572,0,96.01,3.23,100.0,0.0,99.6,0.4
2026-05-29 07:38:55,none,1,1954,success,6,0.4628,1.3762,0,96.01,3.22,100.0,0.0,99.6,0.4
2026-05-29 07:39:10,none,1,1955,success,16,0.2252,1.1753,0,96.01,3.22,100.0,0.0,99.6,0.4
2026-05-29 07:39:26,none,1,1956,success,16,0.6358,0.8852,0,96.01,3.22,100.0,0.0,99.6,0.4
2026-05-29 07:39:35,none,1,1957,success,9,0.3424,1.1251,0,96.01,3.22,100.0,0.0,99.6,0.4
2026-05-29 07:39:50,none,1,1958,success,15,0.6442,0.642,0,96.02,3.22,100.0,0.0,99.6,0.4
2026-05-29 07:40:02,none,1,1959,success,12,0.5079,0.9523,0,96.02,3.22,100.0,0.0,99.6,0.4
2026-05-29 07:40:09,none,1,1960,success,6,0.8056,1.1131,0,96.02,3.21,100.0,0.0,99.6,0.4
2026-05-29 07:40:16,none,1,1961,success,6,1.1661,1.2992,0,96.02,3.21,100.0,0.0,99.6,0.4
2026-05-29 07:40:36,none,1,1962,success,22,0.3413,0.5737,0,96.02,3.21,100.0,0.0,99.6,0.4
2026-05-29 07:40:41,none,1,1963,success,4,1.2347,1.6408,0,96.03,3.21,100.0,0.0,99.6,0.4
2026-05-29 07:40:46,none,1,1964,success,4,1.0547,1.6753,0,96.03,3.21,100.0,0.0,99.6,0.4
2026-05-29 07:41:04,none,1,1965,success,20,0.2999,1.0,0,96.03,3.21,100.0,0.0,99.6,0.4
2026-05-29 07:41:17,none,1,1966,success,14,0.6095,0.4878,0,96.03,3.2,100.0,0.0,99.6,0.4
2026-05-29 07:41:24,none,1,1967,success,6,0.4885,1.2601,0,96.03,3.2,100.0,0.0,99.6,0.4
2026-05-29 07:41:27,none,1,1968,success,2,2.1068,2.1749,0,96.04,3.2,100.0,0.0,99.6,0.4
2026-05-29 07:41:38,none,1,1969,success,12,0.9621,0.7126,0,96.04,3.2,100.0,0.0,99.6,0.4
2026-05-29 07:41:47,none,1,1970,success,8,0.868,0.5174,0,96.04,3.2,100.0,0.0,99.6,0.4
2026-05-29 07:41:57,none,1,1971,success,10,0.8196,0.5529,0,96.04,3.2,100.0,0.0,99.6,0.4
2026-05-29 07:42:08,none,1,1972,success,10,0.6936,0.8005,0,96.04,3.19,100.0,0.0,99.6,0.4
2026-05-29 07:42:16,none,1,1973,success,8,1.0333,0.6186,0,96.05,3.19,100.0,0.0,99.6,0.4
2026-05-29 07:42:21,none,1,1974,success,4,1.062,1.8023,0,96.05,3.19,100.0,0.0,99.6,0.4
2026-05-29 07:42:41,none,1,1975,success,22,0.2175,0.7715,0,96.05,3.19,100.0,0.0,99.6,0.4
2026-05-29 07:42:51,none,1,1976,success,10,0.2166,1.3552,0,96.05,3.19,100.0,0.0,99.6,0.4
2026-05-29 07:42:52,none,1,1977,success,1,60.3277,2.3141,0,96.05,3.19,100.0,0.0,99.6,0.4
2026-05-29 07:42:59,none,1,1978,success,5,1.3346,1.4684,0,96.06,3.19,100.0,0.0,99.6,0.4
2026-05-29 07:43:07,none,1,1979,success,8,0.8337,1.1567,0,96.06,3.18,100.0,0.0,99.6,0.4
2026-05-29 07:43:17,none,1,1980,success,10,0.2454,1.4706,0,96.06,3.18,100.0,0.0,99.6,0.4
2026-05-29 07:43:29,none,1,1981,success,12,0.6419,1.3682,0,96.06,3.18,100.0,0.0,99.6,0.4
2026-05-29 07:43:32,none,1,1982,success,2,0.8955,1.8958,0,96.06,3.18,100.0,0.0,99.6,0.4
2026-05-29 07:43:43,none,1,1983,success,12,0.4588,1.2763,0,96.07,3.18,100.0,0.0,99.6,0.4
2026-05-29 07:44:00,none,1,1984,success,18,0.5898,0.7073,0,96.07,3.18,100.0,0.0,99.6,0.4
2026-05-29 07:44:27,none,1,1985,success,30,0.4247,0.6921,0,96.07,3.17,100.0,0.0,99.6,0.4
2026-05-29 07:44:39,none,1,1986,success,12,0.9183,0.674,0,96.07,3.17,100.0,0.0,99.6,0.4
2026-05-29 07:44:54,none,1,1987,success,16,0.4012,0.8462,0,96.07,3.17,100.0,0.0,99.6,0.4
2026-05-29 07:45:04,none,1,1988,success,10,0.4308,0.9273,0,96.08,3.17,100.0,0.0,99.6,0.4
2026-05-29 07:45:18,none,1,1989,success,14,0.5915,0.5706,0,96.08,3.17,100.0,0.0,99.6,0.4
2026-05-29 07:45:26,none,1,1990,success,8,0.6136,0.8009,0,96.08,3.17,100.0,0.0,99.6,0.4
2026-05-29 07:45:33,none,1,1991,success,6,1.1267,1.2947,0,96.08,3.16,100.0,0.0,99.6,0.4
2026-05-29 07:45:46,none,1,1992,success,12,0.8409,0.9908,0,96.08,3.16,100.0,0.0,99.6,0.4
2026-05-29 07:45:59,none,1,1993,success,15,0.8495,0.8393,0,96.09,3.16,100.0,0.0,99.6,0.4
2026-05-29 07:46:07,none,1,1994,success,7,1.0235,1.091,0,96.09,3.16,100.0,0.0,99.6,0.4
2026-05-29 07:46:10,none,1,1995,success,2,1.2228,2.0105,0,96.09,3.16,100.0,0.0,99.6,0.4
2026-05-29 07:46:20,none,1,1996,success,11,0.7655,1.0424,0,96.09,3.16,100.0,0.0,99.6,0.4
2026-05-29 07:46:32,none,1,1997,success,11,0.6906,1.017,0,96.09,3.15,100.0,0.0,99.6,0.4
2026-05-29 07:46:43,none,1,1998,success,12,0.936,1.1816,0,96.1,3.15,100.0,0.0,99.6,0.4
2026-05-29 07:46:58,none,1,1999,success,16,0.6479,0.6472,0,96.1,3.15,100.0,0.0,99.6,0.4
2026-05-29 07:47:03,none,1,2000,success,4,1.193,1.8096,0,96.1,3.15,100.0,0.0,99.6,0.4
2026-05-29 07:47:12,none,1,2001,success,9,0.4334,1.3987,0,96.1,3.15,100.0,0.0,99.6,0.4
2026-05-29 07:47:25,none,1,2002,success,13,0.7683,0.9922,0,96.1,3.15,100.0,0.0,99.6,0.4
2026-05-29 07:47:37,none,1,2003,success,13,0.4548,0.9056,0,96.11,3.15,100.0,0.0,99.6,0.4
2026-05-29 07:47:53,none,1,2004,success,15,0.6501,0.7994,0,96.11,3.14,100.0,0.0,99.6,0.4
2026-05-29 07:48:01,none,1,2005,success,8,0.6313,1.3513,0,96.11,3.14,100.0,0.0,99.6,0.4
2026-05-29 07:48:11,none,1,2006,success,10,0.449,1.3205,0,96.11,3.14,100.0,0.0,99.6,0.4
2026-05-29 07:48:24,none,1,2007,success,14,0.2148,1.3556,0,96.11,3.14,100.0,0.0,99.6,0.4
2026-05-29 07:48:30,none,1,2008,success,6,0.9381,1.5018,0,96.12,3.14,100.0,0.0,99.6,0.4
2026-05-29 07:48:39,none,1,2009,success,8,1.1504,0.9739,0,96.12,3.14,100.0,0.0,99.6,0.4
2026-05-29 07:48:46,none,1,2010,success,6,0.8004,1.6527,0,96.12,3.13,100.0,0.0,99.6,0.4
2026-05-29 07:48:58,none,1,2011,success,12,0.815,0.4903,0,96.12,3.13,100.0,0.0,99.6,0.4
2026-05-29 07:49:01,none,1,2012,success,2,1.8618,1.9383,0,96.12,3.13,100.0,0.0,99.6,0.4
2026-05-29 07:49:13,none,1,2013,success,13,0.7758,1.0136,0,96.13,3.13,100.0,0.0,99.6,0.4
2026-05-29 07:49:30,none,1,2014,success,17,0.1445,1.1778,0,96.13,3.13,100.0,0.0,99.6,0.4
2026-05-29 07:49:38,none,1,2015,success,8,0.6452,1.1638,0,96.13,3.13,100.0,0.0,99.6,0.4
2026-05-29 07:49:48,none,1,2016,success,10,0.9829,0.8723,0,96.13,3.12,100.0,0.0,99.6,0.4
2026-05-29 07:50:07,none,1,2017,success,20,0.2654,0.5697,0,96.13,3.12,100.0,0.0,99.6,0.4
2026-05-29 07:50:25,none,1,2018,success,18,0.4828,0.5765,0,96.13,3.12,100.0,0.0,99.6,0.4
2026-05-29 07:50:27,none,1,2019,success,1,47.7339,2.327,0,96.14,3.12,100.0,0.0,99.6,0.4
2026-05-29 07:50:37,none,1,2020,success,9,0.7665,1.4094,0,96.14,3.12,100.0,0.0,99.6,0.4
2026-05-29 07:51:01,none,1,2021,success,25,0.2751,0.4794,0,96.14,3.12,100.0,0.0,99.6,0.4
2026-05-29 07:51:27,none,1,2022,success,27,0.3745,0.3013,0,96.14,3.12,100.0,0.0,99.6,0.4
2026-05-29 07:51:36,none,1,2023,success,8,0.8879,0.9562,0,96.14,3.11,100.0,0.0,99.6,0.4
2026-05-29 07:51:56,none,1,2024,success,22,0.1472,0.8752,0,96.15,3.11,100.0,0.0,99.6,0.4
2026-05-29 07:52:13,none,1,2025,success,18,0.3368,0.8071,0,96.15,3.11,100.0,0.0,99.6,0.4
2026-05-29 07:52:24,none,1,2026,success,10,0.9056,0.9474,0,96.15,3.11,100.0,0.0,99.6,0.4
2026-05-29 07:52:30,none,1,2027,success,6,0.6468,1.3907,0,96.15,3.11,100.0,0.0,99.6,0.4
2026-05-29 07:52:43,none,1,2028,success,14,0.2637,1.1319,0,96.15,3.11,100.0,0.0,99.6,0.4
2026-05-29 07:52:52,none,1,2029,success,8,0.7384,1.0119,0,96.16,3.1,100.0,0.0,99.6,0.4
2026-05-29 07:53:02,none,1,2030,success,10,0.5644,1.3015,0,96.16,3.1,100.0,0.0,99.6,0.4
2026-05-29 07:53:18,none,1,2031,success,16,0.3393,0.7672,0,96.16,3.1,100.0,0.0,99.6,0.4
