datetime,odometry_mode,stage,episode,outcome,steps_to_goal,path_directness,min_obstacle_dist,near_collisions,success_rate,collision_rate,rolling_success_rate_100,rolling_collision_rate_100,rolling_success_rate_500,rolling_collision_rate_500
2026-05-31 00:44:33,none,4,1,collision,-1,1.0,0.1971,29,0.0,100.0,0.0,100.0,0.0,100.0
2026-05-31 00:44:42,none,4,2,collision,-1,1.0,0.1913,11,0.0,100.0,0.0,100.0,0.0,100.0
2026-05-31 01:16:25,none,4,3,collision,-1,0.7967,0.12,1,0.0,100.0,0.0,100.0,0.0,100.0
2026-05-31 01:16:33,none,4,4,collision,-1,0.7156,0.1966,1,0.0,100.0,0.0,100.0,0.0,100.0
2026-05-31 01:16:38,none,4,5,collision,-1,1.0,0.1225,1,0.0,100.0,0.0,100.0,0.0,100.0
2026-05-31 01:17:01,none,4,6,collision,-1,0.5152,0.12,1,0.0,100.0,0.0,100.0,0.0,100.0
2026-05-31 01:17:19,none,4,7,collision,-1,0.8996,0.1992,4,0.0,100.0,0.0,100.0,0.0,100.0
2026-05-31 01:17:33,none,4,8,collision,-1,0.6279,0.1835,3,0.0,100.0,0.0,100.0,0.0,100.0
2026-05-31 01:17:42,none,4,9,collision,-1,1.0,0.1346,3,0.0,100.0,0.0,100.0,0.0,100.0
2026-05-31 01:18:01,none,4,10,collision,-1,0.4609,0.1837,1,0.0,100.0,0.0,100.0,0.0,100.0
2026-05-31 01:18:14,none,4,11,collision,-1,0.7416,0.12,3,0.0,100.0,0.0,100.0,0.0,100.0
2026-05-31 01:18:20,none,4,12,collision,-1,1.0,0.1882,2,0.0,100.0,0.0,100.0,0.0,100.0
2026-05-31 01:18:47,none,4,13,collision,-1,0.2606,0.1249,1,0.0,100.0,0.0,100.0,0.0,100.0
2026-05-31 01:19:11,none,4,14,collision,-1,0.4325,0.12,7,0.0,100.0,0.0,100.0,0.0,100.0
2026-05-31 01:19:16,none,4,15,collision,-1,1.0,0.1548,1,0.0,100.0,0.0,100.0,0.0,100.0
2026-05-31 01:19:32,none,4,16,collision,-1,0.7392,0.1381,1,0.0,100.0,0.0,100.0,0.0,100.0
2026-05-31 01:19:51,none,4,17,collision,-1,0.5762,0.12,1,0.0,100.0,0.0,100.0,0.0,100.0
2026-05-31 01:20:05,none,4,18,collision,-1,0.6756,0.12,1,0.0,100.0,0.0,100.0,0.0,100.0
2026-05-31 01:20:20,none,4,19,collision,-1,0.4763,0.12,1,0.0,100.0,0.0,100.0,0.0,100.0
2026-05-31 01:20:24,none,4,20,success,2,1.0,0.8889,0,5.0,95.0,5.0,95.0,5.0,95.0
2026-05-31 01:21:03,none,4,21,collision,-1,0.1483,0.1543,1,4.76,95.24,4.76,95.24,4.76,95.24
2026-05-31 01:21:16,none,4,22,collision,-1,0.5215,0.12,1,4.55,95.45,4.55,95.45,4.55,95.45
2026-05-31 01:21:24,none,4,23,collision,-1,0.3846,0.1347,1,4.35,95.65,4.35,95.65,4.35,95.65
2026-05-31 01:21:42,none,4,24,collision,-1,0.5487,0.1249,1,4.17,95.83,4.17,95.83,4.17,95.83
2026-05-31 01:22:02,none,4,25,collision,-1,0.1991,0.1906,3,4.0,96.0,4.0,96.0,4.0,96.0
2026-05-31 01:22:25,none,4,26,collision,-1,0.4855,0.1772,5,3.85,96.15,3.85,96.15,3.85,96.15
2026-05-31 01:22:36,none,4,27,collision,-1,1.0,0.12,2,3.7,96.3,3.7,96.3,3.7,96.3
2026-05-31 01:22:47,none,4,28,collision,-1,0.7472,0.178,3,3.57,96.43,3.57,96.43,3.57,96.43
2026-05-31 01:22:52,none,4,29,collision,-1,1.0,0.1976,2,3.45,96.55,3.45,96.55,3.45,96.55
2026-05-31 01:23:01,none,4,30,success,9,0.8372,0.4771,0,6.67,93.33,6.67,93.33,6.67,93.33
2026-05-31 01:23:09,none,4,31,collision,-1,1.0,0.12,1,6.45,93.55,6.45,93.55,6.45,93.55
2026-05-31 01:23:17,none,4,32,collision,-1,0.5904,0.184,1,6.25,93.75,6.25,93.75,6.25,93.75
2026-05-31 01:23:23,none,4,33,collision,-1,0.8477,0.1785,2,6.06,93.94,6.06,93.94,6.06,93.94
2026-05-31 01:23:57,none,4,34,collision,-1,0.2682,0.1958,7,5.88,94.12,5.88,94.12,5.88,94.12
2026-05-31 01:24:12,none,4,35,collision,-1,0.6936,0.1989,1,5.71,94.29,5.71,94.29,5.71,94.29
2026-05-31 01:24:23,none,4,36,collision,-1,0.8036,0.12,1,5.56,94.44,5.56,94.44,5.56,94.44
2026-05-31 01:24:45,none,4,37,collision,-1,0.3884,0.12,5,5.41,94.59,5.41,94.59,5.41,94.59
2026-05-31 01:25:07,none,4,38,collision,-1,0.4514,0.1598,1,5.26,94.74,5.26,94.74,5.26,94.74
2026-05-31 01:25:15,none,4,39,collision,-1,1.0,0.12,1,5.13,94.87,5.13,94.87,5.13,94.87
2026-05-31 01:25:20,none,4,40,success,4,0.9693,0.6648,0,7.5,92.5,7.5,92.5,7.5,92.5
2026-05-31 01:25:31,none,4,41,collision,-1,0.6072,0.1488,1,7.32,92.68,7.32,92.68,7.32,92.68
2026-05-31 01:25:42,none,4,42,collision,-1,0.7646,0.125,1,7.14,92.86,7.14,92.86,7.14,92.86
2026-05-31 01:26:00,none,4,43,collision,-1,0.4271,0.1302,1,6.98,93.02,6.98,93.02,6.98,93.02
2026-05-31 01:26:08,none,4,44,collision,-1,1.0,0.1471,1,6.82,93.18,6.82,93.18,6.82,93.18
2026-05-31 01:26:14,none,4,45,collision,-1,1.0,0.12,3,6.67,93.33,6.67,93.33,6.67,93.33
2026-05-31 01:29:40,none,4,46,timeout,-1,0.0264,0.2322,2,6.52,91.3,6.52,91.3,6.52,91.3
2026-05-31 01:31:32,none,4,47,collision,-1,0.0896,0.1372,5,6.38,91.49,6.38,91.49,6.38,91.49
2026-05-31 01:32:01,none,4,48,collision,-1,0.2762,0.1498,3,6.25,91.67,6.25,91.67,6.25,91.67
2026-05-31 01:32:23,none,4,49,collision,-1,0.2765,0.1842,4,6.12,91.84,6.12,91.84,6.12,91.84
2026-05-31 01:33:26,none,4,50,success,73,0.0721,0.4854,0,8.0,90.0,8.0,90.0,8.0,90.0
2026-05-31 01:34:39,none,4,51,collision,-1,0.098,0.1564,7,7.84,90.2,7.84,90.2,7.84,90.2
2026-05-31 01:34:42,none,4,52,success,2,1.0,0.8722,0,9.62,88.46,9.62,88.46,9.62,88.46
2026-05-31 01:35:35,none,4,53,collision,-1,0.1377,0.1972,1,9.43,88.68,9.43,88.68,9.43,88.68
2026-05-31 01:36:50,none,4,54,collision,-1,0.0745,0.12,15,9.26,88.89,9.26,88.89,9.26,88.89
2026-05-31 01:37:34,none,4,55,collision,-1,0.1505,0.1967,4,9.09,89.09,9.09,89.09,9.09,89.09
2026-05-31 01:37:47,none,4,56,collision,-1,1.0,0.1245,1,8.93,89.29,8.93,89.29,8.93,89.29
2026-05-31 01:38:20,none,4,57,collision,-1,0.1923,0.12,2,8.77,89.47,8.77,89.47,8.77,89.47
2026-05-31 01:38:38,none,4,58,collision,-1,0.6625,0.1846,5,8.62,89.66,8.62,89.66,8.62,89.66
2026-05-31 01:38:43,none,4,59,success,4,1.0,0.6737,0,10.17,88.14,10.17,88.14,10.17,88.14
2026-05-31 01:38:51,none,4,60,collision,-1,0.9386,0.12,1,10.0,88.33,10.0,88.33,10.0,88.33
2026-05-31 01:38:59,none,4,61,collision,-1,1.0,0.1784,1,9.84,88.52,9.84,88.52,9.84,88.52
2026-05-31 01:39:26,none,4,62,collision,-1,0.2772,0.1665,3,9.68,88.71,9.68,88.71,9.68,88.71
2026-05-31 01:39:44,none,4,63,collision,-1,0.2537,0.1779,3,9.52,88.89,9.52,88.89,9.52,88.89
2026-05-31 01:39:56,none,4,64,success,12,0.3375,0.5663,0,10.94,87.5,10.94,87.5,10.94,87.5
2026-05-31 01:40:08,none,4,65,collision,-1,0.9041,0.1583,1,10.77,87.69,10.77,87.69,10.77,87.69
2026-05-31 01:40:26,none,4,66,collision,-1,0.2286,0.1621,6,10.61,87.88,10.61,87.88,10.61,87.88
2026-05-31 01:40:47,none,4,67,collision,-1,0.3772,0.12,3,10.45,88.06,10.45,88.06,10.45,88.06
2026-05-31 01:41:13,none,4,68,collision,-1,0.31,0.1328,3,10.29,88.24,10.29,88.24,10.29,88.24
2026-05-31 01:41:32,none,4,69,collision,-1,0.5156,0.12,3,10.14,88.41,10.14,88.41,10.14,88.41
2026-05-31 01:42:33,none,4,70,collision,-1,0.1788,0.12,5,10.0,88.57,10.0,88.57,10.0,88.57
2026-05-31 01:43:09,none,4,71,collision,-1,0.3479,0.12,8,9.86,88.73,9.86,88.73,9.86,88.73
2026-05-31 01:43:17,none,4,72,collision,-1,0.8987,0.1575,1,9.72,88.89,9.72,88.89,9.72,88.89
2026-05-31 01:44:18,none,4,73,success,72,0.1271,0.4005,0,10.96,87.67,10.96,87.67,10.96,87.67
2026-05-31 01:44:27,none,4,74,collision,-1,1.0,0.1314,1,10.81,87.84,10.81,87.84,10.81,87.84
2026-05-31 01:45:10,none,4,75,collision,-1,0.2245,0.1545,3,10.67,88.0,10.67,88.0,10.67,88.0
2026-05-31 01:45:15,none,4,76,success,4,1.0,0.8095,0,11.84,86.84,11.84,86.84,11.84,86.84
2026-05-31 01:45:33,none,4,77,collision,-1,0.4879,0.1281,2,11.69,87.01,11.69,87.01,11.69,87.01
2026-05-31 01:45:51,none,4,78,collision,-1,0.29,0.1916,1,11.54,87.18,11.54,87.18,11.54,87.18
2026-05-31 01:46:14,none,4,79,collision,-1,0.4192,0.1465,7,11.39,87.34,11.39,87.34,11.39,87.34
2026-05-31 01:46:20,none,4,80,collision,-1,1.0,0.1842,2,11.25,87.5,11.25,87.5,11.25,87.5
2026-05-31 01:47:53,none,4,81,collision,-1,0.091,0.1927,1,11.11,87.65,11.11,87.65,11.11,87.65
2026-05-31 01:48:51,none,4,82,collision,-1,0.0624,0.1581,3,10.98,87.8,10.98,87.8,10.98,87.8
2026-05-31 01:49:19,none,4,83,collision,-1,0.3409,0.1661,5,10.84,87.95,10.84,87.95,10.84,87.95
2026-05-31 01:49:52,none,4,84,collision,-1,0.3952,0.12,5,10.71,88.1,10.71,88.1,10.71,88.1
2026-05-31 01:50:17,none,4,85,collision,-1,0.3617,0.1718,1,10.59,88.24,10.59,88.24,10.59,88.24
2026-05-31 01:50:40,none,4,86,collision,-1,0.1867,0.12,9,10.47,88.37,10.47,88.37,10.47,88.37
2026-05-31 01:51:44,none,4,87,collision,-1,0.1462,0.1517,5,10.34,88.51,10.34,88.51,10.34,88.51
2026-05-31 01:52:44,none,4,88,collision,-1,0.1795,0.12,1,10.23,88.64,10.23,88.64,10.23,88.64
2026-05-31 01:53:12,none,4,89,collision,-1,0.2119,0.12,7,10.11,88.76,10.11,88.76,10.11,88.76
2026-05-31 01:53:35,none,4,90,collision,-1,0.6096,0.12,3,10.0,88.89,10.0,88.89,10.0,88.89
2026-05-31 01:53:50,none,4,91,collision,-1,0.4126,0.1221,3,9.89,89.01,9.89,89.01,9.89,89.01
2026-05-31 01:54:09,none,4,92,collision,-1,0.2685,0.1909,1,9.78,89.13,9.78,89.13,9.78,89.13
2026-05-31 01:54:45,none,4,93,collision,-1,0.2286,0.1808,1,9.68,89.25,9.68,89.25,9.68,89.25
2026-05-31 01:54:57,none,4,94,collision,-1,1.0,0.12,3,9.57,89.36,9.57,89.36,9.57,89.36
2026-05-31 01:55:03,none,4,95,collision,-1,0.7935,0.1273,3,9.47,89.47,9.47,89.47,9.47,89.47
2026-05-31 01:55:19,none,4,96,success,18,0.3706,0.3207,0,10.42,88.54,10.42,88.54,10.42,88.54
2026-05-31 01:56:48,none,4,97,collision,-1,0.0774,0.1562,7,10.31,88.66,10.31,88.66,10.31,88.66
2026-05-31 02:00:15,none,4,98,timeout,-1,0.0412,0.2302,2,10.2,87.76,10.2,87.76,10.2,87.76
2026-05-31 02:01:33,none,4,99,collision,-1,0.1256,0.1688,5,10.1,87.88,10.1,87.88,10.1,87.88
2026-05-31 02:02:58,none,4,100,collision,-1,0.06,0.1628,3,10.0,88.0,10.0,88.0,10.0,88.0
2026-05-31 02:05:02,none,4,101,collision,-1,0.0755,0.1785,7,9.9,88.12,10.0,88.0,9.9,88.12
2026-05-31 02:07:58,none,4,102,collision,-1,0.0484,0.1925,5,9.8,88.24,10.0,88.0,9.8,88.24
2026-05-31 02:08:31,none,4,103,collision,-1,0.2266,0.178,5,9.71,88.35,10.0,88.0,9.71,88.35
2026-05-31 02:09:25,none,4,104,collision,-1,0.1279,0.1849,1,9.62,88.46,10.0,88.0,9.62,88.46
2026-05-31 02:11:34,none,4,105,collision,-1,0.0626,0.1687,3,9.52,88.57,10.0,88.0,9.52,88.57
2026-05-31 02:11:55,none,4,106,collision,-1,0.3912,0.1952,5,9.43,88.68,10.0,88.0,9.43,88.68
2026-05-31 02:12:26,none,4,107,collision,-1,0.2857,0.1449,5,9.35,88.79,10.0,88.0,9.35,88.79
2026-05-31 02:12:53,none,4,108,collision,-1,0.3007,0.1384,1,9.26,88.89,10.0,88.0,9.26,88.89
2026-05-31 02:13:33,none,4,109,collision,-1,0.2867,0.1968,1,9.17,88.99,10.0,88.0,9.17,88.99
2026-05-31 02:17:01,none,4,110,timeout,-1,0.0641,0.2039,4,9.09,88.18,10.0,87.0,9.09,88.18
2026-05-31 02:17:32,none,4,111,collision,-1,0.1231,0.12,3,9.01,88.29,10.0,87.0,9.01,88.29
2026-05-31 02:17:39,none,4,112,success,6,0.8506,0.7083,0,9.82,87.5,11.0,86.0,9.82,87.5
2026-05-31 02:18:14,none,4,113,collision,-1,0.2591,0.12,4,9.73,87.61,11.0,86.0,9.73,87.61
2026-05-31 02:18:43,none,4,114,collision,-1,0.3889,0.1206,5,9.65,87.72,11.0,86.0,9.65,87.72
2026-05-31 02:19:35,none,4,115,collision,-1,0.1923,0.12,3,9.57,87.83,11.0,86.0,9.57,87.83
2026-05-31 02:20:15,none,4,116,collision,-1,0.2764,0.1515,3,9.48,87.93,11.0,86.0,9.48,87.93
2026-05-31 02:21:01,none,4,117,success,54,0.1191,0.3676,0,10.26,87.18,12.0,85.0,10.26,87.18
2026-05-31 02:21:24,none,4,118,collision,-1,0.4475,0.12,1,10.17,87.29,12.0,85.0,10.17,87.29
2026-05-31 02:21:42,none,4,119,collision,-1,0.4244,0.12,3,10.08,87.39,12.0,85.0,10.08,87.39
2026-05-31 02:22:22,none,4,120,collision,-1,0.2394,0.1948,2,10.0,87.5,11.0,86.0,10.0,87.5
2026-05-31 02:23:02,none,4,121,collision,-1,0.1581,0.12,5,9.92,87.6,11.0,86.0,9.92,87.6
2026-05-31 02:23:42,none,4,122,collision,-1,0.3776,0.1937,6,9.84,87.7,11.0,86.0,9.84,87.7
2026-05-31 02:23:55,none,4,123,collision,-1,0.8947,0.1831,2,9.76,87.8,11.0,86.0,9.76,87.8
2026-05-31 02:24:27,none,4,124,collision,-1,0.2603,0.1798,1,9.68,87.9,11.0,86.0,9.68,87.9
2026-05-31 02:24:37,none,4,125,collision,-1,0.9641,0.1734,5,9.6,88.0,11.0,86.0,9.6,88.0
2026-05-31 02:24:45,none,4,126,collision,-1,1.0,0.1359,1,9.52,88.1,11.0,86.0,9.52,88.1
2026-05-31 02:25:30,none,4,127,collision,-1,0.2026,0.1912,4,9.45,88.19,11.0,86.0,9.45,88.19
2026-05-31 02:26:13,none,4,128,collision,-1,0.1476,0.1879,4,9.38,88.28,11.0,86.0,9.38,88.28
2026-05-31 02:26:38,none,4,129,collision,-1,0.4951,0.12,1,9.3,88.37,11.0,86.0,9.3,88.37
2026-05-31 02:27:25,none,4,130,collision,-1,0.1492,0.1262,3,9.23,88.46,10.0,87.0,9.23,88.46
2026-05-31 02:27:56,none,4,131,collision,-1,0.2908,0.12,1,9.16,88.55,10.0,87.0,9.16,88.55
2026-05-31 02:29:08,none,4,132,collision,-1,0.3242,0.1944,1,9.09,88.64,10.0,87.0,9.09,88.64
2026-05-31 02:29:13,none,4,133,collision,-1,1.0,0.1743,1,9.02,88.72,10.0,87.0,9.02,88.72
2026-05-31 02:29:18,none,4,134,collision,-1,1.0,0.1412,1,8.96,88.81,10.0,87.0,8.96,88.81
2026-05-31 02:30:35,none,4,135,collision,-1,0.1351,0.1976,4,8.89,88.89,10.0,87.0,8.89,88.89
2026-05-31 02:31:03,none,4,136,collision,-1,0.324,0.12,3,8.82,88.97,10.0,87.0,8.82,88.97
2026-05-31 02:31:12,none,4,137,collision,-1,1.0,0.12,2,8.76,89.05,10.0,87.0,8.76,89.05
2026-05-31 02:32:20,none,4,138,collision,-1,0.147,0.1639,2,8.7,89.13,10.0,87.0,8.7,89.13
2026-05-31 02:32:26,none,4,139,success,6,0.6142,0.2275,2,9.35,88.49,11.0,86.0,9.35,88.49
2026-05-31 02:32:34,none,4,140,collision,-1,0.8818,0.12,1,9.29,88.57,10.0,87.0,9.29,88.57
2026-05-31 02:33:43,none,4,141,collision,-1,0.0596,0.1252,5,9.22,88.65,10.0,87.0,9.22,88.65
2026-05-31 02:34:03,none,4,142,collision,-1,0.7796,0.1705,1,9.15,88.73,10.0,87.0,9.15,88.73
2026-05-31 02:35:28,none,4,143,collision,-1,0.1883,0.12,1,9.09,88.81,10.0,87.0,9.09,88.81
2026-05-31 02:36:18,none,4,144,collision,-1,0.3392,0.12,3,9.03,88.89,10.0,87.0,9.03,88.89
2026-05-31 02:36:55,none,4,145,collision,-1,0.5251,0.1777,1,8.97,88.97,10.0,87.0,8.97,88.97
2026-05-31 02:38:00,none,4,146,collision,-1,0.1787,0.1723,3,8.9,89.04,10.0,88.0,8.9,89.04
2026-05-31 02:40:33,none,4,147,collision,-1,0.0789,0.12,11,8.84,89.12,10.0,88.0,8.84,89.12
2026-05-31 02:40:56,none,4,148,collision,-1,0.3195,0.12,1,8.78,89.19,10.0,88.0,8.78,89.19
2026-05-31 02:42:48,none,4,149,collision,-1,0.1402,0.1684,5,8.72,89.26,10.0,88.0,8.72,89.26
2026-05-31 02:43:35,none,4,150,collision,-1,0.2414,0.12,1,8.67,89.33,9.0,89.0,8.67,89.33
2026-05-31 02:45:43,none,4,151,collision,-1,0.0827,0.12,9,8.61,89.4,9.0,89.0,8.61,89.4
2026-05-31 02:49:09,none,4,152,timeout,-1,0.0593,0.4191,0,8.55,88.82,8.0,89.0,8.55,88.82
2026-05-31 02:52:39,none,4,153,timeout,-1,0.0812,0.4205,0,8.5,88.24,8.0,88.0,8.5,88.24
2026-05-31 02:52:48,none,4,154,success,10,0.9094,0.6238,0,9.09,87.66,9.0,87.0,9.09,87.66
2026-05-31 02:54:17,none,4,155,collision,-1,0.1109,0.199,1,9.03,87.74,9.0,87.0,9.03,87.74
2026-05-31 02:55:25,none,4,156,collision,-1,0.4497,0.12,1,8.97,87.82,9.0,87.0,8.97,87.82
2026-05-31 02:58:50,none,4,157,timeout,-1,0.1009,0.3522,0,8.92,87.26,9.0,86.0,8.92,87.26
2026-05-31 02:59:21,none,4,158,collision,-1,0.2131,0.1618,1,8.86,87.34,9.0,86.0,8.86,87.34
2026-05-31 03:02:25,none,4,159,success,216,0.1112,0.3142,0,9.43,86.79,9.0,86.0,9.43,86.79
2026-05-31 03:03:38,none,4,160,collision,-1,0.1399,0.1909,2,9.38,86.88,9.0,86.0,9.38,86.88
2026-05-31 03:07:04,none,4,161,timeout,-1,0.1394,0.2669,2,9.32,86.34,9.0,85.0,9.32,86.34
2026-05-31 03:10:30,none,4,162,timeout,-1,0.1442,0.3196,0,9.26,85.8,9.0,84.0,9.26,85.8
2026-05-31 03:12:29,none,4,163,collision,-1,0.2444,0.1831,1,9.2,85.89,9.0,84.0,9.2,85.89
2026-05-31 03:15:09,none,4,164,collision,-1,0.1305,0.12,1,9.15,85.98,8.0,85.0,9.15,85.98
2026-05-31 03:18:38,none,4,165,timeout,-1,0.0901,0.239,4,9.09,85.45,8.0,84.0,9.09,85.45
2026-05-31 03:19:48,none,4,166,success,79,0.1741,0.4627,0,9.64,84.94,9.0,83.0,9.64,84.94
2026-05-31 03:23:17,none,4,167,timeout,-1,0.094,0.3812,0,9.58,84.43,9.0,82.0,9.58,84.43
2026-05-31 03:26:48,none,4,168,timeout,-1,0.0721,0.2782,2,9.52,83.93,9.0,81.0,9.52,83.93
2026-05-31 03:30:18,none,4,169,timeout,-1,0.0688,0.326,0,9.47,83.43,9.0,80.0,9.47,83.43
2026-05-31 03:31:57,none,4,170,collision,-1,0.1894,0.1476,5,9.41,83.53,9.0,80.0,9.41,83.53
2026-05-31 03:33:56,none,4,171,success,142,0.0941,0.2441,2,9.94,83.04,10.0,79.0,9.94,83.04
2026-05-31 03:37:24,none,4,172,timeout,-1,0.0599,0.2203,6,9.88,82.56,10.0,78.0,9.88,82.56
2026-05-31 03:38:29,none,4,173,collision,-1,0.2064,0.12,3,9.83,82.66,9.0,79.0,9.83,82.66
2026-05-31 03:41:18,none,4,174,collision,-1,0.08,0.1301,3,9.77,82.76,9.0,79.0,9.77,82.76
2026-05-31 03:44:46,none,4,175,timeout,-1,0.0592,0.2947,1,9.71,82.29,9.0,78.0,9.71,82.29
2026-05-31 03:45:08,none,4,176,collision,-1,0.6227,0.1918,3,9.66,82.39,8.0,79.0,9.66,82.39
2026-05-31 03:46:08,none,4,177,collision,-1,0.25,0.1956,1,9.6,82.49,8.0,79.0,9.6,82.49
2026-05-31 03:49:23,none,4,178,collision,-1,0.0591,0.1948,1,9.55,82.58,8.0,79.0,9.55,82.58
2026-05-31 03:52:49,none,4,179,timeout,-1,0.0441,0.2403,8,9.5,82.12,8.0,78.0,9.5,82.12
2026-05-31 03:52:57,none,4,180,collision,-1,1.0,0.1793,1,9.44,82.22,8.0,78.0,9.44,82.22
2026-05-31 03:54:38,none,4,181,collision,-1,0.1292,0.1891,3,9.39,82.32,8.0,78.0,9.39,82.32
2026-05-31 03:55:04,none,4,182,collision,-1,0.3252,0.12,1,9.34,82.42,8.0,78.0,9.34,82.42
2026-05-31 03:55:30,none,4,183,success,30,0.1814,0.5843,0,9.84,81.97,9.0,77.0,9.84,81.97
2026-05-31 03:57:43,none,4,184,collision,-1,0.0795,0.12,5,9.78,82.07,9.0,77.0,9.78,82.07
2026-05-31 04:01:11,none,4,185,timeout,-1,0.0424,0.2539,2,9.73,81.62,9.0,76.0,9.73,81.62
2026-05-31 04:04:37,none,4,186,timeout,-1,0.0534,0.2224,6,9.68,81.18,9.0,75.0,9.68,81.18
2026-05-31 04:05:16,none,4,187,collision,-1,0.2304,0.1998,1,9.63,81.28,9.0,75.0,9.63,81.28
2026-05-31 04:08:42,none,4,188,timeout,-1,0.0559,0.2652,2,9.57,80.85,9.0,74.0,9.57,80.85
2026-05-31 04:12:13,none,4,189,timeout,-1,0.0604,0.224,8,9.52,80.42,9.0,73.0,9.52,80.42
2026-05-31 04:12:50,none,4,190,success,44,0.21,0.4528,0,10.0,80.0,10.0,72.0,10.0,80.0
2026-05-31 04:16:18,none,4,191,timeout,-1,0.0735,0.2439,4,9.95,79.58,10.0,71.0,9.95,79.58
2026-05-31 04:16:53,none,4,192,success,39,0.2767,0.3857,0,10.42,79.17,11.0,70.0,10.42,79.17
2026-05-31 04:17:13,none,4,193,success,22,0.3394,0.5251,0,10.88,78.76,12.0,69.0,10.88,78.76
2026-05-31 04:17:34,none,4,194,collision,-1,0.7698,0.1634,1,10.82,78.87,12.0,69.0,10.82,78.87
2026-05-31 04:19:08,none,4,195,collision,-1,0.158,0.1847,6,10.77,78.97,12.0,69.0,10.77,78.97
2026-05-31 04:20:25,none,4,196,collision,-1,0.2599,0.1492,5,10.71,79.08,11.0,70.0,10.71,79.08
2026-05-31 04:21:02,none,4,197,success,42,0.1528,0.6169,0,11.17,78.68,12.0,69.0,11.17,78.68
2026-05-31 04:21:17,none,4,198,success,16,0.4685,0.3458,0,11.62,78.28,13.0,69.0,11.62,78.28
2026-05-31 04:22:28,none,4,199,collision,-1,0.1991,0.191,10,11.56,78.39,13.0,69.0,11.56,78.39
2026-05-31 04:22:50,none,4,200,success,23,0.5428,0.4188,0,12.0,78.0,14.0,68.0,12.0,78.0
2026-05-31 04:23:01,none,4,201,success,12,0.3733,0.6353,0,12.44,77.61,15.0,67.0,12.44,77.61
2026-05-31 04:24:05,none,4,202,success,76,0.2035,0.2571,3,12.87,77.23,16.0,66.0,12.87,77.23
2026-05-31 04:26:27,none,4,203,collision,-1,0.0666,0.1671,3,12.81,77.34,16.0,66.0,12.81,77.34
2026-05-31 04:28:56,none,4,204,collision,-1,0.1074,0.1463,8,12.75,77.45,16.0,66.0,12.75,77.45
2026-05-31 04:31:47,none,4,205,collision,-1,0.0641,0.12,13,12.68,77.56,16.0,66.0,12.68,77.56
2026-05-31 04:32:15,none,4,206,collision,-1,0.6947,0.1846,1,12.62,77.67,16.0,66.0,12.62,77.67
2026-05-31 04:32:58,none,4,207,collision,-1,0.3787,0.1266,1,12.56,77.78,16.0,66.0,12.56,77.78
2026-05-31 04:33:50,none,4,208,collision,-1,0.187,0.1248,3,12.5,77.88,16.0,66.0,12.5,77.88
2026-05-31 04:34:13,none,4,209,success,26,0.2656,0.5381,0,12.92,77.51,17.0,65.0,12.92,77.51
2026-05-31 04:34:24,none,4,210,success,13,0.9789,0.7148,0,13.33,77.14,18.0,65.0,13.33,77.14
2026-05-31 04:34:34,none,4,211,success,9,1.0,0.7586,0,13.74,76.78,19.0,64.0,13.74,76.78
2026-05-31 04:34:55,none,4,212,success,24,0.6968,0.7188,0,14.15,76.42,19.0,64.0,14.15,76.42
2026-05-31 04:35:07,none,4,213,success,12,0.7449,0.4449,0,14.55,76.06,20.0,63.0,14.55,76.06
2026-05-31 04:37:29,none,4,214,success,170,0.1314,0.2474,4,14.95,75.7,21.0,62.0,14.95,75.7
2026-05-31 04:37:42,none,4,215,success,14,0.5495,0.5413,0,15.35,75.35,22.0,61.0,15.35,75.35
2026-05-31 04:38:37,none,4,216,collision,-1,0.2214,0.12,3,15.28,75.46,22.0,61.0,15.28,75.46
2026-05-31 04:39:00,none,4,217,collision,-1,0.5688,0.1514,9,15.21,75.58,21.0,62.0,15.21,75.58
2026-05-31 04:39:27,none,4,218,collision,-1,0.5064,0.12,3,15.14,75.69,21.0,62.0,15.14,75.69
2026-05-31 04:41:06,none,4,219,collision,-1,0.143,0.12,6,15.07,75.8,21.0,62.0,15.07,75.8
2026-05-31 04:41:18,none,4,220,success,12,0.897,0.609,0,15.45,75.45,22.0,61.0,15.45,75.45
2026-05-31 04:44:46,none,4,221,timeout,-1,0.0722,0.2978,2,15.38,75.11,22.0,60.0,15.38,75.11
2026-05-31 04:45:13,none,4,222,success,29,0.9737,0.2714,2,15.77,74.77,23.0,59.0,15.77,74.77
2026-05-31 04:46:25,none,4,223,collision,-1,0.2543,0.125,3,15.7,74.89,23.0,59.0,15.7,74.89
2026-05-31 04:47:29,none,4,224,collision,-1,0.2539,0.196,14,15.62,75.0,23.0,59.0,15.62,75.0
2026-05-31 04:51:48,none,4,225,collision,-1,0.1531,0.1301,29,15.56,75.11,23.0,59.0,15.56,75.11
2026-05-31 04:52:33,none,4,226,collision,-1,0.3322,0.1326,3,15.49,75.22,23.0,59.0,15.49,75.22
2026-05-31 04:52:58,none,4,227,success,29,0.7141,0.2835,2,15.86,74.89,24.0,58.0,15.86,74.89
2026-05-31 04:56:28,none,4,228,timeout,-1,0.0794,0.4075,0,15.79,74.56,24.0,57.0,15.79,74.56
2026-05-31 04:56:44,none,4,229,collision,-1,0.6908,0.1936,4,15.72,74.67,24.0,57.0,15.72,74.67
2026-05-31 04:57:10,none,4,230,success,29,0.3935,0.3868,0,16.09,74.35,25.0,56.0,16.09,74.35
2026-05-31 05:00:38,none,4,231,timeout,-1,0.1055,0.3296,0,16.02,74.03,25.0,55.0,16.02,74.03
2026-05-31 05:02:33,none,4,232,success,133,0.1331,0.2249,5,16.38,73.71,26.0,54.0,16.38,73.71
2026-05-31 05:03:20,none,4,233,collision,-1,0.2598,0.12,1,16.31,73.82,26.0,54.0,16.31,73.82
2026-05-31 05:04:34,none,4,234,success,86,0.1949,0.3615,0,16.67,73.5,27.0,53.0,16.67,73.5
2026-05-31 05:05:22,none,4,235,success,54,0.206,0.2448,2,17.02,73.19,28.0,52.0,17.02,73.19
2026-05-31 05:05:33,none,4,236,success,12,0.9533,0.493,0,17.37,72.88,29.0,51.0,17.37,72.88
2026-05-31 05:05:56,none,4,237,collision,-1,0.6232,0.12,3,17.3,73.0,29.0,51.0,17.3,73.0
2026-05-31 05:06:34,none,4,238,collision,-1,0.4669,0.12,4,17.23,73.11,29.0,51.0,17.23,73.11
2026-05-31 05:10:08,none,4,239,timeout,-1,0.0847,0.201,4,17.15,72.8,28.0,51.0,17.15,72.8
2026-05-31 05:11:48,none,4,240,collision,-1,0.2134,0.1771,1,17.08,72.92,28.0,51.0,17.08,72.92
2026-05-31 05:12:22,none,4,241,success,38,0.4506,0.2711,3,17.43,72.61,29.0,50.0,17.43,72.61
2026-05-31 05:12:32,none,4,242,success,10,0.9949,0.611,0,17.77,72.31,30.0,49.0,17.77,72.31
2026-05-31 05:12:42,none,4,243,success,10,1.0,0.6737,0,18.11,72.02,31.0,48.0,18.11,72.02
2026-05-31 05:13:22,none,4,244,success,44,0.3037,0.507,0,18.44,71.72,32.0,47.0,18.44,71.72
2026-05-31 05:13:45,none,4,245,collision,-1,0.437,0.1758,3,18.37,71.84,32.0,47.0,18.37,71.84
2026-05-31 05:13:55,none,4,246,success,10,1.0,0.7402,0,18.7,71.54,33.0,46.0,18.7,71.54
2026-05-31 05:14:28,none,4,247,success,38,0.4147,0.3129,0,19.03,71.26,34.0,45.0,19.03,71.26
2026-05-31 05:14:46,none,4,248,collision,-1,1.0,0.1655,3,18.95,71.37,34.0,45.0,18.95,71.37
2026-05-31 05:15:34,none,4,249,success,56,0.3606,0.3735,0,19.28,71.08,35.0,44.0,19.28,71.08
2026-05-31 05:16:33,none,4,250,collision,-1,0.4899,0.12,5,19.2,71.2,35.0,44.0,19.2,71.2
2026-05-31 05:16:44,none,4,251,success,12,1.0,0.1936,1,19.52,70.92,36.0,43.0,19.52,70.92
2026-05-31 05:17:16,none,4,252,success,36,0.434,0.4102,0,19.84,70.63,37.0,43.0,19.84,70.63
2026-05-31 05:17:53,none,4,253,collision,-1,0.5626,0.1838,3,19.76,70.75,37.0,44.0,19.76,70.75
2026-05-31 05:18:15,none,4,254,success,24,0.5749,0.6495,0,20.08,70.47,37.0,44.0,20.08,70.47
2026-05-31 05:18:26,none,4,255,collision,-1,1.0,0.12,1,20.0,70.59,37.0,44.0,20.0,70.59
2026-05-31 05:19:32,none,4,256,success,78,0.1865,0.3285,0,20.31,70.31,38.0,43.0,20.31,70.31
2026-05-31 05:19:45,none,4,257,success,14,0.913,0.4215,0,20.62,70.04,39.0,43.0,20.62,70.04
2026-05-31 05:20:06,none,4,258,success,22,0.8284,0.3433,0,20.93,69.77,40.0,42.0,20.93,69.77
2026-05-31 05:20:31,none,4,259,success,28,0.4728,0.3483,0,21.24,69.5,40.0,42.0,21.24,69.5
2026-05-31 05:20:42,none,4,260,collision,-1,1.0,0.1728,1,21.15,69.62,40.0,42.0,21.15,69.62
2026-05-31 05:20:58,none,4,261,success,16,0.9556,0.4445,0,21.46,69.35,41.0,42.0,21.46,69.35
2026-05-31 05:21:21,none,4,262,collision,-1,0.722,0.1949,3,21.37,69.47,41.0,43.0,21.37,69.47
2026-05-31 05:22:01,none,4,263,collision,-1,0.608,0.1666,3,21.29,69.58,41.0,43.0,21.29,69.58
2026-05-31 05:22:28,none,4,264,success,30,0.4976,0.2721,2,21.59,69.32,42.0,42.0,21.59,69.32
2026-05-31 05:22:48,none,4,265,success,22,0.8333,0.3481,0,21.89,69.06,43.0,42.0,21.89,69.06
2026-05-31 05:23:18,none,4,266,success,34,0.6251,0.2008,3,22.18,68.8,43.0,42.0,22.18,68.8
2026-05-31 05:24:21,none,4,267,success,72,0.1414,0.329,0,22.47,68.54,44.0,42.0,22.47,68.54
2026-05-31 05:24:40,none,4,268,success,22,0.4049,0.7622,0,22.76,68.28,45.0,42.0,22.76,68.28
2026-05-31 05:25:10,none,4,269,success,34,0.5766,0.2636,4,23.05,68.03,46.0,42.0,23.05,68.03
2026-05-31 05:25:37,none,4,270,collision,-1,0.8834,0.12,1,22.96,68.15,46.0,42.0,22.96,68.15
2026-05-31 05:26:02,none,4,271,collision,-1,0.9456,0.1834,1,22.88,68.27,45.0,43.0,22.88,68.27
2026-05-31 05:27:07,none,4,272,success,74,0.2075,0.2977,3,23.16,68.01,46.0,43.0,23.16,68.01
2026-05-31 05:27:27,none,4,273,collision,-1,0.5747,0.1536,1,23.08,68.13,46.0,43.0,23.08,68.13
2026-05-31 05:27:47,none,4,274,collision,-1,0.6121,0.1665,7,22.99,68.25,46.0,43.0,22.99,68.25
2026-05-31 05:28:04,none,4,275,collision,-1,1.0,0.1869,2,22.91,68.36,46.0,44.0,22.91,68.36
2026-05-31 05:28:27,none,4,276,success,25,0.5434,0.3677,0,23.19,68.12,47.0,43.0,23.19,68.12
2026-05-31 05:29:07,none,4,277,success,46,0.4623,0.2448,7,23.47,67.87,48.0,42.0,23.47,67.87
2026-05-31 05:29:25,none,4,278,collision,-1,0.9554,0.12,5,23.38,67.99,48.0,42.0,23.38,67.99
2026-05-31 05:29:55,none,4,279,collision,-1,0.6301,0.125,2,23.3,68.1,48.0,43.0,23.3,68.1
2026-05-31 05:30:05,none,4,280,success,10,0.8478,0.5287,0,23.57,67.86,49.0,42.0,23.57,67.86
2026-05-31 05:30:19,none,4,281,collision,-1,1.0,0.1811,2,23.49,67.97,49.0,42.0,23.49,67.97
2026-05-31 05:30:39,none,4,282,collision,-1,0.6504,0.12,1,23.4,68.09,49.0,42.0,23.4,68.09
2026-05-31 05:30:54,none,4,283,collision,-1,0.9801,0.1666,1,23.32,68.2,48.0,43.0,23.32,68.2
2026-05-31 05:31:07,none,4,284,collision,-1,0.4391,0.186,4,23.24,68.31,48.0,43.0,23.24,68.31
2026-05-31 05:31:16,none,4,285,success,7,0.6332,0.5138,0,23.51,68.07,49.0,43.0,23.51,68.07
2026-05-31 05:31:32,none,4,286,collision,-1,0.9179,0.12,3,23.43,68.18,49.0,44.0,23.43,68.18
2026-05-31 05:31:47,none,4,287,collision,-1,0.8124,0.183,3,23.34,68.29,49.0,44.0,23.34,68.29
2026-05-31 05:32:06,none,4,288,success,22,0.7723,0.362,0,23.61,68.06,50.0,44.0,23.61,68.06
2026-05-31 05:32:21,none,4,289,collision,-1,0.9488,0.1573,1,23.53,68.17,50.0,45.0,23.53,68.17
2026-05-31 05:32:31,none,4,290,collision,-1,1.0,0.189,1,23.45,68.28,49.0,46.0,23.45,68.28
2026-05-31 05:32:42,none,4,291,collision,-1,0.9222,0.12,1,23.37,68.38,49.0,47.0,23.37,68.38
2026-05-31 05:33:06,none,4,292,collision,-1,0.1699,0.1866,3,23.29,68.49,48.0,48.0,23.29,68.49
2026-05-31 05:33:17,none,4,293,success,12,1.0,0.5814,0,23.55,68.26,48.0,48.0,23.55,68.26
2026-05-31 05:34:19,none,4,294,success,72,0.3146,0.3364,0,23.81,68.03,49.0,47.0,23.81,68.03
2026-05-31 05:34:29,none,4,295,success,10,0.9648,0.4068,0,24.07,67.8,50.0,46.0,24.07,67.8
2026-05-31 05:35:22,none,4,296,success,62,0.3872,0.3039,0,24.32,67.57,51.0,45.0,24.32,67.57
2026-05-31 05:35:29,none,4,297,collision,-1,1.0,0.1369,1,24.24,67.68,50.0,46.0,24.24,67.68
2026-05-31 05:35:52,none,4,298,success,27,0.9716,0.2529,6,24.5,67.45,50.0,46.0,24.5,67.45
2026-05-31 05:36:09,none,4,299,collision,-1,0.9131,0.1876,1,24.41,67.56,50.0,46.0,24.41,67.56
2026-05-31 05:36:36,none,4,300,collision,-1,0.6008,0.1968,5,24.33,67.67,49.0,47.0,24.33,67.67
2026-05-31 05:36:51,none,4,301,success,16,1.0,0.3093,0,24.58,67.44,49.0,47.0,24.58,67.44
2026-05-31 05:36:57,none,4,302,success,6,1.0,0.419,0,24.83,67.22,49.0,47.0,24.83,67.22
2026-05-31 05:37:15,none,4,303,collision,-1,0.9686,0.1735,1,24.75,67.33,49.0,47.0,24.75,67.33
2026-05-31 05:37:40,none,4,304,collision,-1,0.7274,0.1924,3,24.67,67.43,49.0,47.0,24.67,67.43
2026-05-31 05:38:08,none,4,305,success,30,0.58,0.2375,4,24.92,67.21,50.0,46.0,24.92,67.21
2026-05-31 05:38:19,none,4,306,success,12,0.4164,0.5533,0,25.16,66.99,51.0,45.0,25.16,66.99
2026-05-31 05:38:29,none,4,307,success,10,0.5327,0.5938,0,25.41,66.78,52.0,44.0,25.41,66.78
2026-05-31 05:38:40,none,4,308,success,10,0.9664,0.2022,1,25.65,66.56,53.0,43.0,25.65,66.56
2026-05-31 05:39:05,none,4,309,success,28,0.2482,0.3705,0,25.89,66.34,53.0,43.0,25.89,66.34
2026-05-31 05:40:10,none,4,310,collision,-1,0.3931,0.1746,5,25.81,66.45,52.0,44.0,25.81,66.45
2026-05-31 05:40:40,none,4,311,success,34,0.4939,0.4612,0,26.05,66.24,52.0,44.0,26.05,66.24
2026-05-31 05:41:17,none,4,312,collision,-1,0.4407,0.1934,5,25.96,66.35,51.0,45.0,25.96,66.35
2026-05-31 05:41:27,none,4,313,collision,-1,0.7893,0.1672,5,25.88,66.45,50.0,46.0,25.88,66.45
2026-05-31 05:41:41,none,4,314,success,14,1.0,0.5023,0,26.11,66.24,50.0,46.0,26.11,66.24
2026-05-31 05:42:09,none,4,315,collision,-1,0.5071,0.12,1,26.03,66.35,49.0,47.0,26.03,66.35
2026-05-31 05:42:12,none,4,316,success,2,1.0,0.8686,0,26.27,66.14,50.0,46.0,26.27,66.14
2026-05-31 05:42:25,none,4,317,collision,-1,1.0,0.1984,1,26.18,66.25,50.0,46.0,26.18,66.25
2026-05-31 05:43:11,none,4,318,success,52,0.4218,0.2009,12,26.42,66.04,51.0,45.0,26.42,66.04
2026-05-31 05:44:02,none,4,319,success,56,0.3628,0.2054,11,26.65,65.83,52.0,44.0,26.65,65.83
2026-05-31 05:44:12,none,4,320,collision,-1,1.0,0.1575,1,26.56,65.94,51.0,45.0,26.56,65.94
2026-05-31 05:44:31,none,4,321,success,22,0.5084,0.4466,0,26.79,65.73,52.0,45.0,26.79,65.73
2026-05-31 05:44:56,none,4,322,success,26,0.8246,0.2263,2,27.02,65.53,52.0,45.0,27.02,65.53
2026-05-31 05:45:17,none,4,323,success,22,0.8052,0.2898,2,27.24,65.33,53.0,44.0,27.24,65.33
2026-05-31 05:45:35,none,4,324,success,20,0.3482,0.6013,0,27.47,65.12,54.0,43.0,27.47,65.12
2026-05-31 05:45:46,none,4,325,collision,-1,0.7611,0.1603,3,27.38,65.23,54.0,43.0,27.38,65.23
2026-05-31 05:45:55,none,4,326,success,8,1.0,0.7842,0,27.61,65.03,55.0,42.0,27.61,65.03
2026-05-31 05:46:04,none,4,327,success,8,1.0,0.301,0,27.83,64.83,55.0,42.0,27.83,64.83
2026-05-31 05:46:15,none,4,328,success,12,0.6893,0.6612,0,28.05,64.63,56.0,42.0,28.05,64.63
2026-05-31 05:46:43,none,4,329,success,32,0.2233,0.3341,0,28.27,64.44,57.0,41.0,28.27,64.44
2026-05-31 05:47:01,none,4,330,collision,-1,0.7079,0.12,3,28.18,64.55,56.0,42.0,28.18,64.55
2026-05-31 05:47:28,none,4,331,collision,-1,0.403,0.1761,3,28.1,64.65,56.0,43.0,28.1,64.65
2026-05-31 05:48:03,none,4,332,success,40,0.4026,0.3641,0,28.31,64.46,56.0,43.0,28.31,64.46
2026-05-31 05:48:35,none,4,333,collision,-1,0.5831,0.1963,8,28.23,64.56,56.0,43.0,28.23,64.56
2026-05-31 05:48:49,none,4,334,success,13,1.0,0.3601,0,28.44,64.37,56.0,43.0,28.44,64.37
2026-05-31 05:49:05,none,4,335,collision,-1,0.4287,0.182,1,28.36,64.48,55.0,44.0,28.36,64.48
2026-05-31 05:49:21,none,4,336,success,18,0.3834,0.6972,0,28.57,64.29,55.0,44.0,28.57,64.29
2026-05-31 05:49:40,none,4,337,collision,-1,0.7408,0.1691,5,28.49,64.39,55.0,44.0,28.49,64.39
2026-05-31 05:49:53,none,4,338,success,14,1.0,0.3092,0,28.7,64.2,56.0,43.0,28.7,64.2
2026-05-31 05:50:06,none,4,339,success,14,0.6128,0.5056,0,28.91,64.01,57.0,43.0,28.91,64.01
2026-05-31 05:50:21,none,4,340,collision,-1,0.8137,0.1519,3,28.82,64.12,57.0,43.0,28.82,64.12
2026-05-31 05:50:52,none,4,341,success,36,0.6607,0.2492,1,29.03,63.93,57.0,43.0,29.03,63.93
2026-05-31 05:51:17,none,4,342,success,28,0.5121,0.4136,0,29.24,63.74,57.0,43.0,29.24,63.74
2026-05-31 05:51:45,none,4,343,collision,-1,0.584,0.182,10,29.15,63.85,56.0,44.0,29.15,63.85
2026-05-31 05:52:10,none,4,344,collision,-1,0.6338,0.1769,7,29.07,63.95,55.0,45.0,29.07,63.95
2026-05-31 05:52:24,none,4,345,collision,-1,1.0,0.12,3,28.99,64.06,55.0,45.0,28.99,64.06
2026-05-31 05:52:46,none,4,346,success,24,0.875,0.2051,4,29.19,63.87,55.0,45.0,29.19,63.87
2026-05-31 05:53:04,none,4,347,collision,-1,0.8374,0.1333,1,29.11,63.98,54.0,46.0,29.11,63.98
2026-05-31 05:53:38,none,4,348,collision,-1,0.4029,0.1955,1,29.02,64.08,54.0,46.0,29.02,64.08
2026-05-31 05:53:52,none,4,349,collision,-1,0.982,0.12,5,28.94,64.18,53.0,47.0,28.94,64.18
2026-05-31 05:54:04,none,4,350,success,12,1.0,0.3828,0,29.14,64.0,54.0,46.0,29.14,64.0
2026-05-31 05:54:13,none,4,351,collision,-1,1.0,0.1838,1,29.06,64.1,53.0,47.0,29.06,64.1
2026-05-31 05:54:44,none,4,352,collision,-1,0.5168,0.1937,6,28.98,64.2,52.0,48.0,28.98,64.2
2026-05-31 05:55:33,none,4,353,collision,-1,0.2698,0.1937,6,28.9,64.31,52.0,48.0,28.9,64.31
2026-05-31 05:55:44,none,4,354,success,11,1.0,0.1211,1,29.1,64.12,52.0,48.0,29.1,64.12
2026-05-31 05:56:03,none,4,355,collision,-1,0.5871,0.1691,2,29.01,64.23,52.0,48.0,29.01,64.23
2026-05-31 05:56:46,none,4,356,success,51,0.1176,0.2952,1,29.21,64.04,52.0,48.0,29.21,64.04
2026-05-31 05:57:09,none,4,357,success,25,0.575,0.3375,0,29.41,63.87,52.0,48.0,29.41,63.87
2026-05-31 05:57:34,none,4,358,success,28,0.5217,0.2071,6,29.61,63.69,52.0,48.0,29.61,63.69
2026-05-31 05:57:55,none,4,359,success,24,0.4977,0.2639,2,29.81,63.51,52.0,48.0,29.81,63.51
2026-05-31 05:58:02,none,4,360,success,6,1.0,0.5703,0,30.0,63.33,53.0,47.0,30.0,63.33
2026-05-31 05:58:13,none,4,361,collision,-1,1.0,0.1944,2,29.92,63.43,52.0,48.0,29.92,63.43
2026-05-31 05:58:31,none,4,362,collision,-1,0.4003,0.123,1,29.83,63.54,52.0,48.0,29.83,63.54
2026-05-31 05:58:46,none,4,363,success,14,0.3596,0.7855,0,30.03,63.36,53.0,47.0,30.03,63.36
2026-05-31 05:58:56,none,4,364,success,10,1.0,0.4053,0,30.22,63.19,53.0,47.0,30.22,63.19
2026-05-31 05:59:06,none,4,365,success,10,0.8104,0.6022,0,30.41,63.01,53.0,47.0,30.41,63.01
2026-05-31 05:59:21,none,4,366,collision,-1,1.0,0.1668,1,30.33,63.11,52.0,48.0,30.33,63.11
2026-05-31 05:59:32,none,4,367,collision,-1,1.0,0.1651,1,30.25,63.22,51.0,49.0,30.25,63.22
2026-05-31 05:59:50,none,4,368,collision,-1,0.8735,0.1866,4,30.16,63.32,50.0,50.0,30.16,63.32
2026-05-31 06:00:02,none,4,369,collision,-1,1.0,0.1432,1,30.08,63.41,49.0,51.0,30.08,63.41
2026-05-31 06:00:52,none,4,370,success,58,0.284,0.2041,8,30.27,63.24,50.0,50.0,30.27,63.24
2026-05-31 06:01:04,none,4,371,collision,-1,1.0,0.1639,1,30.19,63.34,50.0,50.0,30.19,63.34
2026-05-31 06:01:13,none,4,372,success,8,0.8634,0.4242,0,30.38,63.17,50.0,50.0,30.38,63.17
2026-05-31 06:01:32,none,4,373,success,22,0.748,0.2893,1,30.56,63.0,51.0,49.0,30.56,63.0
2026-05-31 06:02:11,none,4,374,collision,-1,0.1282,0.12,13,30.48,63.1,51.0,49.0,30.48,63.1
2026-05-31 06:02:40,none,4,375,success,32,0.4358,0.2503,4,30.67,62.93,52.0,48.0,30.67,62.93
2026-05-31 06:02:46,none,4,376,success,7,1.0,0.7447,0,30.85,62.77,52.0,48.0,30.85,62.77
2026-05-31 06:03:18,none,4,377,collision,-1,0.4759,0.12,10,30.77,62.86,51.0,49.0,30.77,62.86
2026-05-31 06:25:53,none,4,378,collision,-1,1.0,0.1948,1,30.69,62.96,51.0,49.0,30.69,62.96
2026-05-31 06:26:20,none,4,379,success,30,0.3573,0.2055,6,30.87,62.8,52.0,48.0,30.87,62.8
2026-05-31 06:26:35,none,4,380,collision,-1,0.9395,0.1574,1,30.79,62.89,51.0,49.0,30.79,62.89
2026-05-31 06:26:54,none,4,381,collision,-1,0.5917,0.1289,3,30.71,62.99,51.0,49.0,30.71,62.99
2026-05-31 06:27:00,none,4,382,success,6,1.0,0.5967,0,30.89,62.83,52.0,48.0,30.89,62.83
2026-05-31 06:27:38,none,4,383,success,44,0.5305,0.2221,4,31.07,62.66,53.0,47.0,31.07,62.66
2026-05-31 06:28:04,none,4,384,success,30,0.4638,0.2873,1,31.25,62.5,54.0,46.0,31.25,62.5
2026-05-31 06:28:27,none,4,385,collision,-1,0.6519,0.1889,5,31.17,62.6,53.0,47.0,31.17,62.6
2026-05-31 06:29:00,none,4,386,collision,-1,0.3913,0.1711,3,31.09,62.69,53.0,47.0,31.09,62.69
2026-05-31 06:29:27,none,4,387,collision,-1,0.5079,0.1829,1,31.01,62.79,53.0,47.0,31.01,62.79
2026-05-31 06:29:57,none,4,388,collision,-1,0.4619,0.12,1,30.93,62.89,52.0,48.0,30.93,62.89
2026-05-31 06:30:20,none,4,389,collision,-1,0.5524,0.1553,1,30.85,62.98,52.0,48.0,30.85,62.98
2026-05-31 06:30:34,none,4,390,success,14,1.0,0.4718,0,31.03,62.82,53.0,47.0,31.03,62.82
2026-05-31 06:30:38,none,4,391,success,5,1.0,0.7401,0,31.2,62.66,54.0,46.0,31.2,62.66
2026-05-31 06:30:46,none,4,392,success,7,1.0,0.758,0,31.38,62.5,55.0,45.0,31.38,62.5
2026-05-31 06:30:59,none,4,393,success,14,1.0,0.4143,0,31.55,62.34,55.0,45.0,31.55,62.34
2026-05-31 06:31:10,none,4,394,success,12,0.4645,0.8206,0,31.73,62.18,55.0,45.0,31.73,62.18
2026-05-31 06:31:15,none,4,395,success,4,1.0,0.8787,0,31.9,62.03,55.0,45.0,31.9,62.03
2026-05-31 06:31:30,none,4,396,success,16,0.9826,0.3434,0,32.07,61.87,55.0,45.0,32.07,61.87
2026-05-31 06:31:48,none,4,397,success,20,0.8666,0.2992,1,32.24,61.71,56.0,44.0,32.24,61.71
2026-05-31 06:31:56,none,4,398,collision,-1,1.0,0.12,3,32.16,61.81,55.0,45.0,32.16,61.81
2026-05-31 06:32:17,none,4,399,collision,-1,0.5842,0.12,1,32.08,61.9,55.0,45.0,32.08,61.9
2026-05-31 06:32:31,none,4,400,success,14,0.6817,0.8018,0,32.25,61.75,56.0,44.0,32.25,61.75
2026-05-31 06:32:42,none,4,401,success,12,0.9166,0.417,0,32.42,61.6,56.0,44.0,32.42,61.6
2026-05-31 06:32:54,none,4,402,success,12,1.0,0.3125,0,32.59,61.44,56.0,44.0,32.59,61.44
2026-05-31 06:33:04,none,4,403,collision,-1,1.0,0.1628,3,32.51,61.54,56.0,44.0,32.51,61.54
2026-05-31 06:33:24,none,4,404,success,22,0.8893,0.2526,2,32.67,61.39,57.0,43.0,32.67,61.39
2026-05-31 06:33:43,none,4,405,success,22,0.5329,0.2384,2,32.84,61.23,57.0,43.0,32.84,61.23
2026-05-31 06:33:52,none,4,406,collision,-1,1.0,0.12,1,32.76,61.33,56.0,44.0,32.76,61.33
2026-05-31 06:34:09,none,4,407,collision,-1,0.7535,0.12,3,32.68,61.43,55.0,45.0,32.68,61.43
2026-05-31 06:34:30,none,4,408,collision,-1,0.4899,0.1895,5,32.6,61.52,54.0,46.0,32.6,61.52
2026-05-31 06:34:36,none,4,409,success,6,0.955,0.746,0,32.76,61.37,54.0,46.0,32.76,61.37
2026-05-31 06:34:56,none,4,410,collision,-1,0.798,0.166,1,32.68,61.46,54.0,46.0,32.68,61.46
2026-05-31 06:35:14,none,4,411,collision,-1,0.7831,0.171,5,32.6,61.56,53.0,47.0,32.6,61.56
2026-05-31 06:35:34,none,4,412,collision,-1,0.9195,0.12,1,32.52,61.65,53.0,47.0,32.52,61.65
2026-05-31 06:36:10,none,4,413,collision,-1,0.3473,0.151,3,32.45,61.74,53.0,47.0,32.45,61.74
2026-05-31 06:36:32,none,4,414,collision,-1,0.5786,0.149,1,32.37,61.84,52.0,48.0,32.37,61.84
2026-05-31 06:36:42,none,4,415,collision,-1,1.0,0.1201,1,32.29,61.93,52.0,48.0,32.29,61.93
2026-05-31 06:37:06,none,4,416,success,26,0.2627,0.3486,0,32.45,61.78,52.0,48.0,32.45,61.78
2026-05-31 06:37:28,none,4,417,success,24,0.5086,0.3537,0,32.61,61.63,53.0,47.0,32.61,61.63
2026-05-31 06:37:36,none,4,418,success,8,0.7869,0.619,0,32.78,61.48,53.0,47.0,32.78,61.48
2026-05-31 06:37:39,none,4,419,success,2,1.0,0.9226,0,32.94,61.34,53.0,47.0,32.94,61.34
2026-05-31 06:38:09,none,4,420,collision,-1,0.4611,0.194,7,32.86,61.43,53.0,47.0,32.86,61.43
2026-05-31 06:38:28,none,4,421,collision,-1,0.7654,0.1706,1,32.78,61.52,52.0,48.0,32.78,61.52
2026-05-31 06:39:00,none,4,422,success,36,0.5176,0.3725,0,32.94,61.37,52.0,48.0,32.94,61.37
2026-05-31 06:39:24,none,4,423,collision,-1,0.5633,0.1462,2,32.86,61.47,51.0,49.0,32.86,61.47
2026-05-31 06:39:29,none,4,424,success,4,1.0,0.6623,0,33.02,61.32,51.0,49.0,33.02,61.32
2026-05-31 06:39:42,none,4,425,success,14,1.0,0.4235,0,33.18,61.18,52.0,48.0,33.18,61.18
2026-05-31 06:40:18,none,4,426,success,40,0.4236,0.3188,0,33.33,61.03,52.0,48.0,33.33,61.03
2026-05-31 06:40:30,none,4,427,success,12,0.4377,0.7886,0,33.49,60.89,52.0,48.0,33.49,60.89
2026-05-31 06:40:45,none,4,428,collision,-1,0.9339,0.1912,1,33.41,60.98,51.0,49.0,33.41,60.98
2026-05-31 06:41:01,none,4,429,success,18,0.7964,0.2611,1,33.57,60.84,51.0,49.0,33.57,60.84
2026-05-31 06:41:50,none,4,430,success,56,0.1986,0.3055,0,33.72,60.7,52.0,48.0,33.72,60.7
2026-05-31 06:42:17,none,4,431,success,30,0.6077,0.3086,0,33.87,60.56,53.0,47.0,33.87,60.56
2026-05-31 06:42:39,none,4,432,success,24,0.5429,0.2612,2,34.03,60.42,53.0,47.0,34.03,60.42
2026-05-31 06:42:43,none,4,433,success,2,1.0,0.847,0,34.18,60.28,54.0,46.0,34.18,60.28
2026-05-31 06:43:11,none,4,434,success,34,0.5739,0.3202,0,34.33,60.14,54.0,46.0,34.33,60.14
2026-05-31 06:43:29,none,4,435,collision,-1,0.8792,0.12,1,34.25,60.23,54.0,46.0,34.25,60.23
2026-05-31 06:43:52,none,4,436,success,26,0.3122,0.3868,0,34.4,60.09,54.0,46.0,34.4,60.09
2026-05-31 06:44:04,none,4,437,success,12,0.6192,0.7904,0,34.55,59.95,55.0,45.0,34.55,59.95
2026-05-31 06:44:19,none,4,438,collision,-1,1.0,0.1967,2,34.47,60.05,54.0,46.0,34.47,60.05
2026-05-31 06:44:34,none,4,439,success,15,0.9077,0.3808,0,34.62,59.91,54.0,46.0,34.62,59.91
2026-05-31 06:44:47,none,4,440,success,14,0.8791,0.3735,0,34.77,59.77,55.0,45.0,34.77,59.77
2026-05-31 06:44:55,none,4,441,collision,-1,0.5838,0.1436,3,34.69,59.86,54.0,46.0,34.69,59.86
2026-05-31 06:45:34,none,4,442,collision,-1,0.523,0.1822,11,34.62,59.95,53.0,47.0,34.62,59.95
2026-05-31 06:46:00,none,4,443,collision,-1,0.598,0.1525,3,34.54,60.05,53.0,47.0,34.54,60.05
2026-05-31 06:46:26,none,4,444,success,28,0.3935,0.3308,0,34.68,59.91,54.0,46.0,34.68,59.91
2026-05-31 06:46:37,none,4,445,collision,-1,1.0,0.1975,2,34.61,60.0,54.0,46.0,34.61,60.0
2026-05-31 06:46:58,none,4,446,success,21,0.7109,0.3311,0,34.75,59.87,54.0,46.0,34.75,59.87
2026-05-31 06:47:27,none,4,447,collision,-1,0.6849,0.1924,9,34.68,59.96,54.0,46.0,34.68,59.96
2026-05-31 06:47:31,none,4,448,success,4,1.0,0.859,0,34.82,59.82,55.0,45.0,34.82,59.82
2026-05-31 06:47:40,none,4,449,collision,-1,1.0,0.1568,1,34.74,59.91,55.0,45.0,34.74,59.91
2026-05-31 06:47:49,none,4,450,success,10,0.4951,0.6539,0,34.89,59.78,55.0,45.0,34.89,59.78
2026-05-31 06:47:59,none,4,451,success,10,0.9508,0.7117,0,35.03,59.65,56.0,44.0,35.03,59.65
2026-05-31 06:48:14,none,4,452,success,18,0.5161,0.5434,0,35.18,59.51,57.0,43.0,35.18,59.51
2026-05-31 06:48:44,none,4,453,collision,-1,0.4061,0.158,5,35.1,59.6,57.0,43.0,35.1,59.6
2026-05-31 06:48:54,none,4,454,collision,-1,0.7992,0.12,5,35.02,59.69,56.0,44.0,35.02,59.69
2026-05-31 06:49:03,none,4,455,collision,-1,1.0,0.1989,2,34.95,59.78,56.0,44.0,34.95,59.78
2026-05-31 06:49:24,none,4,456,success,23,0.6217,0.209,2,35.09,59.65,56.0,44.0,35.09,59.65
2026-05-31 06:49:45,none,4,457,success,22,0.2362,0.3047,0,35.23,59.52,56.0,44.0,35.23,59.52
2026-05-31 06:50:26,none,4,458,success,46,0.3567,0.3231,0,35.37,59.39,56.0,44.0,35.37,59.39
2026-05-31 06:50:29,none,4,459,success,2,1.0,0.8912,0,35.51,59.26,56.0,44.0,35.51,59.26
2026-05-31 06:50:47,none,4,460,success,18,0.7263,0.4008,0,35.65,59.13,56.0,44.0,35.65,59.13
2026-05-31 06:51:02,none,4,461,collision,-1,0.9328,0.12,1,35.57,59.22,56.0,44.0,35.57,59.22
2026-05-31 06:51:17,none,4,462,success,16,0.9215,0.12,5,35.71,59.09,57.0,43.0,35.71,59.09
2026-05-31 06:51:36,none,4,463,success,22,0.7192,0.2326,5,35.85,58.96,57.0,43.0,35.85,58.96
2026-05-31 06:52:08,none,4,464,success,36,0.4673,0.261,5,35.99,58.84,57.0,43.0,35.99,58.84
2026-05-31 06:52:18,none,4,465,success,10,1.0,0.3182,0,36.13,58.71,57.0,43.0,36.13,58.71
2026-05-31 06:52:33,none,4,466,success,16,0.8279,0.3024,0,36.27,58.58,58.0,42.0,36.27,58.58
2026-05-31 06:52:56,none,4,467,collision,-1,0.4647,0.1899,3,36.19,58.67,58.0,42.0,36.19,58.67
2026-05-31 06:53:27,none,4,468,success,34,0.3061,0.2574,3,36.32,58.55,59.0,41.0,36.32,58.55
2026-05-31 06:53:35,none,4,469,collision,-1,1.0,0.1422,3,36.25,58.64,59.0,41.0,36.25,58.64
2026-05-31 06:53:50,none,4,470,success,14,0.4352,0.6027,0,36.38,58.51,59.0,41.0,36.38,58.51
2026-05-31 06:54:01,none,4,471,success,12,0.9774,0.292,2,36.52,58.39,60.0,40.0,36.52,58.39
2026-05-31 06:54:17,none,4,472,collision,-1,0.5569,0.1937,2,36.44,58.47,59.0,41.0,36.44,58.47
2026-05-31 06:54:27,none,4,473,collision,-1,1.0,0.1661,2,36.36,58.56,58.0,42.0,36.36,58.56
2026-05-31 06:54:52,none,4,474,success,28,0.2286,0.3839,0,36.5,58.44,59.0,41.0,36.5,58.44
2026-05-31 06:55:09,none,4,475,success,18,0.7819,0.3902,0,36.63,58.32,59.0,41.0,36.63,58.32
2026-05-31 06:55:19,none,4,476,success,10,0.7764,0.5792,0,36.76,58.19,59.0,41.0,36.76,58.19
2026-05-31 06:55:45,none,4,477,success,30,0.5165,0.2174,17,36.9,58.07,60.0,40.0,36.9,58.07
2026-05-31 06:56:00,none,4,478,success,16,0.4944,0.6645,0,37.03,57.95,61.0,39.0,37.03,57.95
2026-05-31 06:56:25,none,4,479,collision,-1,0.5857,0.1362,5,36.95,58.04,60.0,40.0,36.95,58.04
2026-05-31 06:56:39,none,4,480,collision,-1,0.8191,0.187,2,36.88,58.13,60.0,40.0,36.88,58.13
2026-05-31 06:56:56,none,4,481,success,17,0.5593,0.5615,0,37.01,58.0,61.0,39.0,37.01,58.0
2026-05-31 06:57:15,none,4,482,success,20,0.5324,0.4444,0,37.14,57.88,61.0,39.0,37.14,57.88
2026-05-31 06:57:53,none,4,483,success,42,0.2131,0.3496,0,37.27,57.76,61.0,39.0,37.27,57.76
2026-05-31 06:58:07,none,4,484,collision,-1,0.7456,0.12,2,37.19,57.85,60.0,40.0,37.19,57.85
2026-05-31 06:58:24,none,4,485,success,18,0.662,0.4092,0,37.32,57.73,61.0,39.0,37.32,57.73
2026-05-31 06:58:36,none,4,486,collision,-1,1.0,0.1296,3,37.24,57.82,61.0,39.0,37.24,57.82
2026-05-31 06:58:47,none,4,487,collision,-1,1.0,0.155,2,37.17,57.91,61.0,39.0,37.17,57.91
2026-05-31 06:58:54,none,4,488,success,6,1.0,0.643,0,37.3,57.79,62.0,38.0,37.3,57.79
2026-05-31 06:59:04,none,4,489,collision,-1,0.9013,0.1938,2,37.22,57.87,62.0,38.0,37.22,57.87
2026-05-31 06:59:16,none,4,490,success,11,0.9688,0.2238,2,37.35,57.76,62.0,38.0,37.35,57.76
2026-05-31 06:59:19,none,4,491,success,2,1.0,0.8488,0,37.47,57.64,62.0,38.0,37.47,57.64
2026-05-31 06:59:39,none,4,492,success,20,0.7127,0.2509,3,37.6,57.52,62.0,38.0,37.6,57.52
2026-05-31 06:59:50,none,4,493,collision,-1,1.0,0.12,3,37.53,57.61,61.0,39.0,37.53,57.61
2026-05-31 07:00:13,none,4,494,success,24,0.7239,0.2824,2,37.65,57.49,61.0,39.0,37.65,57.49
2026-05-31 07:00:39,none,4,495,collision,-1,0.5583,0.1461,3,37.58,57.58,60.0,40.0,37.58,57.58
2026-05-31 07:00:49,none,4,496,collision,-1,0.8684,0.1692,1,37.5,57.66,59.0,41.0,37.5,57.66
2026-05-31 07:01:14,none,4,497,collision,-1,0.4315,0.12,3,37.42,57.75,58.0,42.0,37.42,57.75
2026-05-31 07:01:33,none,4,498,collision,-1,0.9607,0.1546,3,37.35,57.83,58.0,42.0,37.35,57.83
2026-05-31 07:01:45,none,4,499,success,12,1.0,0.3748,0,37.47,57.72,59.0,41.0,37.47,57.72
2026-05-31 07:02:08,none,4,500,collision,-1,0.8001,0.1536,1,37.4,57.8,58.0,42.0,37.4,57.8
2026-05-31 07:02:16,none,4,501,success,9,0.9394,0.7568,0,37.52,57.68,58.0,42.0,37.6,57.6
2026-05-31 07:02:32,none,4,502,success,15,1.0,0.3005,0,37.65,57.57,58.0,42.0,37.8,57.4
2026-05-31 07:02:55,none,4,503,success,26,0.6997,0.2011,7,37.77,57.46,59.0,41.0,38.0,57.2
2026-05-31 07:03:14,none,4,504,success,20,0.8694,0.2408,4,37.9,57.34,59.0,41.0,38.2,57.0
2026-05-31 07:03:35,none,4,505,collision,-1,0.7682,0.12,4,37.82,57.43,58.0,42.0,38.2,57.0
2026-05-31 07:03:54,none,4,506,success,20,0.5978,0.3043,0,37.94,57.31,59.0,41.0,38.4,56.8
2026-05-31 07:04:08,none,4,507,success,14,0.682,0.5433,0,38.07,57.2,60.0,40.0,38.6,56.6
2026-05-31 07:04:34,none,4,508,success,28,0.5602,0.2997,1,38.19,57.09,61.0,39.0,38.8,56.4
2026-05-31 07:04:46,none,4,509,success,12,0.8462,0.3283,0,38.31,56.97,61.0,39.0,39.0,56.2
2026-05-31 07:05:17,none,4,510,success,34,0.4828,0.3671,0,38.43,56.86,62.0,38.0,39.2,56.0
2026-05-31 07:05:25,none,4,511,collision,-1,1.0,0.1738,3,38.36,56.95,62.0,38.0,39.2,56.0
2026-05-31 07:05:39,none,4,512,collision,-1,1.0,0.1854,4,38.28,57.03,62.0,38.0,39.2,56.0
2026-05-31 07:05:52,none,4,513,success,13,0.6984,0.3665,0,38.4,56.92,63.0,37.0,39.4,55.8
2026-05-31 07:06:10,none,4,514,success,18,0.7439,0.3664,0,38.52,56.81,64.0,36.0,39.6,55.6
2026-05-31 07:06:35,none,4,515,collision,-1,0.5448,0.1512,1,38.45,56.89,64.0,36.0,39.6,55.6
2026-05-31 07:06:55,none,4,516,success,22,0.663,0.3639,0,38.57,56.78,64.0,36.0,39.8,55.4
2026-05-31 07:07:24,none,4,517,success,30,0.432,0.2084,4,38.68,56.67,64.0,36.0,40.0,55.2
2026-05-31 07:07:56,none,4,518,collision,-1,0.397,0.1841,6,38.61,56.76,63.0,37.0,40.0,55.2
2026-05-31 07:08:22,none,4,519,success,28,0.6202,0.2853,1,38.73,56.65,63.0,37.0,40.2,55.0
2026-05-31 07:08:41,none,4,520,success,20,0.7268,0.2702,2,38.85,56.54,64.0,36.0,40.2,55.0
2026-05-31 07:08:53,none,4,521,collision,-1,1.0,0.1333,1,38.77,56.62,64.0,36.0,40.2,55.0
2026-05-31 07:09:06,none,4,522,success,14,0.8125,0.3187,0,38.89,56.51,64.0,36.0,40.4,54.8
2026-05-31 07:09:30,none,4,523,success,26,0.2309,0.2228,7,39.01,56.41,65.0,35.0,40.6,54.6
2026-05-31 07:09:40,none,4,524,success,10,0.5946,0.3483,0,39.12,56.3,65.0,35.0,40.8,54.4
2026-05-31 07:09:50,none,4,525,success,10,0.8443,0.522,0,39.24,56.19,65.0,35.0,41.0,54.2
2026-05-31 07:10:00,none,4,526,success,10,1.0,0.2708,1,39.35,56.08,65.0,35.0,41.2,54.0
2026-05-31 07:10:12,none,4,527,success,12,0.8436,0.3017,0,39.47,55.98,65.0,35.0,41.4,53.8
2026-05-31 07:10:29,none,4,528,success,18,0.7477,0.2216,2,39.58,55.87,66.0,34.0,41.6,53.6
2026-05-31 07:10:41,none,4,529,success,12,0.748,0.657,0,39.7,55.77,66.0,34.0,41.8,53.4
2026-05-31 07:11:02,none,4,530,success,22,0.5787,0.3168,0,39.81,55.66,66.0,34.0,41.8,53.4
2026-05-31 07:11:15,none,4,531,collision,-1,0.9002,0.1676,5,39.74,55.74,65.0,35.0,41.8,53.4
2026-05-31 07:11:35,none,4,532,success,22,0.8181,0.2215,2,39.85,55.64,65.0,35.0,42.0,53.2
2026-05-31 07:11:45,none,4,533,success,10,0.7431,0.3028,0,39.96,55.53,65.0,35.0,42.2,53.0
2026-05-31 07:12:03,none,4,534,collision,-1,0.8601,0.1418,1,39.89,55.62,64.0,36.0,42.2,53.0
2026-05-31 07:12:42,none,4,535,collision,-1,0.4203,0.171,11,39.81,55.7,64.0,36.0,42.2,53.0
2026-05-31 07:12:52,none,4,536,success,10,0.8374,0.3708,0,39.93,55.6,64.0,36.0,42.4,52.8
2026-05-31 07:13:10,none,4,537,success,20,0.7471,0.6073,0,40.04,55.49,64.0,36.0,42.6,52.6
2026-05-31 07:13:31,none,4,538,collision,-1,0.8331,0.1939,1,39.96,55.58,64.0,36.0,42.6,52.6
2026-05-31 07:13:56,none,4,539,collision,-1,0.5571,0.1353,1,39.89,55.66,63.0,37.0,42.6,52.6
2026-05-31 07:14:09,none,4,540,collision,-1,1.0,0.12,3,39.81,55.74,62.0,38.0,42.4,52.8
2026-05-31 07:14:17,none,4,541,success,8,0.8551,0.5815,0,39.93,55.64,63.0,37.0,42.6,52.6
2026-05-31 07:14:37,none,4,542,collision,-1,0.8954,0.1769,3,39.85,55.72,63.0,37.0,42.6,52.6
2026-05-31 07:14:47,none,4,543,collision,-1,1.0,0.12,1,39.78,55.8,63.0,37.0,42.6,52.6
2026-05-31 07:15:00,none,4,544,success,14,1.0,0.3049,0,39.89,55.7,63.0,37.0,42.8,52.4
2026-05-31 07:15:17,none,4,545,collision,-1,0.851,0.1721,3,39.82,55.78,63.0,37.0,42.8,52.4
2026-05-31 07:15:32,none,4,546,collision,-1,1.0,0.1985,1,39.74,55.86,62.0,38.0,42.8,52.6
2026-05-31 07:15:56,none,4,547,success,26,0.4291,0.2373,5,39.85,55.76,63.0,37.0,43.0,52.4
2026-05-31 07:16:10,none,4,548,success,14,0.8979,0.4081,0,39.96,55.66,63.0,37.0,43.2,52.2
2026-05-31 07:16:47,none,4,549,success,40,0.4701,0.2196,2,40.07,55.56,64.0,36.0,43.4,52.0
2026-05-31 07:16:55,none,4,550,success,8,0.9103,0.4034,0,40.18,55.45,64.0,36.0,43.4,52.0
2026-05-31 07:18:00,none,4,551,success,76,0.2858,0.2213,6,40.29,55.35,64.0,36.0,43.6,51.8
2026-05-31 07:18:19,none,4,552,success,20,0.8136,0.3192,0,40.4,55.25,64.0,36.0,43.6,51.8
2026-05-31 07:18:27,none,4,553,success,8,0.9983,0.2662,1,40.51,55.15,65.0,35.0,43.8,51.6
2026-05-31 07:18:34,none,4,554,collision,-1,1.0,0.1783,1,40.43,55.23,65.0,35.0,43.8,51.6
2026-05-31 07:18:53,none,4,555,success,20,0.7524,0.2763,2,40.54,55.14,66.0,34.0,44.0,51.4
2026-05-31 07:19:05,none,4,556,success,12,1.0,0.4362,0,40.65,55.04,66.0,34.0,44.2,51.2
2026-05-31 07:19:15,none,4,557,success,10,1.0,0.3191,0,40.75,54.94,66.0,34.0,44.4,51.0
2026-05-31 07:19:27,none,4,558,collision,-1,0.5073,0.1845,1,40.68,55.02,65.0,35.0,44.4,51.0
2026-05-31 07:19:40,none,4,559,collision,-1,1.0,0.1955,1,40.61,55.1,64.0,36.0,44.2,51.2
2026-05-31 07:19:57,none,4,560,success,18,0.9327,0.2803,2,40.71,55.0,64.0,36.0,44.4,51.0
2026-05-31 07:20:12,none,4,561,success,16,1.0,0.222,3,40.82,54.9,65.0,35.0,44.6,50.8
2026-05-31 07:20:25,none,4,562,success,12,1.0,0.2876,2,40.93,54.8,65.0,35.0,44.8,50.6
2026-05-31 07:20:41,none,4,563,success,16,0.4616,0.6248,0,41.03,54.71,65.0,35.0,45.0,50.4
2026-05-31 07:20:55,none,4,564,collision,-1,0.8184,0.1973,4,40.96,54.79,64.0,36.0,44.8,50.6
2026-05-31 07:21:17,none,4,565,collision,-1,0.7074,0.1693,7,40.88,54.87,63.0,37.0,44.8,50.6
2026-05-31 07:21:28,none,4,566,success,10,0.5365,0.3426,0,40.99,54.77,63.0,37.0,45.0,50.4
2026-05-31 07:21:47,none,4,567,success,20,0.62,0.3123,0,41.09,54.67,64.0,36.0,45.2,50.2
2026-05-31 07:21:50,none,4,568,success,2,1.0,0.8939,0,41.2,54.58,64.0,36.0,45.4,50.0
2026-05-31 07:21:57,none,4,569,success,6,1.0,0.3803,0,41.3,54.48,65.0,35.0,45.6,49.8
2026-05-31 07:22:04,none,4,570,collision,-1,1.0,0.1734,3,41.23,54.56,64.0,36.0,45.6,49.8
2026-05-31 07:22:25,none,4,571,success,22,0.9148,0.214,10,41.33,54.47,64.0,36.0,45.8,49.6
2026-05-31 07:22:33,none,4,572,success,8,0.8679,0.5617,0,41.43,54.37,65.0,35.0,46.0,49.4
2026-05-31 07:22:42,none,4,573,success,8,0.5831,0.5698,0,41.54,54.28,66.0,34.0,46.0,49.4
2026-05-31 07:23:09,none,4,574,collision,-1,0.7404,0.1949,8,41.46,54.36,65.0,35.0,46.0,49.4
2026-05-31 07:23:26,none,4,575,collision,-1,1.0,0.1889,3,41.39,54.43,64.0,36.0,46.0,49.4
2026-05-31 07:23:32,none,4,576,success,6,1.0,0.3816,0,41.49,54.34,64.0,36.0,46.0,49.4
2026-05-31 07:23:52,none,4,577,success,22,0.7718,0.2856,2,41.59,54.25,64.0,36.0,46.2,49.2
2026-05-31 07:24:04,none,4,578,collision,-1,1.0,0.1926,3,41.52,54.33,63.0,37.0,46.2,49.2
2026-05-31 07:24:27,none,4,579,success,24,0.2442,0.2621,4,41.62,54.23,64.0,36.0,46.4,49.0
2026-05-31 07:24:37,none,4,580,success,10,0.3701,0.4047,0,41.72,54.14,65.0,35.0,46.6,48.8
2026-05-31 07:24:58,none,4,581,collision,-1,0.6931,0.12,5,41.65,54.22,64.0,36.0,46.6,48.8
2026-05-31 07:25:10,none,4,582,collision,-1,1.0,0.191,1,41.58,54.3,63.0,37.0,46.6,48.8
2026-05-31 07:25:17,none,4,583,collision,-1,1.0,0.12,3,41.51,54.37,62.0,38.0,46.6,48.8
2026-05-31 07:25:30,none,4,584,success,12,0.8686,0.4126,0,41.61,54.28,63.0,37.0,46.8,48.6
2026-05-31 07:25:42,none,4,585,success,12,1.0,0.3636,0,41.71,54.19,63.0,37.0,47.0,48.4
2026-05-31 07:25:59,none,4,586,success,18,0.2764,0.2203,3,41.81,54.1,64.0,36.0,47.2,48.2
2026-05-31 07:26:16,none,4,587,collision,-1,0.6813,0.1394,5,41.74,54.17,64.0,36.0,47.2,48.2
2026-05-31 07:26:24,none,4,588,success,9,0.5134,0.5906,0,41.84,54.08,64.0,36.0,47.4,48.0
2026-05-31 07:26:40,none,4,589,success,15,0.757,0.2412,1,41.94,53.99,65.0,35.0,47.6,47.8
2026-05-31 07:26:56,none,4,590,success,16,0.8877,0.288,2,42.03,53.9,65.0,35.0,47.8,47.6
2026-05-31 07:27:11,none,4,591,success,16,0.5593,0.2984,1,42.13,53.81,65.0,35.0,48.0,47.4
2026-05-31 07:27:20,none,4,592,success,8,0.8938,0.2205,1,42.23,53.72,65.0,35.0,48.2,47.2
2026-05-31 07:27:45,none,4,593,success,26,0.7736,0.2192,8,42.33,53.63,66.0,34.0,48.4,47.0
2026-05-31 07:28:04,none,4,594,collision,-1,0.5978,0.1345,1,42.26,53.7,65.0,35.0,48.4,47.0
2026-05-31 07:28:09,none,4,595,success,4,1.0,0.5947,0,42.35,53.61,66.0,34.0,48.6,46.8
2026-05-31 07:28:26,none,4,596,success,18,0.821,0.3117,0,42.45,53.52,67.0,33.0,48.6,46.8
2026-05-31 07:28:36,none,4,597,collision,-1,1.0,0.1655,3,42.38,53.6,67.0,33.0,48.6,46.8
2026-05-31 07:28:56,none,4,598,collision,-1,0.7971,0.16,5,42.31,53.68,67.0,33.0,48.6,47.0
2026-05-31 07:29:21,none,4,599,success,26,0.6769,0.242,4,42.4,53.59,67.0,33.0,48.8,46.8
2026-05-31 07:29:35,none,4,600,success,14,0.9757,0.2256,2,42.5,53.5,68.0,32.0,49.0,46.6
2026-05-31 07:29:46,none,4,601,success,10,0.9643,0.3562,0,42.6,53.41,68.0,32.0,49.2,46.4
2026-05-31 07:29:57,none,4,602,collision,-1,1.0,0.1248,3,42.52,53.49,67.0,33.0,49.2,46.4
2026-05-31 07:30:20,none,4,603,collision,-1,0.7081,0.1962,7,42.45,53.57,66.0,34.0,49.2,46.4
2026-05-31 07:30:32,none,4,604,collision,-1,1.0,0.12,3,42.38,53.64,65.0,35.0,49.2,46.4
2026-05-31 07:30:44,none,4,605,success,12,0.9901,0.2778,2,42.48,53.55,66.0,34.0,49.4,46.2
2026-05-31 07:30:51,none,4,606,success,6,0.7521,0.367,0,42.57,53.47,66.0,34.0,49.6,46.0
2026-05-31 07:30:59,none,4,607,collision,-1,1.0,0.155,3,42.5,53.54,65.0,35.0,49.6,46.0
2026-05-31 07:31:08,none,4,608,collision,-1,1.0,0.1627,3,42.43,53.62,64.0,36.0,49.6,46.0
2026-05-31 07:31:18,none,4,609,success,10,1.0,0.3232,0,42.53,53.53,64.0,36.0,49.8,45.8
2026-05-31 07:31:39,none,4,610,collision,-1,0.8625,0.1858,4,42.46,53.61,63.0,37.0,49.8,46.0
2026-05-31 07:31:48,none,4,611,success,8,0.7068,0.2201,1,42.55,53.52,64.0,36.0,50.0,45.8
2026-05-31 07:32:01,none,4,612,collision,-1,1.0,0.1223,3,42.48,53.59,64.0,36.0,49.8,46.0
2026-05-31 07:32:37,none,4,613,collision,-1,0.4425,0.1714,6,42.41,53.67,63.0,37.0,49.8,46.0
2026-05-31 07:32:53,none,4,614,collision,-1,1.0,0.12,3,42.35,53.75,62.0,38.0,49.8,46.0
2026-05-31 07:33:11,none,4,615,collision,-1,0.8171,0.1995,2,42.28,53.82,62.0,38.0,49.8,46.0
2026-05-31 07:33:19,none,4,616,collision,-1,1.0,0.12,1,42.21,53.9,61.0,39.0,49.8,46.0
2026-05-31 07:33:31,none,4,617,success,12,0.9022,0.3247,0,42.3,53.81,61.0,39.0,49.8,46.0
2026-05-31 07:33:36,none,4,618,success,4,1.0,0.7958,0,42.39,53.72,62.0,38.0,50.0,45.8
2026-05-31 07:33:45,none,4,619,collision,-1,1.0,0.1799,3,42.33,53.8,61.0,39.0,50.0,45.8
2026-05-31 07:33:59,none,4,620,success,14,0.8273,0.2157,4,42.42,53.71,61.0,39.0,50.2,45.6
2026-05-31 07:34:06,none,4,621,success,6,1.0,0.682,0,42.51,53.62,62.0,38.0,50.4,45.4
2026-05-31 07:34:17,none,4,622,collision,-1,1.0,0.1416,1,42.44,53.7,61.0,39.0,50.4,45.4
2026-05-31 07:34:40,none,4,623,success,24,0.6693,0.207,9,42.54,53.61,61.0,39.0,50.6,45.2
2026-05-31 07:34:45,none,4,624,success,4,1.0,0.3027,0,42.63,53.53,61.0,39.0,50.8,45.0
2026-05-31 07:35:20,none,4,625,success,38,0.4086,0.2495,4,42.72,53.44,61.0,39.0,51.0,44.8
2026-05-31 07:35:32,none,4,626,success,12,0.9854,0.2433,2,42.81,53.35,61.0,39.0,51.2,44.6
2026-05-31 07:35:39,none,4,627,collision,-1,1.0,0.1223,3,42.74,53.43,60.0,40.0,51.2,44.6
2026-05-31 07:35:59,none,4,628,collision,-1,0.6148,0.12,3,42.68,53.5,59.0,41.0,51.2,44.6
2026-05-31 07:36:15,none,4,629,success,16,0.8713,0.2325,7,42.77,53.42,59.0,41.0,51.4,44.4
2026-05-31 07:36:31,none,4,630,collision,-1,0.7851,0.185,3,42.7,53.49,58.0,42.0,51.4,44.4
2026-05-31 07:36:42,none,4,631,collision,-1,1.0,0.1622,1,42.63,53.57,58.0,42.0,51.4,44.4
2026-05-31 07:36:56,none,4,632,success,14,1.0,0.3144,0,42.72,53.48,58.0,42.0,51.6,44.2
2026-05-31 07:37:07,none,4,633,collision,-1,1.0,0.12,1,42.65,53.55,57.0,43.0,51.6,44.2
2026-05-31 07:37:14,none,4,634,collision,-1,1.0,0.1436,1,42.59,53.63,57.0,43.0,51.6,44.2
2026-05-31 07:37:26,none,4,635,success,12,1.0,0.3771,0,42.68,53.54,58.0,42.0,51.8,44.0
2026-05-31 07:37:33,none,4,636,collision,-1,1.0,0.12,1,42.61,53.62,57.0,43.0,51.8,44.0
2026-05-31 07:37:45,none,4,637,success,12,0.9296,0.2213,2,42.7,53.53,57.0,43.0,52.0,43.8
2026-05-31 07:38:14,none,4,638,collision,-1,0.3812,0.12,3,42.63,53.61,57.0,43.0,52.0,43.8
2026-05-31 07:38:25,none,4,639,success,10,1.0,0.2992,2,42.72,53.52,58.0,42.0,52.0,43.8
2026-05-31 07:38:42,none,4,640,collision,-1,1.0,0.1917,3,42.66,53.59,58.0,42.0,52.0,43.8
2026-05-31 07:38:52,none,4,641,success,10,1.0,0.3518,0,42.75,53.51,58.0,42.0,52.2,43.6
2026-05-31 07:39:06,none,4,642,success,14,0.838,0.3298,0,42.83,53.43,59.0,41.0,52.4,43.4
2026-05-31 07:39:19,none,4,643,success,14,0.7747,0.3395,0,42.92,53.34,60.0,40.0,52.6,43.2
2026-05-31 07:39:29,none,4,644,success,8,0.7533,0.596,0,43.01,53.26,60.0,40.0,52.8,43.0
2026-05-31 07:39:43,none,4,645,success,14,0.9881,0.3281,0,43.1,53.18,61.0,39.0,53.0,42.8
2026-05-31 07:40:04,none,4,646,collision,-1,0.6272,0.1898,7,43.03,53.25,61.0,39.0,53.0,42.8
2026-05-31 07:40:16,none,4,647,success,12,1.0,0.2698,3,43.12,53.17,61.0,39.0,53.2,42.6
2026-05-31 07:40:19,none,4,648,success,2,1.0,0.8511,0,43.21,53.09,61.0,39.0,53.4,42.4
2026-05-31 07:40:51,none,4,649,collision,-1,0.4495,0.12,7,43.14,53.16,60.0,40.0,53.4,42.4
2026-05-31 07:41:13,none,4,650,collision,-1,0.965,0.1535,6,43.08,53.23,59.0,41.0,53.4,42.4
2026-05-31 07:41:29,none,4,651,collision,-1,1.0,0.1946,1,43.01,53.3,58.0,42.0,53.4,42.4
2026-05-31 07:41:47,none,4,652,success,18,0.8492,0.2113,2,43.1,53.22,58.0,42.0,53.6,42.4
2026-05-31 07:42:04,none,4,653,success,18,0.7193,0.2325,6,43.19,53.14,58.0,42.0,53.8,42.4
2026-05-31 07:42:18,none,4,654,collision,-1,1.0,0.12,4,43.12,53.21,58.0,42.0,53.6,42.6
2026-05-31 07:42:36,none,4,655,success,20,0.8177,0.289,1,43.21,53.13,58.0,42.0,53.8,42.4
2026-05-31 07:42:49,none,4,656,collision,-1,1.0,0.1993,2,43.14,53.2,57.0,43.0,53.8,42.4
2026-05-31 07:43:24,none,4,657,success,37,0.5527,0.2403,10,43.23,53.12,57.0,43.0,54.0,42.4
2026-05-31 07:43:54,none,4,658,success,32,0.5801,0.2119,4,43.31,53.04,58.0,42.0,54.2,42.2
2026-05-31 07:44:03,none,4,659,success,8,0.9457,0.4456,0,43.4,52.96,59.0,41.0,54.2,42.2
2026-05-31 07:44:11,none,4,660,success,8,1.0,0.5851,0,43.48,52.88,59.0,41.0,54.4,42.0
2026-05-31 07:44:18,none,4,661,collision,-1,1.0,0.191,1,43.42,52.95,58.0,42.0,54.4,42.2
2026-05-31 07:44:30,none,4,662,collision,-1,0.6644,0.1963,4,43.35,53.02,57.0,43.0,54.4,42.4
2026-05-31 07:44:41,none,4,663,collision,-1,1.0,0.1558,1,43.29,53.09,56.0,44.0,54.4,42.4
2026-05-31 07:45:01,none,4,664,collision,-1,1.0,0.1996,2,43.22,53.16,56.0,44.0,54.4,42.4
2026-05-31 07:45:40,none,4,665,success,39,0.1133,0.3164,0,43.31,53.08,57.0,43.0,54.6,42.4
2026-05-31 07:45:48,none,4,666,success,8,0.8755,0.5236,0,43.39,53.0,57.0,43.0,54.6,42.4
2026-05-31 07:46:01,none,4,667,success,12,0.9354,0.3277,0,43.48,52.92,57.0,43.0,54.8,42.4
2026-05-31 07:46:24,none,4,668,collision,-1,0.5962,0.1897,5,43.41,52.99,56.0,44.0,54.8,42.6
2026-05-31 07:46:35,none,4,669,success,12,0.9005,0.403,0,43.5,52.91,56.0,44.0,55.0,42.6
2026-05-31 07:46:42,none,4,670,success,6,1.0,0.4898,0,43.58,52.84,57.0,43.0,55.2,42.4
2026-05-31 07:46:55,none,4,671,collision,-1,1.0,0.1974,5,43.52,52.91,56.0,44.0,55.0,42.6
2026-05-31 07:47:29,none,4,672,success,36,0.4653,0.2144,8,43.6,52.83,56.0,44.0,55.2,42.6
2026-05-31 07:47:42,none,4,673,success,14,0.6809,0.4691,0,43.68,52.75,56.0,44.0,55.4,42.4
2026-05-31 07:48:02,none,4,674,success,20,0.5934,0.1732,2,43.77,52.67,57.0,43.0,55.6,42.2
2026-05-31 07:48:09,none,4,675,success,6,0.967,0.7325,0,43.85,52.59,58.0,42.0,55.8,42.2
2026-05-31 07:48:26,none,4,676,success,18,0.5695,0.3217,0,43.93,52.51,58.0,42.0,56.0,42.0
2026-05-31 07:48:51,none,4,677,collision,-1,0.9532,0.1648,2,43.87,52.58,57.0,43.0,56.0,42.0
2026-05-31 07:48:58,none,4,678,collision,-1,1.0,0.1535,1,43.81,52.65,57.0,43.0,56.0,42.0
2026-05-31 07:49:19,none,4,679,success,22,0.8754,0.3116,0,43.89,52.58,57.0,43.0,56.2,42.0
2026-05-31 07:49:34,none,4,680,collision,-1,0.9432,0.166,1,43.82,52.65,56.0,44.0,56.2,42.0
2026-05-31 07:49:43,none,4,681,success,10,0.9406,0.8077,0,43.91,52.57,57.0,43.0,56.4,41.8
2026-05-31 07:49:54,none,4,682,collision,-1,1.0,0.1689,1,43.84,52.64,57.0,43.0,56.4,41.8
2026-05-31 07:50:07,none,4,683,collision,-1,0.4989,0.1652,3,43.78,52.71,57.0,43.0,56.2,42.0
2026-05-31 07:50:17,none,4,684,collision,-1,1.0,0.12,1,43.71,52.78,56.0,44.0,56.2,42.0
2026-05-31 07:50:43,none,4,685,collision,-1,0.5733,0.1749,7,43.65,52.85,55.0,45.0,56.2,42.2
2026-05-31 07:50:56,none,4,686,success,14,0.8822,0.3323,0,43.73,52.77,55.0,45.0,56.4,42.2
2026-05-31 07:51:06,none,4,687,success,10,0.76,0.4353,0,43.81,52.69,56.0,44.0,56.6,42.0
2026-05-31 07:51:47,none,4,688,collision,-1,0.4879,0.1979,12,43.75,52.76,55.0,45.0,56.6,42.2
2026-05-31 07:52:07,none,4,689,collision,-1,0.7371,0.1921,3,43.69,52.83,54.0,46.0,56.6,42.4
2026-05-31 07:52:20,none,4,690,collision,-1,1.0,0.1889,3,43.62,52.9,53.0,47.0,56.4,42.6
2026-05-31 07:52:43,none,4,691,collision,-1,0.9892,0.1897,13,43.56,52.97,52.0,48.0,56.4,42.8
2026-05-31 07:52:57,none,4,692,success,14,0.9653,0.3144,0,43.64,52.89,52.0,48.0,56.4,42.8
2026-05-31 07:53:15,none,4,693,success,20,0.7057,0.3608,0,43.72,52.81,52.0,48.0,56.4,42.8
2026-05-31 07:53:32,none,4,694,success,18,0.369,0.4008,0,43.8,52.74,53.0,47.0,56.6,42.6
2026-05-31 07:53:42,none,4,695,success,10,1.0,0.345,0,43.88,52.66,53.0,47.0,56.8,42.4
2026-05-31 07:54:19,none,4,696,collision,-1,0.5586,0.1497,17,43.82,52.73,52.0,48.0,56.8,42.4
2026-05-31 07:54:24,none,4,697,success,5,1.0,0.3765,0,43.9,52.65,53.0,47.0,56.8,42.4
2026-05-31 07:54:42,none,4,698,success,17,0.5561,0.2315,4,43.98,52.58,54.0,46.0,56.8,42.4
2026-05-31 07:54:52,none,4,699,collision,-1,1.0,0.153,1,43.92,52.65,53.0,47.0,56.8,42.4
2026-05-31 07:54:59,none,4,700,success,6,0.8812,0.5203,0,44.0,52.57,53.0,47.0,56.8,42.4
2026-05-31 07:55:12,none,4,701,success,14,0.7118,0.6981,0,44.08,52.5,53.0,47.0,56.8,42.4
2026-05-31 07:55:28,none,4,702,success,16,0.9741,0.3333,0,44.16,52.42,54.0,46.0,56.8,42.4
2026-05-31 07:55:45,none,4,703,success,18,0.5688,0.2561,1,44.24,52.35,55.0,45.0,57.0,42.2
2026-05-31 07:56:23,none,4,704,success,44,0.3486,0.2006,10,44.32,52.27,56.0,44.0,57.2,42.0
2026-05-31 07:56:37,none,4,705,success,14,1.0,0.5419,0,44.4,52.2,56.0,44.0,57.4,41.8
2026-05-31 07:56:49,none,4,706,success,12,0.9003,0.2681,2,44.48,52.12,56.0,44.0,57.6,41.6
2026-05-31 07:57:04,none,4,707,success,16,0.7738,0.3779,0,44.55,52.05,57.0,43.0,57.8,41.4
2026-05-31 07:57:10,none,4,708,success,6,1.0,0.6168,0,44.63,51.98,58.0,42.0,58.0,41.2
2026-05-31 07:57:24,none,4,709,success,14,0.5047,0.4406,0,44.71,51.9,58.0,42.0,58.0,41.2
2026-05-31 07:57:36,none,4,710,collision,-1,0.6296,0.1872,1,44.65,51.97,58.0,42.0,57.8,41.4
2026-05-31 07:57:53,none,4,711,success,18,0.7686,0.2876,2,44.73,51.9,58.0,42.0,57.8,41.4
2026-05-31 07:58:03,none,4,712,success,11,0.9592,0.3462,0,44.8,51.83,59.0,41.0,57.8,41.4
2026-05-31 07:58:18,none,4,713,collision,-1,1.0,0.1982,1,44.74,51.89,59.0,41.0,57.6,41.6
2026-05-31 07:58:37,none,4,714,success,20,0.675,0.2685,1,44.82,51.82,60.0,40.0,57.6,41.6
2026-05-31 07:58:52,none,4,715,collision,-1,0.8863,0.12,5,44.76,51.89,60.0,40.0,57.4,41.8
2026-05-31 07:59:06,none,4,716,collision,-1,0.7894,0.12,3,44.69,51.96,60.0,40.0,57.4,41.8
2026-05-31 07:59:18,none,4,717,collision,-1,1.0,0.1903,1,44.63,52.02,59.0,41.0,57.4,41.8
2026-05-31 07:59:28,none,4,718,collision,-1,0.9482,0.1772,3,44.57,52.09,58.0,42.0,57.4,41.8
2026-05-31 07:59:42,none,4,719,success,14,0.8235,0.3159,0,44.65,52.02,59.0,41.0,57.6,41.6
2026-05-31 07:59:53,none,4,720,collision,-1,0.9563,0.1661,1,44.58,52.08,58.0,42.0,57.4,41.8
2026-05-31 08:00:04,none,4,721,success,12,1.0,0.3075,0,44.66,52.01,58.0,42.0,57.6,41.8
2026-05-31 08:00:22,none,4,722,collision,-1,1.0,0.1888,4,44.6,52.08,58.0,42.0,57.4,42.0
2026-05-31 08:00:30,none,4,723,collision,-1,1.0,0.179,2,44.54,52.14,57.0,43.0,57.4,42.0
2026-05-31 08:00:45,none,4,724,collision,-1,0.9072,0.1707,3,44.48,52.21,56.0,44.0,57.4,42.0
2026-05-31 08:00:57,none,4,725,collision,-1,1.0,0.1832,1,44.41,52.28,55.0,45.0,57.4,42.0
2026-05-31 08:01:05,none,4,726,success,8,1.0,0.3271,0,44.49,52.2,55.0,45.0,57.6,41.8
2026-05-31 08:01:51,none,4,727,success,52,0.3861,0.3023,0,44.57,52.13,56.0,44.0,57.6,41.8
2026-05-31 08:02:14,none,4,728,collision,-1,0.6471,0.1884,8,44.51,52.2,56.0,44.0,57.6,42.0
2026-05-31 08:02:21,none,4,729,success,6,0.7534,0.6664,0,44.58,52.13,56.0,44.0,57.8,41.8
2026-05-31 08:02:35,none,4,730,success,14,0.9716,0.255,2,44.66,52.05,57.0,43.0,57.8,41.8
2026-05-31 08:02:49,none,4,731,success,14,0.75,0.3529,0,44.73,51.98,58.0,42.0,58.0,41.8
2026-05-31 08:02:57,none,4,732,success,8,0.7947,0.5122,0,44.81,51.91,58.0,42.0,58.0,41.8
2026-05-31 08:03:06,none,4,733,collision,-1,0.9037,0.1596,3,44.75,51.98,58.0,42.0,58.0,41.8
2026-05-31 08:03:12,none,4,734,success,6,1.0,0.6946,0,44.82,51.91,59.0,41.0,58.0,41.8
2026-05-31 08:03:22,none,4,735,success,10,1.0,0.4397,0,44.9,51.84,59.0,41.0,58.0,41.8
2026-05-31 08:03:28,none,4,736,success,4,1.0,0.9399,0,44.97,51.77,60.0,40.0,58.0,41.8
2026-05-31 08:03:45,none,4,737,collision,-1,0.5586,0.1973,4,44.91,51.83,59.0,41.0,58.0,41.8
2026-05-31 08:04:25,none,4,738,collision,-1,0.3593,0.1872,7,44.85,51.9,59.0,41.0,58.0,41.8
2026-05-31 08:04:35,none,4,739,success,10,0.7527,0.2857,1,44.93,51.83,59.0,41.0,58.2,41.8
2026-05-31 08:04:43,none,4,740,success,8,1.0,0.4909,0,45.0,51.76,60.0,40.0,58.4,41.6
2026-05-31 08:04:57,none,4,741,success,14,0.8426,0.3048,0,45.07,51.69,60.0,40.0,58.4,41.6
2026-05-31 08:05:14,none,4,742,collision,-1,0.8346,0.1481,7,45.01,51.75,59.0,41.0,58.2,41.8
2026-05-31 08:05:28,none,4,743,success,14,0.9481,0.2024,5,45.09,51.68,59.0,41.0,58.2,41.8
2026-05-31 08:05:45,none,4,744,collision,-1,0.3205,0.1992,1,45.03,51.75,58.0,42.0,58.0,42.0
2026-05-31 08:05:56,none,4,745,success,12,1.0,0.2941,1,45.1,51.68,58.0,42.0,58.2,41.8
2026-05-31 08:06:14,none,4,746,collision,-1,1.0,0.1967,1,45.04,51.74,58.0,42.0,58.0,42.0
2026-05-31 08:06:20,none,4,747,collision,-1,1.0,0.176,1,44.98,51.81,57.0,43.0,57.8,42.2
2026-05-31 08:06:36,none,4,748,collision,-1,0.364,0.1641,1,44.92,51.87,56.0,44.0,57.8,42.2
2026-05-31 08:06:52,none,4,749,collision,-1,0.8114,0.179,3,44.86,51.94,56.0,44.0,57.6,42.4
2026-05-31 08:07:03,none,4,750,success,10,1.0,0.5767,0,44.93,51.87,57.0,43.0,57.8,42.2
2026-05-31 08:07:09,none,4,751,collision,-1,1.0,0.1446,1,44.87,51.93,57.0,43.0,57.6,42.4
2026-05-31 08:07:28,none,4,752,collision,-1,0.5975,0.1951,3,44.81,51.99,56.0,44.0,57.4,42.6
2026-05-31 08:07:39,none,4,753,collision,-1,0.443,0.1377,1,44.75,52.06,55.0,45.0,57.4,42.6
2026-05-31 08:07:50,none,4,754,success,10,0.9962,0.368,0,44.83,51.99,56.0,44.0,57.4,42.6
2026-05-31 08:08:07,none,4,755,collision,-1,0.5891,0.12,3,44.77,52.05,55.0,45.0,57.4,42.6
2026-05-31 08:08:24,none,4,756,success,18,0.6532,0.2783,2,44.84,51.98,56.0,44.0,57.4,42.6
2026-05-31 08:08:31,none,4,757,collision,-1,1.0,0.12,1,44.78,52.05,55.0,45.0,57.2,42.8
2026-05-31 08:08:40,none,4,758,collision,-1,1.0,0.1347,3,44.72,52.11,54.0,46.0,57.0,43.0
2026-05-31 08:08:57,none,4,759,success,18,0.5042,0.3128,0,44.8,52.04,54.0,46.0,57.0,43.0
2026-05-31 08:09:08,none,4,760,success,10,0.386,0.4899,0,44.87,51.97,54.0,46.0,57.2,42.8
2026-05-31 08:09:13,none,4,761,success,4,0.8938,0.5512,0,44.94,51.91,55.0,45.0,57.2,42.8
2026-05-31 08:09:30,none,4,762,collision,-1,1.0,0.177,7,44.88,51.97,55.0,45.0,57.2,42.8
2026-05-31 08:09:37,none,4,763,success,6,1.0,0.58,0,44.95,51.9,56.0,44.0,57.4,42.6
2026-05-31 08:09:47,none,4,764,success,10,0.9815,0.4772,0,45.03,51.83,57.0,43.0,57.4,42.6
2026-05-31 08:10:06,none,4,765,success,20,0.6465,0.3654,0,45.1,51.76,57.0,43.0,57.4,42.6
2026-05-31 08:10:16,none,4,766,collision,-1,1.0,0.1751,1,45.04,51.83,56.0,44.0,57.2,42.8
2026-05-31 08:10:42,none,4,767,success,26,0.4717,0.2757,3,45.11,51.76,56.0,44.0,57.2,42.8
2026-05-31 08:10:52,none,4,768,collision,-1,1.0,0.1736,1,45.05,51.82,56.0,44.0,57.0,43.0
2026-05-31 08:11:02,none,4,769,success,10,1.0,0.5338,0,45.12,51.76,56.0,44.0,57.0,43.0
2026-05-31 08:11:16,none,4,770,success,14,0.2843,0.3606,0,45.19,51.69,56.0,44.0,57.2,42.8
2026-05-31 08:11:53,none,4,771,success,42,0.3609,0.2931,2,45.27,51.62,57.0,43.0,57.4,42.6
2026-05-31 08:12:10,none,4,772,collision,-1,0.7646,0.126,5,45.21,51.68,56.0,44.0,57.2,42.8
2026-05-31 08:12:23,none,4,773,success,14,0.7944,0.3144,0,45.28,51.62,56.0,44.0,57.4,42.6
2026-05-31 08:12:45,none,4,774,collision,-1,0.9518,0.1358,5,45.22,51.68,55.0,45.0,57.4,42.6
2026-05-31 08:13:12,none,4,775,success,28,0.5067,0.2513,3,45.29,51.61,55.0,45.0,57.6,42.4
2026-05-31 08:13:21,none,4,776,success,8,0.4584,0.5271,0,45.36,51.55,55.0,45.0,57.6,42.4
2026-05-31 08:13:34,none,4,777,collision,-1,1.0,0.1894,4,45.3,51.61,55.0,45.0,57.4,42.6
2026-05-31 08:14:01,none,4,778,success,29,0.4235,0.2604,3,45.37,51.54,56.0,44.0,57.6,42.4
2026-05-31 08:14:11,none,4,779,collision,-1,0.7135,0.1814,3,45.31,51.6,55.0,45.0,57.6,42.4
2026-05-31 08:14:18,none,4,780,success,6,0.8658,0.4876,0,45.38,51.54,56.0,44.0,57.6,42.4
2026-05-31 08:14:35,none,4,781,success,18,0.6735,0.1475,5,45.45,51.47,56.0,44.0,57.8,42.2
2026-05-31 08:14:43,none,4,782,collision,-1,1.0,0.1661,1,45.4,51.53,56.0,44.0,57.8,42.2
2026-05-31 08:14:53,none,4,783,success,10,1.0,0.536,0,45.47,51.47,57.0,43.0,58.0,42.0
2026-05-31 08:15:22,none,4,784,success,32,0.4712,0.2365,7,45.54,51.4,58.0,42.0,58.2,41.8
2026-05-31 08:15:34,none,4,785,success,12,1.0,0.2348,4,45.61,51.34,59.0,41.0,58.2,41.8
2026-05-31 08:15:48,none,4,786,success,14,0.7689,0.12,1,45.67,51.27,59.0,41.0,58.4,41.6
2026-05-31 08:16:00,none,4,787,success,12,0.8238,0.2794,1,45.74,51.21,59.0,41.0,58.6,41.4
2026-05-31 08:16:12,none,4,788,success,12,0.8528,0.3468,0,45.81,51.14,60.0,40.0,58.6,41.4
2026-05-31 08:16:26,none,4,789,success,14,0.9597,0.3003,0,45.88,51.08,61.0,39.0,58.8,41.2
2026-05-31 08:16:40,none,4,790,success,14,0.839,0.2739,1,45.95,51.01,62.0,38.0,59.0,41.0
2026-05-31 08:16:53,none,4,791,success,14,0.831,0.1826,1,46.02,50.95,63.0,37.0,59.2,40.8
2026-05-31 08:17:08,none,4,792,success,17,0.588,0.3646,0,46.09,50.88,63.0,37.0,59.4,40.6
2026-05-31 08:17:27,none,4,793,collision,-1,0.5408,0.12,3,46.03,50.95,62.0,38.0,59.2,40.8
2026-05-31 08:17:35,none,4,794,success,8,1.0,0.7081,0,46.1,50.88,62.0,38.0,59.2,40.8
2026-05-31 08:17:45,none,4,795,collision,-1,0.5199,0.1624,1,46.04,50.94,61.0,39.0,59.0,41.0
2026-05-31 08:18:01,none,4,796,success,16,0.6195,0.3031,0,46.11,50.88,62.0,38.0,59.0,41.0
2026-05-31 08:18:17,none,4,797,collision,-1,1.0,0.1216,5,46.05,50.94,61.0,39.0,59.0,41.0
2026-05-31 08:18:39,none,4,798,success,24,0.3748,0.2275,2,46.12,50.88,61.0,39.0,59.0,41.0
2026-05-31 08:18:51,none,4,799,success,12,1.0,0.3837,0,46.18,50.81,62.0,38.0,59.2,40.8
2026-05-31 08:19:06,none,4,800,success,16,0.8692,0.2196,3,46.25,50.75,62.0,38.0,59.4,40.6
2026-05-31 08:19:19,none,4,801,success,14,0.879,0.3026,0,46.32,50.69,62.0,38.0,59.4,40.6
2026-05-31 08:19:48,none,4,802,success,32,0.6332,0.249,6,46.38,50.62,62.0,38.0,59.4,40.6
2026-05-31 08:19:55,none,4,803,success,6,0.8462,0.5575,0,46.45,50.56,62.0,38.0,59.6,40.4
2026-05-31 08:20:02,none,4,804,success,7,1.0,0.5028,0,46.52,50.5,62.0,38.0,59.8,40.2
2026-05-31 08:20:17,none,4,805,success,15,0.6275,0.4919,0,46.58,50.43,62.0,38.0,59.8,40.2
2026-05-31 08:20:29,none,4,806,collision,-1,1.0,0.1517,1,46.53,50.5,61.0,39.0,59.6,40.4
2026-05-31 08:20:40,none,4,807,success,10,0.6018,0.6148,0,46.59,50.43,61.0,39.0,59.6,40.4
2026-05-31 08:20:50,none,4,808,success,10,1.0,0.2115,2,46.66,50.37,61.0,39.0,59.6,40.4
2026-05-31 08:20:59,none,4,809,success,8,0.6669,0.4472,0,46.72,50.31,61.0,39.0,59.6,40.4
2026-05-31 08:21:17,none,4,810,collision,-1,0.8864,0.12,2,46.67,50.37,61.0,39.0,59.6,40.4
2026-05-31 08:21:33,none,4,811,success,16,0.5407,0.2487,2,46.73,50.31,61.0,39.0,59.6,40.4
2026-05-31 08:22:19,none,4,812,collision,-1,0.4734,0.195,23,46.67,50.37,60.0,40.0,59.6,40.4
2026-05-31 08:22:26,none,4,813,success,6,1.0,0.3555,0,46.74,50.31,61.0,39.0,59.8,40.2
2026-05-31 08:22:36,none,4,814,success,10,1.0,0.3202,0,46.81,50.25,61.0,39.0,59.8,40.2
2026-05-31 08:23:00,none,4,815,collision,-1,0.624,0.1468,5,46.75,50.31,61.0,39.0,59.8,40.2
2026-05-31 08:23:21,none,4,816,success,22,0.3684,0.3225,0,46.81,50.25,62.0,38.0,59.8,40.2
2026-05-31 08:23:31,none,4,817,success,10,1.0,0.2243,3,46.88,50.18,63.0,37.0,60.0,40.0
2026-05-31 08:23:39,none,4,818,collision,-1,1.0,0.1263,1,46.82,50.24,63.0,37.0,59.8,40.2
2026-05-31 08:23:55,none,4,819,collision,-1,1.0,0.1815,2,46.76,50.31,62.0,38.0,59.6,40.4
2026-05-31 08:24:35,none,4,820,success,43,0.5019,0.2294,19,46.83,50.24,63.0,37.0,59.8,40.2
2026-05-31 08:24:49,none,4,821,collision,-1,1.0,0.1684,3,46.77,50.3,62.0,38.0,59.6,40.4
2026-05-31 08:25:10,none,4,822,success,22,0.5167,0.3156,0,46.84,50.24,63.0,37.0,59.6,40.4
2026-05-31 08:25:29,none,4,823,success,20,0.7569,0.2386,5,46.9,50.18,64.0,36.0,59.6,40.4
2026-05-31 08:25:41,none,4,824,success,13,1.0,0.4358,0,46.97,50.12,65.0,35.0,59.6,40.4
2026-05-31 08:25:59,none,4,825,collision,-1,1.0,0.1601,11,46.91,50.18,65.0,35.0,59.6,40.4
2026-05-31 08:26:11,none,4,826,success,12,0.3202,0.3166,0,46.97,50.12,65.0,35.0,59.6,40.4
2026-05-31 08:26:19,none,4,827,success,6,0.6773,0.5708,0,47.04,50.06,65.0,35.0,59.6,40.4
2026-05-31 08:26:33,none,4,828,success,14,0.3655,0.4505,0,47.1,50.0,66.0,34.0,59.6,40.4
2026-05-31 08:26:38,none,4,829,success,4,1.0,0.7517,0,47.17,49.94,66.0,34.0,59.6,40.4
2026-05-31 08:26:45,none,4,830,success,6,1.0,0.418,0,47.23,49.88,66.0,34.0,59.8,40.2
2026-05-31 08:27:02,none,4,831,success,18,0.3933,0.3057,0,47.29,49.82,66.0,34.0,60.0,40.0
2026-05-31 08:27:11,none,4,832,success,8,0.7571,0.5682,0,47.36,49.76,66.0,34.0,60.0,40.0
2026-05-31 08:27:19,none,4,833,success,8,0.9724,0.5322,0,47.42,49.7,67.0,33.0,60.2,39.8
2026-05-31 08:27:40,none,4,834,success,22,0.6438,0.3119,0,47.48,49.64,67.0,33.0,60.2,39.8
2026-05-31 08:27:54,none,4,835,success,14,0.6494,0.584,0,47.54,49.58,67.0,33.0,60.4,39.6
2026-05-31 08:28:07,none,4,836,collision,-1,0.8406,0.1755,5,47.49,49.64,66.0,34.0,60.2,39.8
2026-05-31 08:28:23,none,4,837,collision,-1,0.9564,0.1651,3,47.43,49.7,66.0,34.0,60.2,39.8
2026-05-31 08:28:35,none,4,838,success,12,0.9817,0.2756,3,47.49,49.64,67.0,33.0,60.2,39.8
2026-05-31 08:29:05,none,4,839,success,34,0.5197,0.2253,8,47.56,49.58,67.0,33.0,60.2,39.8
2026-05-31 08:29:18,none,4,840,collision,-1,1.0,0.12,1,47.5,49.64,66.0,34.0,60.2,39.8
2026-05-31 08:29:37,none,4,841,collision,-1,0.4889,0.12,8,47.44,49.7,65.0,35.0,60.0,40.0
2026-05-31 08:29:45,none,4,842,success,8,0.9855,0.4069,0,47.51,49.64,66.0,34.0,60.0,40.0
2026-05-31 08:30:06,none,4,843,collision,-1,0.7124,0.1405,3,47.45,49.7,65.0,35.0,60.0,40.0
2026-05-31 08:30:36,none,4,844,success,34,0.4705,0.2425,4,47.51,49.64,66.0,34.0,60.2,39.8
2026-05-31 08:30:45,none,4,845,success,8,0.6629,0.4354,0,47.57,49.59,66.0,34.0,60.4,39.6
2026-05-31 08:30:52,none,4,846,success,6,0.9685,0.4838,0,47.64,49.53,67.0,33.0,60.4,39.6
2026-05-31 08:31:06,none,4,847,collision,-1,0.7129,0.12,6,47.58,49.59,67.0,33.0,60.4,39.6
2026-05-31 08:31:19,none,4,848,collision,-1,1.0,0.169,1,47.52,49.65,67.0,33.0,60.4,39.6
2026-05-31 08:31:29,none,4,849,success,10,0.6276,0.7192,0,47.59,49.59,68.0,32.0,60.6,39.4
2026-05-31 08:31:44,none,4,850,success,16,0.8478,0.3428,0,47.65,49.53,68.0,32.0,60.6,39.4
2026-05-31 08:32:25,none,4,851,collision,-1,0.3773,0.12,11,47.59,49.59,68.0,32.0,60.6,39.4
2026-05-31 08:32:40,none,4,852,collision,-1,1.0,0.1347,1,47.54,49.65,68.0,32.0,60.6,39.4
2026-05-31 08:33:01,none,4,853,success,24,0.7136,0.3316,0,47.6,49.59,69.0,31.0,60.8,39.2
2026-05-31 08:33:11,none,4,854,success,10,0.6575,0.728,0,47.66,49.53,69.0,31.0,60.8,39.2
2026-05-31 08:33:29,none,4,855,success,20,0.5954,0.32,0,47.72,49.47,70.0,30.0,61.0,39.0
2026-05-31 08:33:41,none,4,856,success,12,0.9525,0.4052,0,47.78,49.42,70.0,30.0,61.0,39.0
2026-05-31 08:33:47,none,4,857,collision,-1,1.0,0.12,1,47.72,49.47,70.0,30.0,60.8,39.2
2026-05-31 08:34:01,none,4,858,success,14,0.8024,0.3107,0,47.79,49.42,71.0,29.0,60.8,39.2
2026-05-31 08:34:15,none,4,859,success,14,0.9944,0.277,2,47.85,49.36,71.0,29.0,60.8,39.2
2026-05-31 08:34:35,none,4,860,collision,-1,0.5643,0.12,5,47.79,49.42,70.0,30.0,60.6,39.4
2026-05-31 08:34:48,none,4,861,collision,-1,0.3558,0.1974,1,47.74,49.48,69.0,31.0,60.6,39.4
2026-05-31 08:35:17,none,4,862,success,32,0.5815,0.2785,2,47.8,49.42,70.0,30.0,60.8,39.2
2026-05-31 08:35:46,none,4,863,success,34,0.4923,0.2629,2,47.86,49.36,70.0,30.0,60.8,39.2
2026-05-31 08:36:00,none,4,864,success,14,0.9938,0.3121,0,47.92,49.31,70.0,30.0,60.8,39.2
2026-05-31 08:36:15,none,4,865,success,16,0.729,0.2515,3,47.98,49.25,70.0,30.0,60.8,39.2
2026-05-31 08:36:22,none,4,866,success,6,1.0,0.1571,1,48.04,49.19,71.0,29.0,61.0,39.0
2026-05-31 08:36:30,none,4,867,success,8,0.6683,0.6032,0,48.1,49.13,71.0,29.0,61.2,38.8
2026-05-31 08:36:41,none,4,868,success,12,0.824,0.3468,0,48.16,49.08,72.0,28.0,61.4,38.6
2026-05-31 08:36:51,none,4,869,success,10,1.0,0.2558,4,48.22,49.02,72.0,28.0,61.6,38.4
2026-05-31 08:37:06,none,4,870,collision,-1,0.7105,0.12,7,48.16,49.08,71.0,29.0,61.4,38.6
2026-05-31 08:37:28,none,4,871,collision,-1,0.6443,0.1673,9,48.11,49.14,70.0,30.0,61.4,38.6
2026-05-31 08:37:46,none,4,872,collision,-1,0.9167,0.1431,3,48.05,49.2,70.0,30.0,61.2,38.8
2026-05-31 08:37:54,none,4,873,success,8,1.0,0.3405,0,48.11,49.14,70.0,30.0,61.2,38.8
2026-05-31 08:38:27,none,4,874,success,37,0.3505,0.2412,6,48.17,49.08,71.0,29.0,61.4,38.6
2026-05-31 08:38:35,none,4,875,success,7,0.8007,0.5507,0,48.23,49.03,71.0,29.0,61.4,38.6
2026-05-31 08:38:44,none,4,876,success,8,1.0,0.4135,0,48.29,48.97,71.0,29.0,61.4,38.6
2026-05-31 08:39:21,none,4,877,collision,-1,0.4688,0.1836,13,48.23,49.03,71.0,29.0,61.4,38.6
2026-05-31 08:39:26,none,4,878,success,4,1.0,0.7702,0,48.29,48.97,71.0,29.0,61.6,38.4
2026-05-31 08:39:42,none,4,879,success,16,0.6114,0.2767,2,48.35,48.92,72.0,28.0,61.6,38.4
2026-05-31 08:39:55,none,4,880,success,14,0.9883,0.4003,0,48.41,48.86,72.0,28.0,61.8,38.2
2026-05-31 08:40:08,none,4,881,success,12,0.9264,0.3434,0,48.47,48.81,72.0,28.0,62.0,38.0
2026-05-31 08:40:17,none,4,882,collision,-1,1.0,0.1883,1,48.41,48.87,72.0,28.0,61.8,38.2
2026-05-31 08:40:24,none,4,883,collision,-1,1.0,0.1974,1,48.36,48.92,71.0,29.0,61.6,38.4
2026-05-31 08:40:32,none,4,884,collision,-1,1.0,0.1661,3,48.3,48.98,70.0,30.0,61.4,38.6
2026-05-31 08:40:42,none,4,885,success,10,0.9688,0.2705,1,48.36,48.93,70.0,30.0,61.6,38.4
2026-05-31 08:40:51,none,4,886,success,8,0.9278,0.6524,0,48.42,48.87,70.0,30.0,61.8,38.2
2026-05-31 08:41:03,none,4,887,collision,-1,0.9368,0.1736,3,48.37,48.93,69.0,31.0,61.8,38.2
2026-05-31 08:41:17,none,4,888,success,14,0.301,0.4468,0,48.42,48.87,69.0,31.0,62.0,38.0
2026-05-31 08:41:34,none,4,889,collision,-1,0.923,0.1983,1,48.37,48.93,68.0,32.0,62.0,38.0
2026-05-31 08:41:50,none,4,890,collision,-1,0.843,0.1819,1,48.31,48.99,67.0,33.0,61.8,38.2
2026-05-31 08:42:04,none,4,891,success,14,0.9572,0.2575,4,48.37,48.93,67.0,33.0,61.8,38.2
2026-05-31 08:42:12,none,4,892,success,8,1.0,0.4194,0,48.43,48.88,67.0,33.0,61.8,38.2
2026-05-31 08:42:24,none,4,893,success,10,0.9717,0.2978,1,48.49,48.82,68.0,32.0,61.8,38.2
2026-05-31 08:42:30,none,4,894,collision,-1,1.0,0.1608,3,48.43,48.88,67.0,33.0,61.6,38.4
2026-05-31 08:42:41,none,4,895,success,10,1.0,0.3715,0,48.49,48.83,68.0,32.0,61.6,38.4
2026-05-31 08:42:46,none,4,896,success,4,1.0,0.4747,0,48.55,48.77,68.0,32.0,61.6,38.4
2026-05-31 08:42:54,none,4,897,success,8,1.0,0.2789,2,48.61,48.72,69.0,31.0,61.6,38.4
2026-05-31 08:42:59,none,4,898,success,4,0.9562,0.8156,0,48.66,48.66,69.0,31.0,61.8,38.2
2026-05-31 08:43:15,none,4,899,success,16,0.8655,0.2167,2,48.72,48.61,69.0,31.0,62.0,38.0
2026-05-31 08:43:27,none,4,900,success,12,0.9095,0.2649,2,48.78,48.56,69.0,31.0,62.0,38.0
2026-05-31 08:43:59,none,4,901,success,34,0.4014,0.2428,8,48.83,48.5,69.0,31.0,62.0,38.0
2026-05-31 08:44:15,none,4,902,collision,-1,0.8909,0.1534,5,48.78,48.56,68.0,32.0,61.8,38.2
2026-05-31 08:44:30,none,4,903,collision,-1,0.6831,0.182,2,48.73,48.62,67.0,33.0,61.8,38.2
2026-05-31 08:44:51,none,4,904,collision,-1,0.6056,0.12,7,48.67,48.67,66.0,34.0,61.6,38.4
2026-05-31 08:45:03,none,4,905,success,12,0.6514,0.6296,0,48.73,48.62,66.0,34.0,61.6,38.4
2026-05-31 08:45:13,none,4,906,success,10,1.0,0.2137,1,48.79,48.57,67.0,33.0,61.8,38.2
2026-05-31 08:45:21,none,4,907,collision,-1,1.0,0.1631,3,48.73,48.62,66.0,34.0,61.8,38.2
2026-05-31 08:45:28,none,4,908,success,6,0.6404,0.4183,0,48.79,48.57,66.0,34.0,62.0,38.0
2026-05-31 08:45:40,none,4,909,collision,-1,1.0,0.1757,3,48.73,48.62,65.0,35.0,61.8,38.2
2026-05-31 08:45:48,none,4,910,collision,-1,1.0,0.1361,1,48.68,48.68,65.0,35.0,61.8,38.2
2026-05-31 08:46:07,none,4,911,success,20,0.97,0.2848,2,48.74,48.63,65.0,35.0,62.0,38.0
2026-05-31 08:46:18,none,4,912,collision,-1,0.9706,0.1975,1,48.68,48.68,65.0,35.0,62.0,38.0
2026-05-31 08:46:33,none,4,913,success,16,0.5246,0.3009,0,48.74,48.63,65.0,35.0,62.2,37.8
2026-05-31 08:46:45,none,4,914,collision,-1,0.3174,0.167,1,48.69,48.69,64.0,36.0,62.2,37.8
2026-05-31 08:46:57,none,4,915,success,12,0.96,0.4008,0,48.74,48.63,65.0,35.0,62.4,37.6
2026-05-31 08:47:19,none,4,916,success,24,0.5083,0.2866,3,48.8,48.58,65.0,35.0,62.4,37.6
2026-05-31 08:47:40,none,4,917,collision,-1,1.0,0.1857,3,48.75,48.64,64.0,36.0,62.2,37.8
2026-05-31 08:47:51,none,4,918,success,12,0.8874,0.3704,0,48.8,48.58,65.0,35.0,62.2,37.8
2026-05-31 08:48:16,none,4,919,success,26,0.585,0.2613,2,48.86,48.53,66.0,34.0,62.2,37.8
2026-05-31 08:48:36,none,4,920,collision,-1,0.8756,0.1989,8,48.8,48.59,65.0,35.0,62.2,37.8
2026-05-31 08:48:59,none,4,921,success,23,0.8125,0.2225,1,48.86,48.53,66.0,34.0,62.4,37.6
2026-05-31 08:49:09,none,4,922,success,10,0.9696,0.4519,0,48.92,48.48,66.0,34.0,62.4,37.6
2026-05-31 08:49:16,none,4,923,success,6,1.0,0.7059,0,48.97,48.43,66.0,34.0,62.6,37.4
2026-05-31 08:49:42,none,4,924,success,28,0.5457,0.2631,2,49.03,48.38,66.0,34.0,62.6,37.4
2026-05-31 08:49:53,none,4,925,success,10,1.0,0.6612,0,49.08,48.32,67.0,33.0,62.6,37.4
2026-05-31 08:50:09,none,4,926,collision,-1,0.6659,0.12,4,49.03,48.38,66.0,34.0,62.4,37.6
2026-05-31 08:50:28,none,4,927,collision,-1,0.7427,0.1999,6,48.98,48.44,65.0,35.0,62.2,37.8
2026-05-31 08:50:35,none,4,928,collision,-1,1.0,0.1889,1,48.92,48.49,64.0,36.0,62.2,37.8
2026-05-31 08:50:51,none,4,929,success,16,0.7521,0.346,0,48.98,48.44,64.0,36.0,62.2,37.8
2026-05-31 08:50:59,none,4,930,collision,-1,1.0,0.1438,4,48.92,48.49,63.0,37.0,62.0,38.0
2026-05-31 08:51:10,none,4,931,success,10,0.5735,0.4554,0,48.98,48.44,63.0,37.0,62.0,38.0
2026-05-31 08:51:20,none,4,932,success,10,0.4047,0.45,0,49.03,48.39,63.0,37.0,62.0,38.0
2026-05-31 08:51:39,none,4,933,success,20,0.6443,0.2219,4,49.09,48.34,63.0,37.0,62.0,38.0
2026-05-31 08:51:58,none,4,934,success,20,0.7358,0.2534,4,49.14,48.29,63.0,37.0,62.0,38.0
2026-05-31 08:52:05,none,4,935,success,6,0.8631,0.382,0,49.2,48.24,63.0,37.0,62.2,37.8
2026-05-31 08:52:17,none,4,936,success,12,0.801,0.1455,1,49.25,48.18,64.0,36.0,62.2,37.8
2026-05-31 08:52:21,none,4,937,success,4,1.0,0.78,0,49.31,48.13,65.0,35.0,62.2,37.8
2026-05-31 08:52:37,none,4,938,collision,-1,0.8629,0.1871,3,49.25,48.19,64.0,36.0,62.2,37.8
2026-05-31 08:52:54,none,4,939,collision,-1,0.6533,0.199,7,49.2,48.24,63.0,37.0,62.0,38.0
2026-05-31 08:53:29,none,4,940,success,38,0.4358,0.2043,8,49.26,48.19,64.0,36.0,62.0,38.0
2026-05-31 08:53:39,none,4,941,success,10,0.9442,0.4796,0,49.31,48.14,65.0,35.0,62.2,37.8
2026-05-31 08:54:02,none,4,942,success,24,0.5512,0.3487,0,49.36,48.09,65.0,35.0,62.4,37.6
2026-05-31 08:54:09,none,4,943,success,6,0.8198,0.4856,0,49.42,48.04,66.0,34.0,62.6,37.4
2026-05-31 08:54:26,none,4,944,success,18,0.679,0.3419,0,49.47,47.99,66.0,34.0,62.6,37.4
2026-05-31 08:54:31,none,4,945,success,4,1.0,0.8082,0,49.52,47.94,66.0,34.0,62.8,37.2
2026-05-31 08:54:44,none,4,946,success,12,0.9748,0.2394,2,49.58,47.89,66.0,34.0,62.8,37.2
2026-05-31 08:55:05,none,4,947,success,23,0.5649,0.2812,5,49.63,47.84,67.0,33.0,63.0,37.0
2026-05-31 08:55:25,none,4,948,success,19,0.7164,0.4192,0,49.68,47.78,68.0,32.0,63.0,37.0
2026-05-31 08:55:29,none,4,949,success,4,1.0,0.7773,0,49.74,47.73,68.0,32.0,63.2,36.8
2026-05-31 08:55:49,none,4,950,success,20,0.67,0.3733,0,49.79,47.68,68.0,32.0,63.2,36.8
2026-05-31 08:55:58,none,4,951,success,8,0.7799,0.3844,0,49.84,47.63,69.0,31.0,63.2,36.8
2026-05-31 08:56:10,none,4,952,success,12,0.5777,0.6511,0,49.89,47.58,70.0,30.0,63.2,36.8
2026-05-31 08:56:23,none,4,953,collision,-1,0.9463,0.1569,1,49.84,47.64,69.0,31.0,63.2,36.8
2026-05-31 08:56:47,none,4,954,success,24,0.5087,0.2615,4,49.9,47.59,69.0,31.0,63.4,36.6
2026-05-31 08:56:55,none,4,955,success,8,1.0,0.5494,0,49.95,47.54,69.0,31.0,63.6,36.4
2026-05-31 08:57:08,none,4,956,success,12,0.8542,0.342,0,50.0,47.49,69.0,31.0,63.6,36.4
2026-05-31 08:57:24,none,4,957,collision,-1,0.9809,0.1601,5,49.95,47.54,69.0,31.0,63.4,36.6
2026-05-31 08:57:42,none,4,958,success,18,0.8025,0.3208,0,50.0,47.49,69.0,31.0,63.4,36.6
2026-05-31 08:57:56,none,4,959,collision,-1,1.0,0.1949,1,49.95,47.55,68.0,32.0,63.2,36.8
2026-05-31 08:58:06,none,4,960,success,10,0.9226,0.3271,0,50.0,47.5,69.0,31.0,63.2,36.8
2026-05-31 08:58:33,none,4,961,collision,-1,0.5319,0.1754,3,49.95,47.55,69.0,31.0,63.2,36.8
2026-05-31 08:59:02,none,4,962,collision,-1,0.6237,0.1278,7,49.9,47.61,68.0,32.0,63.0,37.0
2026-05-31 08:59:16,none,4,963,collision,-1,0.4131,0.1828,1,49.84,47.66,67.0,33.0,62.8,37.2
2026-05-31 08:59:37,none,4,964,success,22,0.648,0.2765,4,49.9,47.61,67.0,33.0,62.8,37.2
2026-05-31 09:00:09,none,4,965,collision,-1,0.3774,0.1733,5,49.84,47.67,66.0,34.0,62.6,37.4
2026-05-31 09:00:18,none,4,966,success,8,0.8569,0.2332,1,49.9,47.62,66.0,34.0,62.6,37.4
2026-05-31 09:00:29,none,4,967,collision,-1,1.0,0.1685,3,49.84,47.67,65.0,35.0,62.6,37.4
2026-05-31 09:00:43,none,4,968,success,14,0.7154,0.4693,0,49.9,47.62,65.0,35.0,62.6,37.4
2026-05-31 09:00:57,none,4,969,collision,-1,0.726,0.12,1,49.85,47.68,64.0,36.0,62.6,37.4
2026-05-31 09:01:11,none,4,970,collision,-1,0.9744,0.1435,1,49.79,47.73,64.0,36.0,62.4,37.6
2026-05-31 09:01:40,none,4,971,success,32,0.4623,0.2586,4,49.85,47.68,65.0,35.0,62.4,37.6
2026-05-31 09:02:01,none,4,972,success,22,0.2037,0.2362,2,49.9,47.63,66.0,34.0,62.6,37.4
2026-05-31 09:02:17,none,4,973,collision,-1,1.0,0.1759,3,49.85,47.69,65.0,35.0,62.6,37.4
2026-05-31 09:02:29,none,4,974,success,12,1.0,0.12,1,49.9,47.64,65.0,35.0,62.6,37.4
2026-05-31 09:02:46,none,4,975,success,16,0.862,0.264,1,49.95,47.59,65.0,35.0,62.6,37.4
2026-05-31 09:03:06,none,4,976,collision,-1,0.6106,0.12,1,49.9,47.64,64.0,36.0,62.4,37.6
2026-05-31 09:03:12,none,4,977,success,6,0.9006,0.5331,0,49.95,47.59,65.0,35.0,62.4,37.6
2026-05-31 09:03:23,none,4,978,success,10,1.0,0.3982,0,50.0,47.55,65.0,35.0,62.4,37.6
2026-05-31 09:03:31,none,4,979,success,8,1.0,0.4061,0,50.05,47.5,65.0,35.0,62.6,37.4
2026-05-31 09:03:50,none,4,980,success,18,0.6605,0.2725,2,50.1,47.45,65.0,35.0,62.8,37.2
2026-05-31 09:04:09,none,4,981,success,20,0.7524,0.209,2,50.15,47.4,65.0,35.0,62.8,37.2
2026-05-31 09:04:23,none,4,982,success,14,0.348,0.3248,0,50.2,47.35,66.0,34.0,62.8,37.2
2026-05-31 09:04:47,none,4,983,collision,-1,0.6955,0.1978,7,50.15,47.41,66.0,34.0,62.6,37.4
2026-05-31 09:04:59,none,4,984,success,11,0.996,0.3727,0,50.2,47.36,67.0,33.0,62.8,37.2
2026-05-31 09:05:07,none,4,985,success,8,1.0,0.4256,0,50.25,47.31,67.0,33.0,62.8,37.2
2026-05-31 09:05:27,none,4,986,collision,-1,1.0,0.12,1,50.2,47.36,66.0,34.0,62.8,37.2
2026-05-31 09:05:39,none,4,987,success,12,0.9821,0.2394,2,50.25,47.32,67.0,33.0,63.0,37.0
2026-05-31 09:05:56,none,4,988,success,8,1.0,0.5228,0,50.3,47.27,67.0,33.0,63.0,37.0
2026-05-31 09:06:10,none,4,989,success,14,0.5753,0.2998,1,50.35,47.22,68.0,32.0,63.2,36.8
2026-05-31 09:06:19,none,4,990,success,8,0.6905,0.5612,0,50.4,47.17,69.0,31.0,63.2,36.8
2026-05-31 09:06:30,none,4,991,success,10,0.7706,0.431,0,50.45,47.12,69.0,31.0,63.2,36.8
2026-05-31 09:06:40,none,4,992,success,10,0.7731,0.6641,0,50.5,47.08,69.0,31.0,63.2,36.8
2026-05-31 09:06:46,none,4,993,success,4,1.0,0.7089,0,50.55,47.03,69.0,31.0,63.4,36.6
2026-05-31 09:06:51,none,4,994,success,4,0.8876,0.5057,0,50.6,46.98,70.0,30.0,63.4,36.6
2026-05-31 09:07:05,none,4,995,success,14,0.7879,0.2851,1,50.65,46.93,70.0,30.0,63.6,36.4
2026-05-31 09:07:16,none,4,996,success,10,0.9765,0.2407,1,50.7,46.89,70.0,30.0,63.8,36.2
2026-05-31 09:07:24,none,4,997,success,6,0.8651,0.6875,0,50.75,46.84,70.0,30.0,64.0,36.0
2026-05-31 09:08:12,none,4,998,collision,-1,0.4115,0.1746,8,50.7,46.89,69.0,31.0,64.0,36.0
2026-05-31 09:08:23,none,4,999,collision,-1,1.0,0.1942,5,50.65,46.95,68.0,32.0,63.8,36.2
2026-05-31 09:09:11,none,4,1000,success,52,0.1577,0.215,9,50.7,46.9,68.0,32.0,64.0,36.0
2026-05-31 09:09:20,none,4,1001,success,8,0.9787,0.4315,0,50.75,46.85,68.0,32.0,64.0,36.0
2026-05-31 09:09:55,none,4,1002,success,36,0.5395,0.2934,1,50.8,46.81,69.0,31.0,64.0,36.0
2026-05-31 09:10:13,none,4,1003,collision,-1,0.7804,0.1846,3,50.75,46.86,69.0,31.0,63.8,36.2
2026-05-31 09:10:36,none,4,1004,success,24,0.2997,0.1577,3,50.8,46.81,70.0,30.0,63.8,36.2
2026-05-31 09:10:44,none,4,1005,success,6,0.9747,0.2525,2,50.85,46.77,70.0,30.0,64.0,36.0
2026-05-31 09:10:56,none,4,1006,success,12,0.9926,0.2361,4,50.89,46.72,70.0,30.0,64.0,36.0
2026-05-31 09:11:03,none,4,1007,success,6,0.8824,0.5582,0,50.94,46.67,71.0,29.0,64.0,36.0
2026-05-31 09:11:17,none,4,1008,success,14,0.3072,0.3038,0,50.99,46.63,71.0,29.0,64.0,36.0
2026-05-31 09:11:33,none,4,1009,success,16,0.7003,0.3512,0,51.04,46.58,72.0,28.0,64.0,36.0
2026-05-31 09:11:51,none,4,1010,success,18,0.8642,0.315,0,51.09,46.53,73.0,27.0,64.0,36.0
2026-05-31 09:11:56,none,4,1011,success,4,0.9418,0.5394,0,51.14,46.49,73.0,27.0,64.2,35.8
2026-05-31 09:12:09,none,4,1012,success,12,0.8867,0.3699,0,51.19,46.44,74.0,26.0,64.4,35.6
2026-05-31 09:12:14,none,4,1013,success,4,1.0,0.8208,0,51.23,46.4,74.0,26.0,64.4,35.6
2026-05-31 09:12:33,none,4,1014,success,20,0.9449,0.2613,2,51.28,46.35,75.0,25.0,64.4,35.6
2026-05-31 09:12:57,none,4,1015,collision,-1,0.546,0.1787,3,51.23,46.4,74.0,26.0,64.4,35.6
2026-05-31 09:13:45,none,4,1016,success,52,0.3018,0.2476,12,51.28,46.36,74.0,26.0,64.4,35.6
2026-05-31 09:13:59,none,4,1017,collision,-1,1.0,0.1663,1,51.23,46.41,74.0,26.0,64.2,35.8
2026-05-31 09:14:06,none,4,1018,success,6,1.0,0.5543,0,51.28,46.37,74.0,26.0,64.4,35.6
2026-05-31 09:14:34,none,4,1019,collision,-1,0.6264,0.1431,7,51.23,46.42,73.0,27.0,64.2,35.8
2026-05-31 09:14:43,none,4,1020,success,8,1.0,0.5971,0,51.27,46.37,74.0,26.0,64.2,35.8
2026-05-31 09:15:00,none,4,1021,success,18,0.9871,0.223,4,51.32,46.33,74.0,26.0,64.4,35.6
2026-05-31 09:15:27,none,4,1022,success,28,0.5867,0.2401,2,51.37,46.28,74.0,26.0,64.4,35.6
2026-05-31 09:15:36,none,4,1023,success,8,0.5739,0.303,0,51.42,46.24,74.0,26.0,64.4,35.6
2026-05-31 09:16:14,none,4,1024,success,38,0.5097,0.1552,9,51.46,46.19,74.0,26.0,64.4,35.6
2026-05-31 09:16:28,none,4,1025,success,14,0.754,0.4215,0,51.51,46.15,74.0,26.0,64.4,35.6
2026-05-31 09:16:48,none,4,1026,success,20,0.4382,0.3304,0,51.56,46.1,75.0,25.0,64.4,35.6
2026-05-31 09:17:07,none,4,1027,success,20,0.9624,0.3236,0,51.61,46.06,76.0,24.0,64.4,35.6
2026-05-31 09:17:25,none,4,1028,collision,-1,1.0,0.1703,1,51.56,46.11,76.0,24.0,64.2,35.8
2026-05-31 09:17:39,none,4,1029,collision,-1,0.9243,0.12,1,51.51,46.16,75.0,25.0,64.0,36.0
2026-05-31 09:17:49,none,4,1030,collision,-1,1.0,0.1878,3,51.46,46.21,75.0,25.0,63.8,36.2
2026-05-31 09:18:17,none,4,1031,success,30,0.4344,0.2421,4,51.5,46.17,75.0,25.0,64.0,36.0
2026-05-31 09:18:27,none,4,1032,success,11,1.0,0.2151,4,51.55,46.12,75.0,25.0,64.0,36.0
2026-05-31 09:19:01,none,4,1033,collision,-1,0.4986,0.1476,7,51.5,46.18,74.0,26.0,63.8,36.2
2026-05-31 09:19:08,none,4,1034,success,6,1.0,0.6702,0,51.55,46.13,74.0,26.0,64.0,36.0
2026-05-31 09:19:18,none,4,1035,collision,-1,1.0,0.1914,3,51.5,46.18,73.0,27.0,64.0,36.0
2026-05-31 09:19:42,none,4,1036,success,26,0.6192,0.2205,6,51.54,46.14,73.0,27.0,64.0,36.0
2026-05-31 09:19:52,none,4,1037,success,10,1.0,0.2852,3,51.59,46.09,73.0,27.0,64.0,36.0
2026-05-31 09:20:05,none,4,1038,success,12,0.3623,0.3706,0,51.64,46.05,74.0,26.0,64.2,35.8
2026-05-31 09:20:22,none,4,1039,success,18,0.7645,0.3034,0,51.68,46.01,75.0,25.0,64.4,35.6
2026-05-31 09:20:27,none,4,1040,success,4,1.0,0.6722,0,51.73,45.96,75.0,25.0,64.6,35.4
2026-05-31 09:20:44,none,4,1041,success,16,0.7292,0.3071,0,51.78,45.92,75.0,25.0,64.6,35.4
2026-05-31 09:21:04,none,4,1042,success,20,0.8235,0.3291,0,51.82,45.87,75.0,25.0,64.8,35.2
2026-05-31 09:21:15,none,4,1043,collision,-1,0.9198,0.1958,1,51.77,45.93,74.0,26.0,64.8,35.2
2026-05-31 09:21:45,none,4,1044,collision,-1,0.585,0.1273,9,51.72,45.98,73.0,27.0,64.6,35.4
2026-05-31 09:22:06,none,4,1045,success,22,0.5812,0.3352,0,51.77,45.93,73.0,27.0,64.8,35.2
2026-05-31 09:22:18,none,4,1046,success,12,1.0,0.2233,2,51.82,45.89,73.0,27.0,65.0,35.0
2026-05-31 09:22:28,none,4,1047,success,10,1.0,0.513,0,51.86,45.85,73.0,27.0,65.0,35.0
2026-05-31 09:22:33,none,4,1048,success,4,1.0,0.8621,0,51.91,45.8,73.0,27.0,65.0,35.0
2026-05-31 09:23:02,none,4,1049,collision,-1,0.3813,0.1765,7,51.86,45.85,72.0,28.0,64.8,35.2
2026-05-31 09:23:11,none,4,1050,success,8,0.7504,0.3429,0,51.9,45.81,72.0,28.0,64.8,35.2
2026-05-31 09:23:23,none,4,1051,success,12,0.3826,0.3545,0,51.95,45.77,72.0,28.0,64.8,35.2
2026-05-31 09:23:46,none,4,1052,success,24,0.7085,0.3518,0,52.0,45.72,72.0,28.0,64.8,35.2
2026-05-31 09:24:01,none,4,1053,collision,-1,1.0,0.1963,1,51.95,45.77,72.0,28.0,64.6,35.4
2026-05-31 09:24:25,none,4,1054,success,24,0.3876,0.2849,3,51.99,45.73,72.0,28.0,64.8,35.2
2026-05-31 09:24:37,none,4,1055,success,12,0.9316,0.405,0,52.04,45.69,72.0,28.0,64.8,35.2
2026-05-31 09:25:10,none,4,1056,success,34,0.3984,0.18,2,52.08,45.64,72.0,28.0,64.8,35.2
2026-05-31 09:25:36,none,4,1057,success,26,0.5862,0.2488,4,52.13,45.6,73.0,27.0,64.8,35.2
2026-05-31 09:25:52,none,4,1058,success,16,0.9233,0.2978,1,52.17,45.56,73.0,27.0,65.0,35.0
2026-05-31 09:25:59,none,4,1059,collision,-1,1.0,0.1883,1,52.12,45.61,73.0,27.0,65.0,35.0
2026-05-31 09:26:38,none,4,1060,collision,-1,0.402,0.12,1,52.08,45.66,72.0,28.0,64.8,35.2
2026-05-31 09:27:06,none,4,1061,success,28,0.5521,0.2974,1,52.12,45.62,73.0,27.0,64.8,35.2
2026-05-31 09:27:25,none,4,1062,success,20,0.2495,0.273,5,52.17,45.57,74.0,26.0,64.8,35.2
2026-05-31 09:27:45,none,4,1063,collision,-1,0.4099,0.12,3,52.12,45.63,74.0,26.0,64.6,35.4
2026-05-31 09:28:08,none,4,1064,success,22,0.6285,0.2019,4,52.16,45.58,74.0,26.0,64.8,35.2
2026-05-31 09:28:56,none,4,1065,success,52,0.2994,0.272,7,52.21,45.54,75.0,25.0,65.0,35.0
2026-05-31 09:29:12,none,4,1066,success,16,0.496,0.2678,4,52.25,45.5,75.0,25.0,65.0,35.0
2026-05-31 09:29:20,none,4,1067,success,8,0.9815,0.39,0,52.3,45.45,76.0,24.0,65.0,35.0
2026-05-31 09:29:44,none,4,1068,success,24,0.6951,0.3442,0,52.34,45.41,76.0,24.0,65.0,35.0
2026-05-31 09:29:55,none,4,1069,success,10,1.0,0.218,3,52.39,45.37,77.0,23.0,65.0,35.0
2026-05-31 09:30:13,none,4,1070,success,18,0.809,0.2029,2,52.43,45.33,78.0,22.0,65.2,34.8
2026-05-31 09:30:44,none,4,1071,collision,-1,0.4102,0.1424,2,52.38,45.38,77.0,23.0,65.0,35.0
2026-05-31 09:31:04,none,4,1072,collision,-1,0.2637,0.12,5,52.33,45.43,76.0,24.0,64.8,35.2
2026-05-31 09:31:09,none,4,1073,success,4,1.0,0.7733,0,52.38,45.39,77.0,23.0,64.8,35.2
2026-05-31 09:31:45,none,4,1074,collision,-1,0.3536,0.12,9,52.33,45.44,76.0,24.0,64.8,35.2
2026-05-31 09:31:52,none,4,1075,success,6,1.0,0.2737,1,52.37,45.4,76.0,24.0,65.0,35.0
2026-05-31 09:32:02,none,4,1076,success,10,0.9223,0.5249,0,52.42,45.35,77.0,23.0,65.0,35.0
2026-05-31 09:32:19,none,4,1077,collision,-1,0.7355,0.1775,3,52.37,45.4,76.0,24.0,64.8,35.2
2026-05-31 09:32:24,none,4,1078,success,4,1.0,0.7476,0,52.41,45.36,76.0,24.0,65.0,35.0
2026-05-31 09:34:01,none,4,1079,success,106,0.1406,0.2251,8,52.46,45.32,76.0,24.0,65.0,35.0
2026-05-31 09:34:23,none,4,1080,collision,-1,1.0,0.12,1,52.41,45.37,75.0,25.0,64.8,35.2
2026-05-31 09:34:50,none,4,1081,success,28,0.5479,0.2278,3,52.45,45.33,75.0,25.0,65.0,35.0
2026-05-31 09:35:00,none,4,1082,collision,-1,1.0,0.1672,3,52.4,45.38,74.0,26.0,65.0,35.0
2026-05-31 09:35:30,none,4,1083,success,32,0.7079,0.2382,3,52.45,45.34,75.0,25.0,65.2,34.8
2026-05-31 09:35:59,none,4,1084,success,30,0.6788,0.2129,2,52.49,45.3,75.0,25.0,65.2,34.8
2026-05-31 09:36:12,none,4,1085,success,12,1.0,0.307,0,52.53,45.25,75.0,25.0,65.2,34.8
2026-05-31 09:36:32,none,4,1086,collision,-1,0.8817,0.1971,2,52.49,45.3,75.0,25.0,65.0,35.0
2026-05-31 09:36:48,none,4,1087,collision,-1,1.0,0.1288,3,52.44,45.35,74.0,26.0,65.0,35.0
2026-05-31 09:37:20,none,4,1088,collision,-1,0.5287,0.12,2,52.39,45.4,73.0,27.0,64.8,35.2
2026-05-31 09:37:28,none,4,1089,collision,-1,0.6373,0.1944,1,52.34,45.45,72.0,28.0,64.6,35.4
2026-05-31 09:37:33,none,4,1090,success,4,1.0,0.7284,0,52.39,45.41,72.0,28.0,64.6,35.4
2026-05-31 09:37:48,none,4,1091,success,14,0.7494,0.3047,0,52.43,45.37,72.0,28.0,64.6,35.4
2026-05-31 09:37:54,none,4,1092,success,4,1.0,0.7518,0,52.47,45.33,72.0,28.0,64.6,35.4
2026-05-31 09:38:07,none,4,1093,collision,-1,0.9411,0.12,1,52.42,45.38,71.0,29.0,64.4,35.6
2026-05-31 09:38:22,none,4,1094,success,14,0.692,0.4491,0,52.47,45.34,71.0,29.0,64.6,35.4
2026-05-31 09:38:56,none,4,1095,success,34,0.4236,0.218,3,52.51,45.3,71.0,29.0,64.6,35.4
2026-05-31 09:39:16,none,4,1096,success,20,0.9116,0.1474,3,52.55,45.26,71.0,29.0,64.6,35.4
2026-05-31 09:39:25,none,4,1097,collision,-1,1.0,0.1955,5,52.51,45.31,70.0,30.0,64.6,35.4
2026-05-31 09:39:45,none,4,1098,success,20,0.8409,0.37,0,52.55,45.26,71.0,29.0,64.8,35.2
2026-05-31 09:39:53,none,4,1099,success,8,0.5504,0.5789,0,52.59,45.22,72.0,28.0,64.8,35.2
2026-05-31 09:40:08,none,4,1100,collision,-1,0.6925,0.12,3,52.55,45.27,71.0,29.0,64.6,35.4
2026-05-31 09:40:24,none,4,1101,collision,-1,0.7263,0.1676,1,52.5,45.32,70.0,30.0,64.4,35.6
2026-05-31 09:40:40,none,4,1102,success,16,0.8834,0.371,0,52.54,45.28,70.0,30.0,64.6,35.4
2026-05-31 09:40:53,none,4,1103,success,12,1.0,0.3265,0,52.58,45.24,71.0,29.0,64.8,35.2
2026-05-31 09:41:32,none,4,1104,success,40,0.3977,0.2407,4,52.63,45.2,71.0,29.0,65.0,35.0
2026-05-31 09:41:40,none,4,1105,success,8,0.7154,0.4502,0,52.67,45.16,71.0,29.0,65.0,35.0
2026-05-31 09:42:03,none,4,1106,collision,-1,0.4163,0.1919,8,52.62,45.21,70.0,30.0,64.8,35.2
2026-05-31 09:42:41,none,4,1107,success,39,0.5588,0.1856,5,52.66,45.17,70.0,30.0,65.0,35.0
2026-05-31 09:42:49,none,4,1108,success,6,0.8839,0.6205,0,52.71,45.13,70.0,30.0,65.2,34.8
2026-05-31 09:42:58,none,4,1109,collision,-1,1.0,0.1925,3,52.66,45.18,69.0,31.0,65.0,35.0
2026-05-31 09:43:05,none,4,1110,collision,-1,1.0,0.1547,1,52.61,45.23,68.0,32.0,65.0,35.0
2026-05-31 09:43:19,none,4,1111,success,14,0.8791,0.3445,0,52.66,45.18,68.0,32.0,65.0,35.0
2026-05-31 09:43:42,none,4,1112,success,22,0.1761,0.2469,2,52.7,45.14,68.0,32.0,65.2,34.8
2026-05-31 09:43:53,none,4,1113,success,10,1.0,0.3733,0,52.74,45.1,68.0,32.0,65.4,34.6
2026-05-31 09:44:15,none,4,1114,success,22,0.3615,0.3306,0,52.78,45.06,68.0,32.0,65.6,34.4
2026-05-31 09:44:23,none,4,1115,collision,-1,1.0,0.12,3,52.74,45.11,68.0,32.0,65.6,34.4
2026-05-31 09:44:36,none,4,1116,success,12,0.8959,0.3434,0,52.78,45.07,68.0,32.0,65.8,34.2
2026-05-31 09:44:50,none,4,1117,success,14,1.0,0.2021,1,52.82,45.03,69.0,31.0,65.8,34.2
2026-05-31 09:45:33,none,4,1118,success,44,0.3335,0.2161,10,52.86,44.99,69.0,31.0,65.8,34.2
2026-05-31 09:45:49,none,4,1119,success,16,0.7912,0.2105,1,52.9,44.95,70.0,30.0,66.0,34.0
2026-05-31 09:46:28,none,4,1120,collision,-1,0.3734,0.1958,7,52.86,45.0,69.0,31.0,65.8,34.2
2026-05-31 09:46:37,none,4,1121,success,8,0.6928,0.5142,0,52.9,44.96,69.0,31.0,65.8,34.2
2026-05-31 09:47:01,none,4,1122,success,24,0.679,0.2679,1,52.94,44.92,69.0,31.0,66.0,34.0
2026-05-31 09:47:17,none,4,1123,collision,-1,1.0,0.1631,1,52.89,44.97,68.0,32.0,65.8,34.2
2026-05-31 09:47:25,none,4,1124,collision,-1,1.0,0.1695,1,52.85,45.02,67.0,33.0,65.6,34.4
2026-05-31 09:47:34,none,4,1125,collision,-1,0.7911,0.12,3,52.8,45.07,66.0,34.0,65.4,34.6
2026-05-31 09:47:45,none,4,1126,success,10,0.3785,0.3173,0,52.84,45.03,66.0,34.0,65.4,34.6
2026-05-31 09:48:00,none,4,1127,collision,-1,0.8503,0.1997,2,52.8,45.08,65.0,35.0,65.4,34.6
2026-05-31 09:48:27,none,4,1128,success,25,0.6254,0.2073,4,52.84,45.04,66.0,34.0,65.6,34.4
2026-05-31 09:48:38,none,4,1129,collision,-1,1.0,0.12,3,52.79,45.08,66.0,34.0,65.4,34.6
2026-05-31 09:49:18,none,4,1130,success,38,0.3294,0.2273,5,52.83,45.04,67.0,33.0,65.6,34.4
2026-05-31 09:49:39,none,4,1131,collision,-1,0.5986,0.1982,9,52.79,45.09,66.0,34.0,65.6,34.4
2026-05-31 09:50:08,none,4,1132,collision,-1,0.3915,0.1649,2,52.74,45.14,65.0,35.0,65.4,34.6
2026-05-31 09:50:31,none,4,1133,success,24,0.7401,0.3132,0,52.78,45.1,66.0,34.0,65.6,34.4
2026-05-31 09:50:42,none,4,1134,success,10,0.5227,0.4425,0,52.82,45.06,66.0,34.0,65.8,34.2
2026-05-31 09:50:55,none,4,1135,success,12,1.0,0.3823,0,52.86,45.02,67.0,33.0,65.8,34.2
2026-05-31 09:51:06,none,4,1136,success,10,0.5875,0.4251,0,52.9,44.98,67.0,33.0,66.0,34.0
2026-05-31 09:51:34,none,4,1137,success,28,0.7024,0.2587,3,52.95,44.94,67.0,33.0,66.0,34.0
2026-05-31 09:52:01,none,4,1138,success,26,0.4865,0.2761,4,52.99,44.9,67.0,33.0,66.2,33.8
2026-05-31 09:52:13,none,4,1139,collision,-1,0.7731,0.1253,1,52.94,44.95,66.0,34.0,66.0,34.0
2026-05-31 09:52:49,none,4,1140,success,38,0.4303,0.2658,2,52.98,44.91,66.0,34.0,66.2,33.8
2026-05-31 09:53:06,none,4,1141,success,16,0.716,0.4148,0,53.02,44.87,66.0,34.0,66.2,33.8
2026-05-31 09:53:16,none,4,1142,collision,-1,1.0,0.1744,2,52.98,44.92,65.0,35.0,66.0,34.0
2026-05-31 09:53:21,none,4,1143,success,4,1.0,0.9131,0,53.02,44.88,66.0,34.0,66.0,34.0
2026-05-31 09:53:32,none,4,1144,success,10,1.0,0.2658,1,53.06,44.84,67.0,33.0,66.0,34.0
2026-05-31 09:53:50,none,4,1145,success,18,0.6185,0.3683,0,53.1,44.8,67.0,33.0,66.0,34.0
2026-05-31 09:54:03,none,4,1146,success,10,0.9205,0.3261,0,53.14,44.76,67.0,33.0,66.2,33.8
2026-05-31 09:54:15,none,4,1147,success,10,0.7656,0.3043,0,53.18,44.73,67.0,33.0,66.2,33.8
2026-05-31 09:54:25,none,4,1148,success,8,0.6523,0.4291,0,53.22,44.69,67.0,33.0,66.2,33.8
2026-05-31 09:54:30,none,4,1149,success,4,1.0,0.6629,0,53.26,44.65,68.0,32.0,66.4,33.6
2026-05-31 09:54:53,none,4,1150,success,24,0.8983,0.356,0,53.3,44.61,68.0,32.0,66.6,33.4
2026-05-31 09:55:14,none,4,1151,collision,-1,0.8346,0.12,3,53.26,44.66,67.0,33.0,66.6,33.4
2026-05-31 09:55:53,none,4,1152,success,36,0.1791,0.2819,3,53.3,44.62,67.0,33.0,66.6,33.4
2026-05-31 09:56:03,none,4,1153,collision,-1,1.0,0.1966,2,53.25,44.67,67.0,33.0,66.4,33.6
2026-05-31 09:56:17,none,4,1154,success,14,0.9613,0.343,0,53.29,44.63,67.0,33.0,66.6,33.4
2026-05-31 09:56:45,none,4,1155,success,25,0.5936,0.247,8,53.33,44.59,67.0,33.0,66.6,33.4
2026-05-31 09:57:10,none,4,1156,success,22,0.6015,0.2935,2,53.37,44.55,67.0,33.0,66.8,33.2
2026-05-31 09:57:25,none,4,1157,success,14,0.8065,0.219,5,53.41,44.51,67.0,33.0,66.8,33.2
2026-05-31 09:57:35,none,4,1158,collision,-1,1.0,0.1625,3,53.37,44.56,66.0,34.0,66.6,33.4
2026-05-31 09:57:48,none,4,1159,success,12,1.0,0.4201,0,53.41,44.52,67.0,33.0,66.6,33.4
2026-05-31 09:57:52,none,4,1160,success,2,1.0,0.8371,0,53.45,44.48,68.0,32.0,66.6,33.4
2026-05-31 09:58:12,none,4,1161,collision,-1,0.577,0.1794,9,53.4,44.53,67.0,33.0,66.6,33.4
2026-05-31 09:59:14,none,4,1162,collision,-1,0.2682,0.12,10,53.36,44.58,66.0,34.0,66.6,33.4
2026-05-31 09:59:27,none,4,1163,success,12,0.9133,0.5911,0,53.4,44.54,67.0,33.0,66.8,33.2
2026-05-31 09:59:39,none,4,1164,collision,-1,0.7968,0.1373,2,53.35,44.59,66.0,34.0,66.8,33.2
2026-05-31 10:00:05,none,4,1165,success,26,0.3028,0.2538,2,53.39,44.55,66.0,34.0,66.8,33.2
2026-05-31 10:00:12,none,4,1166,collision,-1,1.0,0.15,2,53.34,44.6,65.0,35.0,66.6,33.4
2026-05-31 10:00:24,none,4,1167,success,12,1.0,0.3033,0,53.38,44.56,65.0,35.0,66.6,33.4
2026-05-31 10:00:37,none,4,1168,success,12,0.9524,0.2243,4,53.42,44.52,65.0,35.0,66.8,33.2
2026-05-31 10:01:56,none,4,1169,collision,-1,0.2136,0.1538,5,53.38,44.57,64.0,36.0,66.6,33.4
2026-05-31 10:02:08,none,4,1170,success,10,0.7787,0.6109,0,53.42,44.53,64.0,36.0,66.6,33.4
2026-05-31 10:02:32,none,4,1171,collision,-1,0.6391,0.1681,3,53.37,44.58,64.0,36.0,66.6,33.4
2026-05-31 10:02:48,none,4,1172,success,14,0.8998,0.2573,5,53.41,44.54,65.0,35.0,66.6,33.4
2026-05-31 10:03:15,none,4,1173,collision,-1,0.2726,0.1469,5,53.37,44.59,64.0,36.0,66.4,33.6
2026-05-31 10:04:06,none,4,1174,collision,-1,0.234,0.149,13,53.32,44.63,64.0,36.0,66.2,33.8
2026-05-31 10:04:33,none,4,1175,success,26,0.1989,0.2475,6,53.36,44.6,64.0,36.0,66.2,33.8
2026-05-31 10:04:47,none,4,1176,collision,-1,1.0,0.12,1,53.32,44.64,63.0,37.0,66.0,34.0
2026-05-31 10:04:58,none,4,1177,success,10,1.0,0.5069,0,53.36,44.6,64.0,36.0,66.2,33.8
2026-05-31 10:05:12,none,4,1178,collision,-1,1.0,0.12,5,53.31,44.65,63.0,37.0,66.2,33.8
2026-05-31 10:05:21,none,4,1179,collision,-1,1.0,0.191,4,53.27,44.7,62.0,38.0,66.0,34.0
2026-05-31 10:05:39,none,4,1180,collision,-1,1.0,0.1772,2,53.22,44.75,62.0,38.0,66.0,34.0
2026-05-31 10:05:52,none,4,1181,success,11,0.6535,0.3318,0,53.26,44.71,62.0,38.0,66.0,34.0
2026-05-31 10:06:21,none,4,1182,success,28,0.1534,0.2616,3,53.3,44.67,63.0,37.0,66.2,33.8
2026-05-31 10:06:31,none,4,1183,collision,-1,1.0,0.12,3,53.25,44.72,62.0,38.0,66.2,33.8
2026-05-31 10:06:50,none,4,1184,success,18,0.6204,0.2689,1,53.29,44.68,62.0,38.0,66.4,33.6
2026-05-31 10:07:31,none,4,1185,success,40,0.314,0.26,2,53.33,44.64,62.0,38.0,66.6,33.4
2026-05-31 10:08:03,none,4,1186,success,30,0.4446,0.2571,1,53.37,44.6,63.0,37.0,66.6,33.4
2026-05-31 10:08:18,none,4,1187,success,14,0.7228,0.2391,1,53.41,44.57,64.0,36.0,66.6,33.4
2026-05-31 10:08:21,none,4,1188,success,3,1.0,0.8482,0,53.45,44.53,65.0,35.0,66.8,33.2
2026-05-31 10:08:39,none,4,1189,success,17,0.9001,0.3101,0,53.49,44.49,66.0,34.0,67.0,33.0
2026-05-31 10:09:10,none,4,1190,collision,-1,0.165,0.1561,1,53.45,44.54,65.0,35.0,67.0,33.0
2026-05-31 10:09:29,none,4,1191,success,18,0.7574,0.3532,0,53.48,44.5,65.0,35.0,67.2,32.8
2026-05-31 10:09:52,none,4,1192,collision,-1,0.8179,0.1914,5,53.44,44.55,64.0,36.0,67.0,33.0
2026-05-31 10:10:18,none,4,1193,collision,-1,0.7007,0.1914,3,53.39,44.59,64.0,36.0,66.8,33.2
2026-05-31 10:10:30,none,4,1194,collision,-1,1.0,0.1885,3,53.35,44.64,63.0,37.0,66.6,33.4
2026-05-31 10:11:17,none,4,1195,success,44,0.2752,0.2463,5,53.39,44.6,63.0,37.0,66.6,33.4
2026-05-31 10:11:33,none,4,1196,success,14,0.9098,0.3533,0,53.43,44.57,63.0,37.0,66.8,33.2
2026-05-31 10:11:52,none,4,1197,success,16,0.82,0.1434,1,53.47,44.53,64.0,36.0,66.8,33.2
2026-05-31 10:12:13,none,4,1198,collision,-1,0.8169,0.12,1,53.42,44.57,63.0,37.0,66.6,33.4
2026-05-31 10:12:31,none,4,1199,collision,-1,0.6028,0.1376,1,53.38,44.62,62.0,38.0,66.6,33.4
2026-05-31 10:13:25,none,4,1200,success,50,0.1667,0.2425,4,53.42,44.58,63.0,37.0,66.6,33.4
2026-05-31 10:13:35,none,4,1201,success,8,0.9749,0.4308,0,53.46,44.55,64.0,36.0,66.6,33.4
2026-05-31 10:13:53,none,4,1202,success,16,0.6132,0.1998,5,53.49,44.51,64.0,36.0,66.6,33.4
2026-05-31 10:14:17,none,4,1203,success,22,0.6752,0.3558,0,53.53,44.47,64.0,36.0,66.6,33.4
2026-05-31 10:15:47,none,4,1204,collision,-1,0.1685,0.12,3,53.49,44.52,63.0,37.0,66.4,33.6
2026-05-31 10:16:06,none,4,1205,success,18,0.5514,0.1793,1,53.53,44.48,63.0,37.0,66.4,33.6
2026-05-31 10:16:31,none,4,1206,success,22,0.6461,0.2292,6,53.57,44.44,64.0,36.0,66.4,33.6
2026-05-31 10:17:02,none,4,1207,success,28,0.2804,0.2284,2,53.6,44.41,64.0,36.0,66.4,33.6
2026-05-31 10:17:30,none,4,1208,success,26,0.4703,0.3049,0,53.64,44.37,64.0,36.0,66.4,33.6
2026-05-31 10:17:35,none,4,1209,success,4,0.8795,0.6028,0,53.68,44.33,65.0,35.0,66.4,33.6
2026-05-31 10:17:57,none,4,1210,success,22,0.7429,0.2544,4,53.72,44.3,66.0,34.0,66.6,33.4
2026-05-31 10:18:14,none,4,1211,success,16,0.9124,0.2053,3,53.76,44.26,66.0,34.0,66.6,33.4
2026-05-31 10:18:30,none,4,1212,success,16,0.8791,0.3379,0,53.8,44.22,66.0,34.0,66.6,33.4
2026-05-31 10:18:47,none,4,1213,success,16,0.7134,0.3496,0,53.83,44.19,66.0,34.0,66.8,33.2
2026-05-31 10:18:58,none,4,1214,collision,-1,0.5368,0.194,1,53.79,44.23,65.0,35.0,66.6,33.4
2026-05-31 10:19:16,none,4,1215,collision,-1,0.7453,0.12,3,53.74,44.28,65.0,35.0,66.6,33.4
2026-05-31 10:19:36,none,4,1216,success,18,0.6021,0.12,3,53.78,44.24,65.0,35.0,66.8,33.2
2026-05-31 10:19:52,none,4,1217,collision,-1,1.0,0.12,3,53.74,44.29,64.0,36.0,66.8,33.2
2026-05-31 10:20:04,none,4,1218,success,12,1.0,0.5024,0,53.78,44.25,64.0,36.0,67.0,33.0
2026-05-31 10:20:15,none,4,1219,success,10,1.0,0.3106,0,53.81,44.22,64.0,36.0,67.0,33.0
2026-05-31 10:20:34,none,4,1220,success,20,0.5569,0.2816,2,53.85,44.18,65.0,35.0,67.2,32.8
2026-05-31 10:21:04,none,4,1221,success,28,0.7878,0.2015,2,53.89,44.14,65.0,35.0,67.2,32.8
2026-05-31 10:21:14,none,4,1222,success,8,0.9677,0.2726,2,53.93,44.11,65.0,35.0,67.4,32.6
2026-05-31 10:21:38,none,4,1223,collision,-1,1.0,0.1689,10,53.88,44.15,65.0,35.0,67.4,32.6
2026-05-31 10:21:44,none,4,1224,success,4,1.0,0.6356,0,53.92,44.12,66.0,34.0,67.6,32.4
2026-05-31 10:22:03,none,4,1225,success,18,0.5876,0.3444,0,53.96,44.08,67.0,33.0,67.8,32.2
2026-05-31 10:22:09,none,4,1226,success,4,1.0,0.7966,0,54.0,44.05,67.0,33.0,67.8,32.2
2026-05-31 10:22:37,none,4,1227,success,26,0.4858,0.3511,0,54.03,44.01,68.0,32.0,67.8,32.2
2026-05-31 10:23:01,none,4,1228,collision,-1,0.876,0.1646,3,53.99,44.06,67.0,33.0,67.8,32.2
2026-05-31 10:23:37,none,4,1229,success,36,0.3615,0.2682,5,54.03,44.02,68.0,32.0,67.8,32.2
2026-05-31 10:23:54,none,4,1230,success,14,0.9203,0.3275,0,54.07,43.98,68.0,32.0,67.8,32.2
2026-05-31 10:24:06,none,4,1231,success,10,0.6654,0.4201,0,54.1,43.95,69.0,31.0,67.8,32.2
2026-05-31 10:24:19,none,4,1232,success,12,0.6965,0.3762,0,54.14,43.91,70.0,30.0,67.8,32.2
2026-05-31 10:24:24,none,4,1233,collision,-1,1.0,0.1664,1,54.1,43.96,69.0,31.0,67.8,32.2
2026-05-31 10:24:37,none,4,1234,collision,-1,0.5181,0.1258,5,54.05,44.0,68.0,32.0,67.6,32.4
2026-05-31 10:24:47,none,4,1235,success,9,1.0,0.2759,2,54.09,43.97,68.0,32.0,67.6,32.4
2026-05-31 10:25:01,none,4,1236,success,13,0.5582,0.634,0,54.13,43.93,68.0,32.0,67.6,32.4
2026-05-31 10:25:24,none,4,1237,success,22,0.8665,0.3812,0,54.16,43.9,68.0,32.0,67.8,32.2
2026-05-31 10:25:49,none,4,1238,collision,-1,0.8444,0.1985,7,54.12,43.94,67.0,33.0,67.8,32.2
2026-05-31 10:26:12,none,4,1239,success,22,0.6097,0.2345,2,54.16,43.91,68.0,32.0,67.8,32.2
2026-05-31 10:26:23,none,4,1240,success,10,0.8861,0.4038,0,54.19,43.87,68.0,32.0,67.8,32.2
2026-05-31 10:26:31,none,4,1241,success,6,0.7226,0.5416,0,54.23,43.84,68.0,32.0,67.8,32.2
2026-05-31 10:26:47,none,4,1242,success,16,0.7692,0.2757,1,54.27,43.8,69.0,31.0,68.0,32.0
2026-05-31 10:27:05,none,4,1243,success,18,0.809,0.2185,2,54.3,43.77,69.0,31.0,68.0,32.0
2026-05-31 10:27:23,none,4,1244,success,18,0.8773,0.2742,4,54.34,43.73,69.0,31.0,68.2,31.8
2026-05-31 10:27:51,none,4,1245,success,30,0.3774,0.2131,6,54.38,43.69,69.0,31.0,68.2,31.8
2026-05-31 10:27:56,none,4,1246,success,4,1.0,0.7694,0,54.41,43.66,69.0,31.0,68.4,31.6
2026-05-31 10:28:17,none,4,1247,success,20,0.7863,0.3544,0,54.45,43.62,69.0,31.0,68.6,31.4
2026-05-31 10:28:38,none,4,1248,success,20,0.3376,0.2486,2,54.49,43.59,69.0,31.0,68.8,31.2
2026-05-31 10:28:47,none,4,1249,success,8,0.9543,0.3524,0,54.52,43.55,69.0,31.0,69.0,31.0
2026-05-31 10:29:21,none,4,1250,success,32,0.5701,0.2775,2,54.56,43.52,69.0,31.0,69.0,31.0
2026-05-31 10:29:41,none,4,1251,success,20,0.7617,0.3247,0,54.6,43.49,70.0,30.0,69.2,30.8
2026-05-31 10:29:56,none,4,1252,success,14,0.8059,0.3358,0,54.63,43.45,70.0,30.0,69.4,30.6
2026-05-31 10:30:12,none,4,1253,success,16,0.7577,0.3167,0,54.67,43.42,71.0,29.0,69.6,30.4
2026-05-31 10:30:23,none,4,1254,success,10,0.8336,0.4183,0,54.7,43.38,71.0,29.0,69.6,30.4
2026-05-31 10:30:43,none,4,1255,success,18,0.7329,0.3009,0,54.74,43.35,71.0,29.0,69.8,30.2
2026-05-31 10:30:54,none,4,1256,success,10,0.91,0.2886,1,54.78,43.31,71.0,29.0,69.8,30.2
2026-05-31 10:31:07,none,4,1257,success,12,0.9073,0.2326,3,54.81,43.28,71.0,29.0,70.0,30.0
2026-05-31 10:31:16,none,4,1258,success,8,0.9184,0.6455,0,54.85,43.24,72.0,28.0,70.2,29.8
2026-05-31 10:31:46,none,4,1259,collision,-1,0.1702,0.148,1,54.81,43.29,71.0,29.0,70.0,30.0
2026-05-31 10:31:59,none,4,1260,success,12,0.751,0.2631,1,54.84,43.25,71.0,29.0,70.0,30.0
2026-05-31 10:32:28,none,4,1261,success,22,0.5577,0.3486,0,54.88,43.22,72.0,28.0,70.0,30.0
2026-05-31 10:32:43,none,4,1262,collision,-1,1.0,0.1956,5,54.83,43.26,72.0,28.0,70.0,30.0
2026-05-31 10:32:59,none,4,1263,success,17,0.3675,0.2027,6,54.87,43.23,72.0,28.0,70.0,30.0
2026-05-31 10:33:09,none,4,1264,success,9,0.4221,0.539,0,54.91,43.2,73.0,27.0,70.0,30.0
2026-05-31 10:33:51,none,4,1265,success,46,0.5206,0.2316,8,54.94,43.16,73.0,27.0,70.0,30.0
2026-05-31 10:34:23,none,4,1266,collision,-1,0.7895,0.1356,5,54.9,43.21,73.0,27.0,70.0,30.0
2026-05-31 10:34:35,none,4,1267,success,10,0.473,0.3573,0,54.93,43.17,73.0,27.0,70.0,30.0
2026-05-31 10:35:00,none,4,1268,success,24,0.6241,0.1262,1,54.97,43.14,73.0,27.0,70.2,29.8
2026-05-31 10:35:17,none,4,1269,success,16,0.8115,0.3409,0,55.0,43.1,74.0,26.0,70.2,29.8
2026-05-31 10:35:35,none,4,1270,success,17,0.452,0.4195,0,55.04,43.07,74.0,26.0,70.2,29.8
2026-05-31 10:35:47,none,4,1271,success,9,0.8709,0.662,0,55.07,43.04,75.0,25.0,70.2,29.8
2026-05-31 10:35:59,none,4,1272,collision,-1,1.0,0.1974,1,55.03,43.08,74.0,26.0,70.2,29.8
2026-05-31 10:36:10,none,4,1273,success,10,0.8366,0.2307,1,55.07,43.05,75.0,25.0,70.2,29.8
2026-05-31 10:36:23,none,4,1274,collision,-1,0.8176,0.1725,3,55.02,43.09,75.0,25.0,70.2,29.8
2026-05-31 10:36:36,none,4,1275,success,12,0.9229,0.227,2,55.06,43.06,75.0,25.0,70.2,29.8
2026-05-31 10:36:50,none,4,1276,success,12,0.9504,0.4136,0,55.09,43.03,76.0,24.0,70.2,29.8
2026-05-31 10:37:00,none,4,1277,success,8,0.9044,0.676,0,55.13,42.99,76.0,24.0,70.4,29.6
2026-05-31 10:37:20,none,4,1278,success,20,0.5905,0.314,0,55.16,42.96,77.0,23.0,70.4,29.6
2026-05-31 10:37:38,none,4,1279,success,16,0.9709,0.4451,0,55.2,42.92,78.0,22.0,70.6,29.4
2026-05-31 10:38:05,none,4,1280,success,26,0.429,0.2809,2,55.23,42.89,79.0,21.0,70.6,29.4
2026-05-31 10:38:17,none,4,1281,success,10,0.8715,0.2552,1,55.27,42.86,79.0,21.0,70.6,29.4
2026-05-31 10:38:32,none,4,1282,success,14,0.7907,0.2795,2,55.3,42.82,79.0,21.0,70.8,29.2
2026-05-31 10:38:42,none,4,1283,success,10,0.8412,0.425,0,55.34,42.79,80.0,20.0,70.8,29.2
2026-05-31 10:38:59,none,4,1284,success,16,0.5157,0.2783,2,55.37,42.76,80.0,20.0,70.8,29.2
2026-05-31 10:39:17,none,4,1285,success,16,0.6397,0.2745,3,55.41,42.72,80.0,20.0,70.8,29.2
2026-05-31 10:39:36,none,4,1286,success,18,0.847,0.3315,0,55.44,42.69,80.0,20.0,70.8,29.2
2026-05-31 10:39:47,none,4,1287,success,10,0.7071,0.5714,0,55.48,42.66,80.0,20.0,70.8,29.2
2026-05-31 10:40:00,none,4,1288,collision,-1,1.0,0.188,3,55.43,42.7,79.0,21.0,70.6,29.4
